STRUCTURE,STRUCTURE_ID,ACTION,FREQ:Frequency,REF_AREA:Reference area,VALUE:Value,UNIT_MEASURE:Unit of measure,TIME_PERIOD:Time period or range,OBS_VALUE:Observation Value,UNIT_MULT:Unit Multiplier,BREAKS:Breaks,COVERAGE:Coverage,TITLE_TS:Title (tseries level),OBS_STATUS:Observation Status,OBS_CONF:Observation confidentiality,OBS_PRE_BREAK:Pre-Break Observation
dataflow,BIS:WS_SPP(1.0): Selected residential property prices,I,Q: Quarterly,IN: India,R: Real,"628: Index, 2010 = 100",2009-Q1,88.9013,0: Units,,,,A: Normal value,F: Free,
dataflow,BIS:WS_SPP(1.0): Selected residential property prices,I,Q: Quarterly,IN: India,R: Real,"628: Index, 2010 = 100",2009-Q2,91.8104,0: Units,,,,A: Normal value,F: Free,
dataflow,BIS:WS_SPP(1.0): Selected residential property prices,I,Q: Quarterly,IN: India,R: Real,"628: Index, 2010 = 100",2009-Q3,93.1466,0: Units,,,,A: Normal value,F: Free,
dataflow,BIS:WS_SPP(1.0): Selected residential property prices,I,Q: Quarterly,IN: India,R: Real,"628: Index, 2010 = 100",2009-Q4,94.6526,0: Units,,,,A: Normal value,F: Free,
dataflow,BIS:WS_SPP(1.0): Selected residential property prices,I,Q: Quarterly,IN: India,R: Real,"628: Index, 2010 = 100",2010-Q1,96.2271,0: Units,,,,A: Normal value,F: Free,
dataflow,BIS:WS_SPP(1.0): Selected residential property prices,I,Q: Quarterly,IN: India,R: Real,"628: Index, 2010 = 100",2010-Q2,99.1165,0: Units,,,,A: Normal value,F: Free,
dataflow,BIS:WS_SPP(1.0): Selected residential property prices,I,Q: Quarterly,IN: India,R: Real,"628: Index, 2010 = 100",2010-Q3,103.5176,0: Units,,,,A: Normal value,F: Free,
dataflow,BIS:WS_SPP(1.0): Selected residential property prices,I,Q: Quarterly,IN: India,R: Real,"628: Index, 2010 = 100",2010-Q4,100.9531,0: Units,,,,A: Normal value,F: Free,
dataflow,BIS:WS_SPP(1.0): Selected residential property prices,I,Q: Quarterly,IN: India,R: Real,"628: Index, 2010 = 100",2011-Q1,104.84,0: Units,,,,A: Normal value,F: Free,
dataflow,BIS:WS_SPP(1.0): Selected residential property prices,I,Q: Quarterly,IN: India,R: Real,"628: Index, 2010 = 100",2011-Q2,111.0931,0: Units,,,,A: Normal value,F: Free,
dataflow,BIS:WS_SPP(1.0): Selected residential property prices,I,Q: Quarterly,IN: India,R: Real,"628: Index, 2010 = 100",2011-Q3,112.4555,0: Units,,,,A: Normal value,F: Free,
dataflow,BIS:WS_SPP(1.0): Selected residential property prices,I,Q: Quarterly,IN: India,R: Real,"628: Index, 2010 = 100",2011-Q4,116.5977,0: Units,,,,A: Normal value,F: Free,
dataflow,BIS:WS_SPP(1.0): Selected residential property prices,I,Q: Quarterly,IN: India,R: Real,"628: Index, 2010 = 100",2012-Q1,122.6886,0: Units,,,,A: Normal value,F: Free,
dataflow,BIS:WS_SPP(1.0): Selected residential property prices,I,Q: Quarterly,IN: India,R: Real,"628: Index, 2010 = 100",2012-Q2,126.9924,0: Units,,,,A: Normal value,F: Free,
dataflow,BIS:WS_SPP(1.0): Selected residential property prices,I,Q: Quarterly,IN: India,R: Real,"628: Index, 2010 = 100",2012-Q3,128.4417,0: Units,,,,A: Normal value,F: Free,
dataflow,BIS:WS_SPP(1.0): Selected residential property prices,I,Q: Quarterly,IN: India,R: Real,"628: Index, 2010 = 100",2012-Q4,135.9487,0: Units,,,,A: Normal value,F: Free,
dataflow,BIS:WS_SPP(1.0): Selected residential property prices,I,Q: Quarterly,IN: India,R: Real,"628: Index, 2010 = 100",2013-Q1,140.2135,0: Units,,,,A: Normal value,F: Free,
dataflow,BIS:WS_SPP(1.0): Selected residential property prices,I,Q: Quarterly,IN: India,R: Real,"628: Index, 2010 = 100",2013-Q2,138.5209,0: Units,,,,A: Normal value,F: Free,
dataflow,BIS:WS_SPP(1.0): Selected residential property prices,I,Q: Quarterly,IN: India,R: Real,"628: Index, 2010 = 100",2013-Q3,138.0677,0: Units,,,,A: Normal value,F: Free,
dataflow,BIS:WS_SPP(1.0): Selected residential property prices,I,Q: Quarterly,IN: India,R: Real,"628: Index, 2010 = 100",2013-Q4,137.5208,0: Units,,,,A: Normal value,F: Free,
dataflow,BIS:WS_SPP(1.0): Selected residential property prices,I,Q: Quarterly,IN: India,R: Real,"628: Index, 2010 = 100",2014-Q1,145.5673,0: Units,,,,A: Normal value,F: Free,
dataflow,BIS:WS_SPP(1.0): Selected residential property prices,I,Q: Quarterly,IN: India,R: Real,"628: Index, 2010 = 100",2014-Q2,148.8004,0: Units,,,,A: Normal value,F: Free,
dataflow,BIS:WS_SPP(1.0): Selected residential property prices,I,Q: Quarterly,IN: India,R: Real,"628: Index, 2010 = 100",2014-Q3,147.5988,0: Units,,,,A: Normal value,F: Free,
dataflow,BIS:WS_SPP(1.0): Selected residential property prices,I,Q: Quarterly,IN: India,R: Real,"628: Index, 2010 = 100",2014-Q4,154.4816,0: Units,,,,A: Normal value,F: Free,
dataflow,BIS:WS_SPP(1.0): Selected residential property prices,I,Q: Quarterly,IN: India,R: Real,"628: Index, 2010 = 100",2015-Q1,162.4629,0: Units,,,,A: Normal value,F: Free,
dataflow,BIS:WS_SPP(1.0): Selected residential property prices,I,Q: Quarterly,IN: India,R: Real,"628: Index, 2010 = 100",2015-Q2,162.1712,0: Units,,,,A: Normal value,F: Free,
dataflow,BIS:WS_SPP(1.0): Selected residential property prices,I,Q: Quarterly,IN: India,R: Real,"628: Index, 2010 = 100",2015-Q3,160.681,0: Units,,,,A: Normal value,F: Free,
dataflow,BIS:WS_SPP(1.0): Selected residential property prices,I,Q: Quarterly,IN: India,R: Real,"628: Index, 2010 = 100",2015-Q4,161.0488,0: Units,,,,A: Normal value,F: Free,
dataflow,BIS:WS_SPP(1.0): Selected residential property prices,I,Q: Quarterly,IN: India,R: Real,"628: Index, 2010 = 100",2016-Q1,159.3198,0: Units,,,,A: Normal value,F: Free,
dataflow,BIS:WS_SPP(1.0): Selected residential property prices,I,Q: Quarterly,IN: India,R: Real,"628: Index, 2010 = 100",2016-Q2,164.81,0: Units,,,,A: Normal value,F: Free,
dataflow,BIS:WS_SPP(1.0): Selected residential property prices,I,Q: Quarterly,IN: India,R: Real,"628: Index, 2010 = 100",2016-Q3,164.3757,0: Units,,,,A: Normal value,F: Free,
dataflow,BIS:WS_SPP(1.0): Selected residential property prices,I,Q: Quarterly,IN: India,R: Real,"628: Index, 2010 = 100",2016-Q4,168.1657,0: Units,,,,A: Normal value,F: Free,
dataflow,BIS:WS_SPP(1.0): Selected residential property prices,I,Q: Quarterly,IN: India,R: Real,"628: Index, 2010 = 100",2017-Q1,170.0027,0: Units,,,,A: Normal value,F: Free,
dataflow,BIS:WS_SPP(1.0): Selected residential property prices,I,Q: Quarterly,IN: India,R: Real,"628: Index, 2010 = 100",2017-Q2,175.1898,0: Units,,,,A: Normal value,F: Free,
dataflow,BIS:WS_SPP(1.0): Selected residential property prices,I,Q: Quarterly,IN: India,R: Real,"628: Index, 2010 = 100",2017-Q3,171.5682,0: Units,,,,A: Normal value,F: Free,
dataflow,BIS:WS_SPP(1.0): Selected residential property prices,I,Q: Quarterly,IN: India,R: Real,"628: Index, 2010 = 100",2017-Q4,172.367,0: Units,,,,A: Normal value,F: Free,
dataflow,BIS:WS_SPP(1.0): Selected residential property prices,I,Q: Quarterly,IN: India,R: Real,"628: Index, 2010 = 100",2018-Q1,173.4163,0: Units,,,,A: Normal value,F: Free,
dataflow,BIS:WS_SPP(1.0): Selected residential property prices,I,Q: Quarterly,IN: India,R: Real,"628: Index, 2010 = 100",2018-Q2,176.13,0: Units,,,,A: Normal value,F: Free,
dataflow,BIS:WS_SPP(1.0): Selected residential property prices,I,Q: Quarterly,IN: India,R: Real,"628: Index, 2010 = 100",2018-Q3,174.6793,0: Units,,,,A: Normal value,F: Free,
dataflow,BIS:WS_SPP(1.0): Selected residential property prices,I,Q: Quarterly,IN: India,R: Real,"628: Index, 2010 = 100",2018-Q4,176.6471,0: Units,,,,A: Normal value,F: Free,
dataflow,BIS:WS_SPP(1.0): Selected residential property prices,I,Q: Quarterly,IN: India,R: Real,"628: Index, 2010 = 100",2019-Q1,175.401,0: Units,,,,A: Normal value,F: Free,
dataflow,BIS:WS_SPP(1.0): Selected residential property prices,I,Q: Quarterly,IN: India,R: Real,"628: Index, 2010 = 100",2019-Q2,176.6823,0: Units,,,,A: Normal value,F: Free,
dataflow,BIS:WS_SPP(1.0): Selected residential property prices,I,Q: Quarterly,IN: India,R: Real,"628: Index, 2010 = 100",2019-Q3,174.1405,0: Units,,,,A: Normal value,F: Free,
dataflow,BIS:WS_SPP(1.0): Selected residential property prices,I,Q: Quarterly,IN: India,R: Real,"628: Index, 2010 = 100",2019-Q4,171.9146,0: Units,,,,A: Normal value,F: Free,
dataflow,BIS:WS_SPP(1.0): Selected residential property prices,I,Q: Quarterly,IN: India,R: Real,"628: Index, 2010 = 100",2020-Q1,170.8349,0: Units,,,,A: Normal value,F: Free,
dataflow,BIS:WS_SPP(1.0): Selected residential property prices,I,Q: Quarterly,IN: India,R: Real,"628: Index, 2010 = 100",2020-Q2,170.5077,0: Units,,,,A: Normal value,F: Free,
dataflow,BIS:WS_SPP(1.0): Selected residential property prices,I,Q: Quarterly,IN: India,R: Real,"628: Index, 2010 = 100",2020-Q3,164.7084,0: Units,,,,A: Normal value,F: Free,
dataflow,BIS:WS_SPP(1.0): Selected residential property prices,I,Q: Quarterly,IN: India,R: Real,"628: Index, 2010 = 100",2020-Q4,165.2078,0: Units,,,,A: Normal value,F: Free,
dataflow,BIS:WS_SPP(1.0): Selected residential property prices,I,Q: Quarterly,IN: India,R: Real,"628: Index, 2010 = 100",2021-Q1,167.2228,0: Units,,,,A: Normal value,F: Free,
dataflow,BIS:WS_SPP(1.0): Selected residential property prices,I,Q: Quarterly,IN: India,R: Real,"628: Index, 2010 = 100",2021-Q2,164.6467,0: Units,,,,A: Normal value,F: Free,
dataflow,BIS:WS_SPP(1.0): Selected residential property prices,I,Q: Quarterly,IN: India,R: Real,"628: Index, 2010 = 100",2021-Q3,160.5066,0: Units,,,,A: Normal value,F: Free,
dataflow,BIS:WS_SPP(1.0): Selected residential property prices,I,Q: Quarterly,IN: India,R: Real,"628: Index, 2010 = 100",2021-Q4,162.1969,0: Units,,,,A: Normal value,F: Free,
dataflow,BIS:WS_SPP(1.0): Selected residential property prices,I,Q: Quarterly,IN: India,R: Real,"628: Index, 2010 = 100",2022-Q1,160.0698,0: Units,,,,A: Normal value,F: Free,
dataflow,BIS:WS_SPP(1.0): Selected residential property prices,I,Q: Quarterly,IN: India,R: Real,"628: Index, 2010 = 100",2022-Q2,158.6761,0: Units,,,,A: Normal value,F: Free,
dataflow,BIS:WS_SPP(1.0): Selected residential property prices,I,Q: Quarterly,IN: India,R: Real,"628: Index, 2010 = 100",2022-Q3,159.9862,0: Units,,,,A: Normal value,F: Free,
dataflow,BIS:WS_SPP(1.0): Selected residential property prices,I,Q: Quarterly,IN: India,R: Real,"628: Index, 2010 = 100",2022-Q4,159.7076,0: Units,,,,A: Normal value,F: Free,
dataflow,BIS:WS_SPP(1.0): Selected residential property prices,I,Q: Quarterly,IN: India,R: Real,"628: Index, 2010 = 100",2023-Q1,157.2766,0: Units,,,,A: Normal value,F: Free,
dataflow,BIS:WS_SPP(1.0): Selected residential property prices,I,Q: Quarterly,IN: India,R: Real,"628: Index, 2010 = 100",2023-Q2,157.3215,0: Units,,,,A: Normal value,F: Free,
dataflow,BIS:WS_SPP(1.0): Selected residential property prices,I,Q: Quarterly,IN: India,R: Real,"628: Index, 2010 = 100",2023-Q3,154.2193,0: Units,,,,A: Normal value,F: Free,
dataflow,BIS:WS_SPP(1.0): Selected residential property prices,I,Q: Quarterly,IN: India,R: Real,"628: Index, 2010 = 100",2023-Q4,156.0796,0: Units,,,,A: Normal value,F: Free,
dataflow,BIS:WS_SPP(1.0): Selected residential property prices,I,Q: Quarterly,IN: India,R: Real,"628: Index, 2010 = 100",2024-Q1,160.0364,0: Units,,,,A: Normal value,F: Free,
dataflow,BIS:WS_SPP(1.0): Selected residential property prices,I,Q: Quarterly,IN: India,R: Real,"628: Index, 2010 = 100",2024-Q2,161.3389,0: Units,,,,A: Normal value,F: Free,
dataflow,BIS:WS_SPP(1.0): Selected residential property prices,I,Q: Quarterly,IN: India,R: Real,"628: Index, 2010 = 100",2024-Q3,158.2476,0: Units,,,,A: Normal value,F: Free,
dataflow,BIS:WS_SPP(1.0): Selected residential property prices,I,Q: Quarterly,IN: India,R: Real,"628: Index, 2010 = 100",2024-Q4,157.8829,0: Units,,,,A: Normal value,F: Free,
dataflow,BIS:WS_SPP(1.0): Selected residential property prices,I,Q: Quarterly,IN: India,R: Real,"628: Index, 2010 = 100",2025-Q1,160.2319,0: Units,,,,A: Normal value,F: Free,
dataflow,BIS:WS_SPP(1.0): Selected residential property prices,I,Q: Quarterly,IN: India,R: Real,"628: Index, 2010 = 100",2025-Q2,162.5233,0: Units,,,,A: Normal value,F: Free,
dataflow,BIS:WS_SPP(1.0): Selected residential property prices,I,Q: Quarterly,IN: India,R: Real,"628: Index, 2010 = 100",2025-Q3,161.1383,0: Units,,,,A: Normal value,F: Free,
dataflow,BIS:WS_SPP(1.0): Selected residential property prices,I,Q: Quarterly,IN: India,R: Real,"628: Index, 2010 = 100",2025-Q4,162.6108,0: Units,,,,A: Normal value,F: Free,
dataflow,BIS:WS_SPP(1.0): Selected residential property prices,I,Q: Quarterly,IN: India,R: Real,"628: Index, 2010 = 100",2026-Q1,161.9391,0: Units,,,,A: Normal value,F: Free,
dataflow,BIS:WS_SPP(1.0): Selected residential property prices,I,Q: Quarterly,DE: Germany,N: Nominal,"771: Year-on-year changes, in per cent",1971-Q1,10.3448,0: Units,,,,A: Normal value,F: Free,
dataflow,BIS:WS_SPP(1.0): Selected residential property prices,I,Q: Quarterly,DE: Germany,N: Nominal,"771: Year-on-year changes, in per cent",1971-Q2,10.6599,0: Units,,,,A: Normal value,F: Free,
dataflow,BIS:WS_SPP(1.0): Selected residential property prices,I,Q: Quarterly,DE: Germany,N: Nominal,"771: Year-on-year changes, in per cent",1971-Q3,11.0553,0: Units,,,,A: Normal value,F: Free,
dataflow,BIS:WS_SPP(1.0): Selected residential property prices,I,Q: Quarterly,DE: Germany,N: Nominal,"771: Year-on-year changes, in per cent",1971-Q4,9.9256,0: Units,,,,A: Normal value,F: Free,
dataflow,BIS:WS_SPP(1.0): Selected residential property prices,I,Q: Quarterly,DE: Germany,N: Nominal,"771: Year-on-year changes, in per cent",1972-Q1,8.6538,0: Units,,,,A: Normal value,F: Free,
dataflow,BIS:WS_SPP(1.0): Selected residential property prices,I,Q: Quarterly,DE: Germany,N: Nominal,"771: Year-on-year changes, in per cent",1972-Q2,6.1927,0: Units,,,,A: Normal value,F: Free,
dataflow,BIS:WS_SPP(1.0): Selected residential property prices,I,Q: Quarterly,DE: Germany,N: Nominal,"771: Year-on-year changes, in per cent",1972-Q3,5.8824,0: Units,,,,A: Normal value,F: Free,
dataflow,BIS:WS_SPP(1.0): Selected residential property prices,I,Q: Quarterly,DE: Germany,N: Nominal,"771: Year-on-year changes, in per cent",1972-Q4,6.3205,0: Units,,,,A: Normal value,F: Free,
dataflow,BIS:WS_SPP(1.0): Selected residential property prices,I,Q: Quarterly,DE: Germany,N: Nominal,"771: Year-on-year changes, in per cent",1973-Q1,5.7522,0: Units,,,,A: Normal value,F: Free,
dataflow,BIS:WS_SPP(1.0): Selected residential property prices,I,Q: Quarterly,DE: Germany,N: Nominal,"771: Year-on-year changes, in per cent",1973-Q2,7.9914,0: Units,,,,A: Normal value,F: Free,
dataflow,BIS:WS_SPP(1.0): Selected residential property prices,I,Q: Quarterly,DE: Germany,N: Nominal,"771: Year-on-year changes, in per cent",1973-Q3,7.906,0: Units,,,,A: Normal value,F: Free,
dataflow,BIS:WS_SPP(1.0): Selected residential property prices,I,Q: Quarterly,DE: Germany,N: Nominal,"771: Year-on-year changes, in per cent",1973-Q4,7.2187,0: Units,,,,A: Normal value,F: Free,
dataflow,BIS:WS_SPP(1.0): Selected residential property prices,I,Q: Quarterly,DE: Germany,N: Nominal,"771: Year-on-year changes, in per cent",1974-Q1,7.9498,0: Units,,,,A: Normal value,F: Free,
dataflow,BIS:WS_SPP(1.0): Selected residential property prices,I,Q: Quarterly,DE: Germany,N: Nominal,"771: Year-on-year changes, in per cent",1974-Q2,7.4,0: Units,,,,A: Normal value,F: Free,
dataflow,BIS:WS_SPP(1.0): Selected residential property prices,I,Q: Quarterly,DE: Germany,N: Nominal,"771: Year-on-year changes, in per cent",1974-Q3,7.3267,0: Units,,,,A: Normal value,F: Free,
dataflow,BIS:WS_SPP(1.0): Selected residential property prices,I,Q: Quarterly,DE: Germany,N: Nominal,"771: Year-on-year changes, in per cent",1974-Q4,6.7327,0: Units,,,,A: Normal value,F: Free,
dataflow,BIS:WS_SPP(1.0): Selected residential property prices,I,Q: Quarterly,DE: Germany,N: Nominal,"771: Year-on-year changes, in per cent",1975-Q1,4.7058,0: Units,,,,A: Normal value,F: Free,
dataflow,BIS:WS_SPP(1.0): Selected residential property prices,I,Q: Quarterly,DE: Germany,N: Nominal,"771: Year-on-year changes, in per cent",1975-Q2,2.09,0: Units,,,,A: Normal value,F: Free,
dataflow,BIS:WS_SPP(1.0): Selected residential property prices,I,Q: Quarterly,DE: Germany,N: Nominal,"771: Year-on-year changes, in per cent",1975-Q3,1.1832,0: Units,,,,A: Normal value,F: Free,
dataflow,BIS:WS_SPP(1.0): Selected residential property prices,I,Q: Quarterly,DE: Germany,N: Nominal,"771: Year-on-year changes, in per cent",1975-Q4,1.5044,0: Units,,,,A: Normal value,F: Free,
dataflow,BIS:WS_SPP(1.0): Selected residential property prices,I,Q: Quarterly,DE: Germany,N: Nominal,"771: Year-on-year changes, in per cent",1976-Q1,1.4944,0: Units,,,,A: Normal value,F: Free,
dataflow,BIS:WS_SPP(1.0): Selected residential property prices,I,Q: Quarterly,DE: Germany,N: Nominal,"771: Year-on-year changes, in per cent",1976-Q2,1.6453,0: Units,,,,A: Normal value,F: Free,
dataflow,BIS:WS_SPP(1.0): Selected residential property prices,I,Q: Quarterly,DE: Germany,N: Nominal,"771: Year-on-year changes, in per cent",1976-Q3,2.1352,0: Units,,,,A: Normal value,F: Free,
dataflow,BIS:WS_SPP(1.0): Selected residential property prices,I,Q: Quarterly,DE: Germany,N: Nominal,"771: Year-on-year changes, in per cent",1976-Q4,3.9231,0: Units,,,,A: Normal value,F: Free,
dataflow,BIS:WS_SPP(1.0): Selected residential property prices,I,Q: Quarterly,DE: Germany,N: Nominal,"771: Year-on-year changes, in per cent",1977-Q1,4.5226,0: Units,,,,A: Normal value,F: Free,
dataflow,BIS:WS_SPP(1.0): Selected residential property prices,I,Q: Quarterly,DE: Germany,N: Nominal,"771: Year-on-year changes, in per cent",1977-Q2,5.2717,0: Units,,,,A: Normal value,F: Free,
dataflow,BIS:WS_SPP(1.0): Selected residential property prices,I,Q: Quarterly,DE: Germany,N: Nominal,"771: Year-on-year changes, in per cent",1977-Q3,6.2528,0: Units,,,,A: Normal value,F: Free,
dataflow,BIS:WS_SPP(1.0): Selected residential property prices,I,Q: Quarterly,DE: Germany,N: Nominal,"771: Year-on-year changes, in per cent",1977-Q4,5.7495,0: Units,,,,A: Normal value,F: Free,
dataflow,BIS:WS_SPP(1.0): Selected residential property prices,I,Q: Quarterly,DE: Germany,N: Nominal,"771: Year-on-year changes, in per cent",1978-Q1,6.8496,0: Units,,,,A: Normal value,F: Free,
dataflow,BIS:WS_SPP(1.0): Selected residential property prices,I,Q: Quarterly,DE: Germany,N: Nominal,"771: Year-on-year changes, in per cent",1978-Q2,6.9446,0: Units,,,,A: Normal value,F: Free,
dataflow,BIS:WS_SPP(1.0): Selected residential property prices,I,Q: Quarterly,DE: Germany,N: Nominal,"771: Year-on-year changes, in per cent",1978-Q3,7.4672,0: Units,,,,A: Normal value,F: Free,
dataflow,BIS:WS_SPP(1.0): Selected residential property prices,I,Q: Quarterly,DE: Germany,N: Nominal,"771: Year-on-year changes, in per cent",1978-Q4,7.9639,0: Units,,,,A: Normal value,F: Free,
dataflow,BIS:WS_SPP(1.0): Selected residential property prices,I,Q: Quarterly,DE: Germany,N: Nominal,"771: Year-on-year changes, in per cent",1979-Q1,8.1696,0: Units,,,,A: Normal value,F: Free,
dataflow,BIS:WS_SPP(1.0): Selected residential property prices,I,Q: Quarterly,DE: Germany,N: Nominal,"771: Year-on-year changes, in per cent",1979-Q2,9.7349,0: Units,,,,A: Normal value,F: Free,
dataflow,BIS:WS_SPP(1.0): Selected residential property prices,I,Q: Quarterly,DE: Germany,N: Nominal,"771: Year-on-year changes, in per cent",1979-Q3,9.7091,0: Units,,,,A: Normal value,F: Free,
dataflow,BIS:WS_SPP(1.0): Selected residential property prices,I,Q: Quarterly,DE: Germany,N: Nominal,"771: Year-on-year changes, in per cent",1979-Q4,8.7165,0: Units,,,,A: Normal value,F: Free,
dataflow,BIS:WS_SPP(1.0): Selected residential property prices,I,Q: Quarterly,DE: Germany,N: Nominal,"771: Year-on-year changes, in per cent",1980-Q1,8.4893,0: Units,,,,A: Normal value,F: Free,
dataflow,BIS:WS_SPP(1.0): Selected residential property prices,I,Q: Quarterly,DE: Germany,N: Nominal,"771: Year-on-year changes, in per cent",1980-Q2,7.0162,0: Units,,,,A: Normal value,F: Free,
dataflow,BIS:WS_SPP(1.0): Selected residential property prices,I,Q: Quarterly,DE: Germany,N: Nominal,"771: Year-on-year changes, in per cent",1980-Q3,6.2784,0: Units,,,,A: Normal value,F: Free,
dataflow,BIS:WS_SPP(1.0): Selected residential property prices,I,Q: Quarterly,DE: Germany,N: Nominal,"771: Year-on-year changes, in per cent",1980-Q4,7.498,0: Units,,,,A: Normal value,F: Free,
dataflow,BIS:WS_SPP(1.0): Selected residential property prices,I,Q: Quarterly,DE: Germany,N: Nominal,"771: Year-on-year changes, in per cent",1981-Q1,7.3425,0: Units,,,,A: Normal value,F: Free,
dataflow,BIS:WS_SPP(1.0): Selected residential property prices,I,Q: Quarterly,DE: Germany,N: Nominal,"771: Year-on-year changes, in per cent",1981-Q2,7.9987,0: Units,,,,A: Normal value,F: Free,
dataflow,BIS:WS_SPP(1.0): Selected residential property prices,I,Q: Quarterly,DE: Germany,N: Nominal,"771: Year-on-year changes, in per cent",1981-Q3,7.5864,0: Units,,,,A: Normal value,F: Free,
dataflow,BIS:WS_SPP(1.0): Selected residential property prices,I,Q: Quarterly,DE: Germany,N: Nominal,"771: Year-on-year changes, in per cent",1981-Q4,5.2644,0: Units,,,,A: Normal value,F: Free,
dataflow,BIS:WS_SPP(1.0): Selected residential property prices,I,Q: Quarterly,DE: Germany,N: Nominal,"771: Year-on-year changes, in per cent",1982-Q1,3.6978,0: Units,,,,A: Normal value,F: Free,
dataflow,BIS:WS_SPP(1.0): Selected residential property prices,I,Q: Quarterly,DE: Germany,N: Nominal,"771: Year-on-year changes, in per cent",1982-Q2,0.561,0: Units,,,,A: Normal value,F: Free,
dataflow,BIS:WS_SPP(1.0): Selected residential property prices,I,Q: Quarterly,DE: Germany,N: Nominal,"771: Year-on-year changes, in per cent",1982-Q3,-0.2516,0: Units,,,,A: Normal value,F: Free,
dataflow,BIS:WS_SPP(1.0): Selected residential property prices,I,Q: Quarterly,DE: Germany,N: Nominal,"771: Year-on-year changes, in per cent",1982-Q4,-0.2253,0: Units,,,,A: Normal value,F: Free,
dataflow,BIS:WS_SPP(1.0): Selected residential property prices,I,Q: Quarterly,DE: Germany,N: Nominal,"771: Year-on-year changes, in per cent",1983-Q1,-0.36,0: Units,,,,A: Normal value,F: Free,
dataflow,BIS:WS_SPP(1.0): Selected residential property prices,I,Q: Quarterly,DE: Germany,N: Nominal,"771: Year-on-year changes, in per cent",1983-Q2,0.4572,0: Units,,,,A: Normal value,F: Free,
dataflow,BIS:WS_SPP(1.0): Selected residential property prices,I,Q: Quarterly,DE: Germany,N: Nominal,"771: Year-on-year changes, in per cent",1983-Q3,0.6023,0: Units,,,,A: Normal value,F: Free,
dataflow,BIS:WS_SPP(1.0): Selected residential property prices,I,Q: Quarterly,DE: Germany,N: Nominal,"771: Year-on-year changes, in per cent",1983-Q4,0.1889,0: Units,,,,A: Normal value,F: Free,
dataflow,BIS:WS_SPP(1.0): Selected residential property prices,I,Q: Quarterly,DE: Germany,N: Nominal,"771: Year-on-year changes, in per cent",1984-Q1,-0.8606,0: Units,,,,A: Normal value,F: Free,
dataflow,BIS:WS_SPP(1.0): Selected residential property prices,I,Q: Quarterly,DE: Germany,N: Nominal,"771: Year-on-year changes, in per cent",1984-Q2,-2.0468,0: Units,,,,A: Normal value,F: Free,
dataflow,BIS:WS_SPP(1.0): Selected residential property prices,I,Q: Quarterly,DE: Germany,N: Nominal,"771: Year-on-year changes, in per cent",1984-Q3,-2.7702,0: Units,,,,A: Normal value,F: Free,
dataflow,BIS:WS_SPP(1.0): Selected residential property prices,I,Q: Quarterly,DE: Germany,N: Nominal,"771: Year-on-year changes, in per cent",1984-Q4,-2.3683,0: Units,,,,A: Normal value,F: Free,
dataflow,BIS:WS_SPP(1.0): Selected residential property prices,I,Q: Quarterly,DE: Germany,N: Nominal,"771: Year-on-year changes, in per cent",1985-Q1,-1.6438,0: Units,,,,A: Normal value,F: Free,
dataflow,BIS:WS_SPP(1.0): Selected residential property prices,I,Q: Quarterly,DE: Germany,N: Nominal,"771: Year-on-year changes, in per cent",1985-Q2,-1.7113,0: Units,,,,A: Normal value,F: Free,
dataflow,BIS:WS_SPP(1.0): Selected residential property prices,I,Q: Quarterly,DE: Germany,N: Nominal,"771: Year-on-year changes, in per cent",1985-Q3,-0.8124,0: Units,,,,A: Normal value,F: Free,
dataflow,BIS:WS_SPP(1.0): Selected residential property prices,I,Q: Quarterly,DE: Germany,N: Nominal,"771: Year-on-year changes, in per cent",1985-Q4,-0.4078,0: Units,,,,A: Normal value,F: Free,
dataflow,BIS:WS_SPP(1.0): Selected residential property prices,I,Q: Quarterly,DE: Germany,N: Nominal,"771: Year-on-year changes, in per cent",1986-Q1,-0.166,0: Units,,,,A: Normal value,F: Free,
dataflow,BIS:WS_SPP(1.0): Selected residential property prices,I,Q: Quarterly,DE: Germany,N: Nominal,"771: Year-on-year changes, in per cent",1986-Q2,0.8979,0: Units,,,,A: Normal value,F: Free,
dataflow,BIS:WS_SPP(1.0): Selected residential property prices,I,Q: Quarterly,DE: Germany,N: Nominal,"771: Year-on-year changes, in per cent",1986-Q3,0.3597,0: Units,,,,A: Normal value,F: Free,
dataflow,BIS:WS_SPP(1.0): Selected residential property prices,I,Q: Quarterly,DE: Germany,N: Nominal,"771: Year-on-year changes, in per cent",1986-Q4,-0.1646,0: Units,,,,A: Normal value,F: Free,
dataflow,BIS:WS_SPP(1.0): Selected residential property prices,I,Q: Quarterly,DE: Germany,N: Nominal,"771: Year-on-year changes, in per cent",1987-Q1,-0.518,0: Units,,,,A: Normal value,F: Free,
dataflow,BIS:WS_SPP(1.0): Selected residential property prices,I,Q: Quarterly,DE: Germany,N: Nominal,"771: Year-on-year changes, in per cent",1987-Q2,-1.1881,0: Units,,,,A: Normal value,F: Free,
dataflow,BIS:WS_SPP(1.0): Selected residential property prices,I,Q: Quarterly,DE: Germany,N: Nominal,"771: Year-on-year changes, in per cent",1987-Q3,-0.961,0: Units,,,,A: Normal value,F: Free,
dataflow,BIS:WS_SPP(1.0): Selected residential property prices,I,Q: Quarterly,DE: Germany,N: Nominal,"771: Year-on-year changes, in per cent",1987-Q4,-0.1009,0: Units,,,,A: Normal value,F: Free,
dataflow,BIS:WS_SPP(1.0): Selected residential property prices,I,Q: Quarterly,DE: Germany,N: Nominal,"771: Year-on-year changes, in per cent",1988-Q1,0.4294,0: Units,,,,A: Normal value,F: Free,
dataflow,BIS:WS_SPP(1.0): Selected residential property prices,I,Q: Quarterly,DE: Germany,N: Nominal,"771: Year-on-year changes, in per cent",1988-Q2,1.6155,0: Units,,,,A: Normal value,F: Free,
dataflow,BIS:WS_SPP(1.0): Selected residential property prices,I,Q: Quarterly,DE: Germany,N: Nominal,"771: Year-on-year changes, in per cent",1988-Q3,2.31,0: Units,,,,A: Normal value,F: Free,
dataflow,BIS:WS_SPP(1.0): Selected residential property prices,I,Q: Quarterly,DE: Germany,N: Nominal,"771: Year-on-year changes, in per cent",1988-Q4,2.1428,0: Units,,,,A: Normal value,F: Free,
dataflow,BIS:WS_SPP(1.0): Selected residential property prices,I,Q: Quarterly,DE: Germany,N: Nominal,"771: Year-on-year changes, in per cent",1989-Q1,2.637,0: Units,,,,A: Normal value,F: Free,
dataflow,BIS:WS_SPP(1.0): Selected residential property prices,I,Q: Quarterly,DE: Germany,N: Nominal,"771: Year-on-year changes, in per cent",1989-Q2,2.4513,0: Units,,,,A: Normal value,F: Free,
dataflow,BIS:WS_SPP(1.0): Selected residential property prices,I,Q: Quarterly,DE: Germany,N: Nominal,"771: Year-on-year changes, in per cent",1989-Q3,3.0881,0: Units,,,,A: Normal value,F: Free,
dataflow,BIS:WS_SPP(1.0): Selected residential property prices,I,Q: Quarterly,DE: Germany,N: Nominal,"771: Year-on-year changes, in per cent",1989-Q4,4.5867,0: Units,,,,A: Normal value,F: Free,
dataflow,BIS:WS_SPP(1.0): Selected residential property prices,I,Q: Quarterly,DE: Germany,N: Nominal,"771: Year-on-year changes, in per cent",1990-Q1,6.8386,0: Units,,,,A: Normal value,F: Free,
dataflow,BIS:WS_SPP(1.0): Selected residential property prices,I,Q: Quarterly,DE: Germany,N: Nominal,"771: Year-on-year changes, in per cent",1990-Q2,8.8691,0: Units,,,,A: Normal value,F: Free,
dataflow,BIS:WS_SPP(1.0): Selected residential property prices,I,Q: Quarterly,DE: Germany,N: Nominal,"771: Year-on-year changes, in per cent",1990-Q3,8.7998,0: Units,,,,A: Normal value,F: Free,
dataflow,BIS:WS_SPP(1.0): Selected residential property prices,I,Q: Quarterly,DE: Germany,N: Nominal,"771: Year-on-year changes, in per cent",1990-Q4,7.4022,0: Units,,,,A: Normal value,F: Free,
dataflow,BIS:WS_SPP(1.0): Selected residential property prices,I,Q: Quarterly,DE: Germany,N: Nominal,"771: Year-on-year changes, in per cent",1991-Q1,5.3923,0: Units,,,,A: Normal value,F: Free,
dataflow,BIS:WS_SPP(1.0): Selected residential property prices,I,Q: Quarterly,DE: Germany,N: Nominal,"771: Year-on-year changes, in per cent",1991-Q2,4.6551,0: Units,,,,A: Normal value,F: Free,
dataflow,BIS:WS_SPP(1.0): Selected residential property prices,I,Q: Quarterly,DE: Germany,N: Nominal,"771: Year-on-year changes, in per cent",1991-Q3,4.1459,0: Units,,,,A: Normal value,F: Free,
dataflow,BIS:WS_SPP(1.0): Selected residential property prices,I,Q: Quarterly,DE: Germany,N: Nominal,"771: Year-on-year changes, in per cent",1991-Q4,4.737,0: Units,,,,A: Normal value,F: Free,
dataflow,BIS:WS_SPP(1.0): Selected residential property prices,I,Q: Quarterly,DE: Germany,N: Nominal,"771: Year-on-year changes, in per cent",1992-Q1,5.4324,0: Units,,,,A: Normal value,F: Free,
dataflow,BIS:WS_SPP(1.0): Selected residential property prices,I,Q: Quarterly,DE: Germany,N: Nominal,"771: Year-on-year changes, in per cent",1992-Q2,4.9248,0: Units,,,,A: Normal value,F: Free,
dataflow,BIS:WS_SPP(1.0): Selected residential property prices,I,Q: Quarterly,DE: Germany,N: Nominal,"771: Year-on-year changes, in per cent",1992-Q3,5.327,0: Units,,,,A: Normal value,F: Free,
dataflow,BIS:WS_SPP(1.0): Selected residential property prices,I,Q: Quarterly,DE: Germany,N: Nominal,"771: Year-on-year changes, in per cent",1992-Q4,4.7458,0: Units,,,,A: Normal value,F: Free,
dataflow,BIS:WS_SPP(1.0): Selected residential property prices,I,Q: Quarterly,DE: Germany,N: Nominal,"771: Year-on-year changes, in per cent",1993-Q1,4.6854,0: Units,,,,A: Normal value,F: Free,
dataflow,BIS:WS_SPP(1.0): Selected residential property prices,I,Q: Quarterly,DE: Germany,N: Nominal,"771: Year-on-year changes, in per cent",1993-Q2,4.2239,0: Units,,,,A: Normal value,F: Free,
dataflow,BIS:WS_SPP(1.0): Selected residential property prices,I,Q: Quarterly,DE: Germany,N: Nominal,"771: Year-on-year changes, in per cent",1993-Q3,3.9215,0: Units,,,,A: Normal value,F: Free,
dataflow,BIS:WS_SPP(1.0): Selected residential property prices,I,Q: Quarterly,DE: Germany,N: Nominal,"771: Year-on-year changes, in per cent",1993-Q4,4.3298,0: Units,,,,A: Normal value,F: Free,
dataflow,BIS:WS_SPP(1.0): Selected residential property prices,I,Q: Quarterly,DE: Germany,N: Nominal,"771: Year-on-year changes, in per cent",1994-Q1,3.9018,0: Units,,,,A: Normal value,F: Free,
dataflow,BIS:WS_SPP(1.0): Selected residential property prices,I,Q: Quarterly,DE: Germany,N: Nominal,"771: Year-on-year changes, in per cent",1994-Q2,4.127,0: Units,,,,A: Normal value,F: Free,
dataflow,BIS:WS_SPP(1.0): Selected residential property prices,I,Q: Quarterly,DE: Germany,N: Nominal,"771: Year-on-year changes, in per cent",1994-Q3,3.9495,0: Units,,,,A: Normal value,F: Free,
dataflow,BIS:WS_SPP(1.0): Selected residential property prices,I,Q: Quarterly,DE: Germany,N: Nominal,"771: Year-on-year changes, in per cent",1994-Q4,3.0667,0: Units,,,,A: Normal value,F: Free,
dataflow,BIS:WS_SPP(1.0): Selected residential property prices,I,Q: Quarterly,DE: Germany,N: Nominal,"771: Year-on-year changes, in per cent",1995-Q1,2.3223,0: Units,,,,A: Normal value,F: Free,
dataflow,BIS:WS_SPP(1.0): Selected residential property prices,I,Q: Quarterly,DE: Germany,N: Nominal,"771: Year-on-year changes, in per cent",1995-Q2,1.3487,0: Units,,,,A: Normal value,F: Free,
dataflow,BIS:WS_SPP(1.0): Selected residential property prices,I,Q: Quarterly,DE: Germany,N: Nominal,"771: Year-on-year changes, in per cent",1995-Q3,0.3466,0: Units,,,,A: Normal value,F: Free,
dataflow,BIS:WS_SPP(1.0): Selected residential property prices,I,Q: Quarterly,DE: Germany,N: Nominal,"771: Year-on-year changes, in per cent",1995-Q4,0.1789,0: Units,,,,A: Normal value,F: Free,
dataflow,BIS:WS_SPP(1.0): Selected residential property prices,I,Q: Quarterly,DE: Germany,N: Nominal,"771: Year-on-year changes, in per cent",1996-Q1,-0.5956,0: Units,,,,A: Normal value,F: Free,
dataflow,BIS:WS_SPP(1.0): Selected residential property prices,I,Q: Quarterly,DE: Germany,N: Nominal,"771: Year-on-year changes, in per cent",1996-Q2,-1.4834,0: Units,,,,A: Normal value,F: Free,
dataflow,BIS:WS_SPP(1.0): Selected residential property prices,I,Q: Quarterly,DE: Germany,N: Nominal,"771: Year-on-year changes, in per cent",1996-Q3,-1.5071,0: Units,,,,A: Normal value,F: Free,
dataflow,BIS:WS_SPP(1.0): Selected residential property prices,I,Q: Quarterly,DE: Germany,N: Nominal,"771: Year-on-year changes, in per cent",1996-Q4,-1.8664,0: Units,,,,A: Normal value,F: Free,
dataflow,BIS:WS_SPP(1.0): Selected residential property prices,I,Q: Quarterly,DE: Germany,N: Nominal,"771: Year-on-year changes, in per cent",1997-Q1,-1.7422,0: Units,,,,A: Normal value,F: Free,
dataflow,BIS:WS_SPP(1.0): Selected residential property prices,I,Q: Quarterly,DE: Germany,N: Nominal,"771: Year-on-year changes, in per cent",1997-Q2,-1.8614,0: Units,,,,A: Normal value,F: Free,
dataflow,BIS:WS_SPP(1.0): Selected residential property prices,I,Q: Quarterly,DE: Germany,N: Nominal,"771: Year-on-year changes, in per cent",1997-Q3,-1.788,0: Units,,,,A: Normal value,F: Free,
dataflow,BIS:WS_SPP(1.0): Selected residential property prices,I,Q: Quarterly,DE: Germany,N: Nominal,"771: Year-on-year changes, in per cent",1997-Q4,-1.5215,0: Units,,,,A: Normal value,F: Free,
dataflow,BIS:WS_SPP(1.0): Selected residential property prices,I,Q: Quarterly,DE: Germany,N: Nominal,"771: Year-on-year changes, in per cent",1998-Q1,-1.62,0: Units,,,,A: Normal value,F: Free,
dataflow,BIS:WS_SPP(1.0): Selected residential property prices,I,Q: Quarterly,DE: Germany,N: Nominal,"771: Year-on-year changes, in per cent",1998-Q2,-0.8521,0: Units,,,,A: Normal value,F: Free,
dataflow,BIS:WS_SPP(1.0): Selected residential property prices,I,Q: Quarterly,DE: Germany,N: Nominal,"771: Year-on-year changes, in per cent",1998-Q3,-0.7777,0: Units,,,,A: Normal value,F: Free,
dataflow,BIS:WS_SPP(1.0): Selected residential property prices,I,Q: Quarterly,DE: Germany,N: Nominal,"771: Year-on-year changes, in per cent",1998-Q4,-0.2788,0: Units,,,,A: Normal value,F: Free,
dataflow,BIS:WS_SPP(1.0): Selected residential property prices,I,Q: Quarterly,DE: Germany,N: Nominal,"771: Year-on-year changes, in per cent",1999-Q1,-0.0302,0: Units,,,,A: Normal value,F: Free,
dataflow,BIS:WS_SPP(1.0): Selected residential property prices,I,Q: Quarterly,DE: Germany,N: Nominal,"771: Year-on-year changes, in per cent",1999-Q2,-0.1593,0: Units,,,,A: Normal value,F: Free,
dataflow,BIS:WS_SPP(1.0): Selected residential property prices,I,Q: Quarterly,DE: Germany,N: Nominal,"771: Year-on-year changes, in per cent",1999-Q3,0.0944,0: Units,,,,A: Normal value,F: Free,
dataflow,BIS:WS_SPP(1.0): Selected residential property prices,I,Q: Quarterly,DE: Germany,N: Nominal,"771: Year-on-year changes, in per cent",1999-Q4,0.0929,0: Units,,,,A: Normal value,F: Free,
dataflow,BIS:WS_SPP(1.0): Selected residential property prices,I,Q: Quarterly,DE: Germany,N: Nominal,"771: Year-on-year changes, in per cent",2000-Q1,0.4699,0: Units,,,,A: Normal value,F: Free,
dataflow,BIS:WS_SPP(1.0): Selected residential property prices,I,Q: Quarterly,DE: Germany,N: Nominal,"771: Year-on-year changes, in per cent",2000-Q2,0.5944,0: Units,,,,A: Normal value,F: Free,
dataflow,BIS:WS_SPP(1.0): Selected residential property prices,I,Q: Quarterly,DE: Germany,N: Nominal,"771: Year-on-year changes, in per cent",2000-Q3,0.5641,0: Units,,,,A: Normal value,F: Free,
dataflow,BIS:WS_SPP(1.0): Selected residential property prices,I,Q: Quarterly,DE: Germany,N: Nominal,"771: Year-on-year changes, in per cent",2000-Q4,0.5044,0: Units,,,,A: Normal value,F: Free,
dataflow,BIS:WS_SPP(1.0): Selected residential property prices,I,Q: Quarterly,DE: Germany,N: Nominal,"771: Year-on-year changes, in per cent",2001-Q1,0.319,0: Units,,,,A: Normal value,F: Free,
dataflow,BIS:WS_SPP(1.0): Selected residential property prices,I,Q: Quarterly,DE: Germany,N: Nominal,"771: Year-on-year changes, in per cent",2001-Q2,0.1347,0: Units,,,,A: Normal value,F: Free,
dataflow,BIS:WS_SPP(1.0): Selected residential property prices,I,Q: Quarterly,DE: Germany,N: Nominal,"771: Year-on-year changes, in per cent",2001-Q3,0.005,0: Units,,,,A: Normal value,F: Free,
dataflow,BIS:WS_SPP(1.0): Selected residential property prices,I,Q: Quarterly,DE: Germany,N: Nominal,"771: Year-on-year changes, in per cent",2001-Q4,-0.4514,0: Units,,,,A: Normal value,F: Free,
dataflow,BIS:WS_SPP(1.0): Selected residential property prices,I,Q: Quarterly,DE: Germany,N: Nominal,"771: Year-on-year changes, in per cent",2002-Q1,-0.5303,0: Units,,,,A: Normal value,F: Free,
dataflow,BIS:WS_SPP(1.0): Selected residential property prices,I,Q: Quarterly,DE: Germany,N: Nominal,"771: Year-on-year changes, in per cent",2002-Q2,-0.6081,0: Units,,,,A: Normal value,F: Free,
dataflow,BIS:WS_SPP(1.0): Selected residential property prices,I,Q: Quarterly,DE: Germany,N: Nominal,"771: Year-on-year changes, in per cent",2002-Q3,-0.8068,0: Units,,,,A: Normal value,F: Free,
dataflow,BIS:WS_SPP(1.0): Selected residential property prices,I,Q: Quarterly,DE: Germany,N: Nominal,"771: Year-on-year changes, in per cent",2002-Q4,-0.8776,0: Units,,,,A: Normal value,F: Free,
dataflow,BIS:WS_SPP(1.0): Selected residential property prices,I,Q: Quarterly,DE: Germany,N: Nominal,"771: Year-on-year changes, in per cent",2003-Q1,-1.0689,0: Units,,,,A: Normal value,F: Free,
dataflow,BIS:WS_SPP(1.0): Selected residential property prices,I,Q: Quarterly,DE: Germany,N: Nominal,"771: Year-on-year changes, in per cent",2003-Q2,-1.3851,0: Units,,,,A: Normal value,F: Free,
dataflow,BIS:WS_SPP(1.0): Selected residential property prices,I,Q: Quarterly,DE: Germany,N: Nominal,"771: Year-on-year changes, in per cent",2003-Q3,-1.5803,0: Units,,,,A: Normal value,F: Free,
dataflow,BIS:WS_SPP(1.0): Selected residential property prices,I,Q: Quarterly,DE: Germany,N: Nominal,"771: Year-on-year changes, in per cent",2003-Q4,-1.6539,0: Units,,,,A: Normal value,F: Free,
dataflow,BIS:WS_SPP(1.0): Selected residential property prices,I,Q: Quarterly,DE: Germany,N: Nominal,"771: Year-on-year changes, in per cent",2004-Q1,-1.9788,0: Units,,,,A: Normal value,F: Free,
dataflow,BIS:WS_SPP(1.0): Selected residential property prices,I,Q: Quarterly,DE: Germany,N: Nominal,"771: Year-on-year changes, in per cent",2004-Q2,-1.1599,0: Units,,,,A: Normal value,F: Free,
dataflow,BIS:WS_SPP(1.0): Selected residential property prices,I,Q: Quarterly,DE: Germany,N: Nominal,"771: Year-on-year changes, in per cent",2004-Q3,-1.08,0: Units,,,,A: Normal value,F: Free,
dataflow,BIS:WS_SPP(1.0): Selected residential property prices,I,Q: Quarterly,DE: Germany,N: Nominal,"771: Year-on-year changes, in per cent",2004-Q4,-0.8413,0: Units,,,,A: Normal value,F: Free,
dataflow,BIS:WS_SPP(1.0): Selected residential property prices,I,Q: Quarterly,DE: Germany,N: Nominal,"771: Year-on-year changes, in per cent",2005-Q1,-0.3387,0: Units,,,,A: Normal value,F: Free,
dataflow,BIS:WS_SPP(1.0): Selected residential property prices,I,Q: Quarterly,DE: Germany,N: Nominal,"771: Year-on-year changes, in per cent",2005-Q2,-1.3803,0: Units,,,,A: Normal value,F: Free,
dataflow,BIS:WS_SPP(1.0): Selected residential property prices,I,Q: Quarterly,DE: Germany,N: Nominal,"771: Year-on-year changes, in per cent",2005-Q3,-1.1476,0: Units,,,,A: Normal value,F: Free,
dataflow,BIS:WS_SPP(1.0): Selected residential property prices,I,Q: Quarterly,DE: Germany,N: Nominal,"771: Year-on-year changes, in per cent",2005-Q4,-0.7803,0: Units,,,,A: Normal value,F: Free,
dataflow,BIS:WS_SPP(1.0): Selected residential property prices,I,Q: Quarterly,DE: Germany,N: Nominal,"771: Year-on-year changes, in per cent",2006-Q1,-1.8424,0: Units,,,,A: Normal value,F: Free,
dataflow,BIS:WS_SPP(1.0): Selected residential property prices,I,Q: Quarterly,DE: Germany,N: Nominal,"771: Year-on-year changes, in per cent",2006-Q2,0.2159,0: Units,,,,A: Normal value,F: Free,
dataflow,BIS:WS_SPP(1.0): Selected residential property prices,I,Q: Quarterly,DE: Germany,N: Nominal,"771: Year-on-year changes, in per cent",2006-Q3,1.481,0: Units,,,,A: Normal value,F: Free,
dataflow,BIS:WS_SPP(1.0): Selected residential property prices,I,Q: Quarterly,DE: Germany,N: Nominal,"771: Year-on-year changes, in per cent",2006-Q4,0.1522,0: Units,,,,A: Normal value,F: Free,
dataflow,BIS:WS_SPP(1.0): Selected residential property prices,I,Q: Quarterly,DE: Germany,N: Nominal,"771: Year-on-year changes, in per cent",2007-Q1,0.9346,0: Units,,,,A: Normal value,F: Free,
dataflow,BIS:WS_SPP(1.0): Selected residential property prices,I,Q: Quarterly,DE: Germany,N: Nominal,"771: Year-on-year changes, in per cent",2007-Q2,-0.7366,0: Units,,,,A: Normal value,F: Free,
dataflow,BIS:WS_SPP(1.0): Selected residential property prices,I,Q: Quarterly,DE: Germany,N: Nominal,"771: Year-on-year changes, in per cent",2007-Q3,-1.275,0: Units,,,,A: Normal value,F: Free,
dataflow,BIS:WS_SPP(1.0): Selected residential property prices,I,Q: Quarterly,DE: Germany,N: Nominal,"771: Year-on-year changes, in per cent",2007-Q4,0.1845,0: Units,,,,A: Normal value,F: Free,
dataflow,BIS:WS_SPP(1.0): Selected residential property prices,I,Q: Quarterly,DE: Germany,N: Nominal,"771: Year-on-year changes, in per cent",2008-Q1,2.7778,0: Units,,,,A: Normal value,F: Free,
dataflow,BIS:WS_SPP(1.0): Selected residential property prices,I,Q: Quarterly,DE: Germany,N: Nominal,"771: Year-on-year changes, in per cent",2008-Q2,4.0816,0: Units,,,,A: Normal value,F: Free,
dataflow,BIS:WS_SPP(1.0): Selected residential property prices,I,Q: Quarterly,DE: Germany,N: Nominal,"771: Year-on-year changes, in per cent",2008-Q3,2.952,0: Units,,,,A: Normal value,F: Free,
dataflow,BIS:WS_SPP(1.0): Selected residential property prices,I,Q: Quarterly,DE: Germany,N: Nominal,"771: Year-on-year changes, in per cent",2008-Q4,3.4991,0: Units,,,,A: Normal value,F: Free,
dataflow,BIS:WS_SPP(1.0): Selected residential property prices,I,Q: Quarterly,DE: Germany,N: Nominal,"771: Year-on-year changes, in per cent",2009-Q1,0.9009,0: Units,,,,A: Normal value,F: Free,
dataflow,BIS:WS_SPP(1.0): Selected residential property prices,I,Q: Quarterly,DE: Germany,N: Nominal,"771: Year-on-year changes, in per cent",2009-Q2,-1.426,0: Units,,,,A: Normal value,F: Free,
dataflow,BIS:WS_SPP(1.0): Selected residential property prices,I,Q: Quarterly,DE: Germany,N: Nominal,"771: Year-on-year changes, in per cent",2009-Q3,-0.8961,0: Units,,,,A: Normal value,F: Free,
dataflow,BIS:WS_SPP(1.0): Selected residential property prices,I,Q: Quarterly,DE: Germany,N: Nominal,"771: Year-on-year changes, in per cent",2009-Q4,-1.2456,0: Units,,,,A: Normal value,F: Free,
dataflow,BIS:WS_SPP(1.0): Selected residential property prices,I,Q: Quarterly,DE: Germany,N: Nominal,"771: Year-on-year changes, in per cent",2010-Q1,-1.6071,0: Units,,,,A: Normal value,F: Free,
dataflow,BIS:WS_SPP(1.0): Selected residential property prices,I,Q: Quarterly,DE: Germany,N: Nominal,"771: Year-on-year changes, in per cent",2010-Q2,0.7233,0: Units,,,,A: Normal value,F: Free,
dataflow,BIS:WS_SPP(1.0): Selected residential property prices,I,Q: Quarterly,DE: Germany,N: Nominal,"771: Year-on-year changes, in per cent",2010-Q3,1.6275,0: Units,,,,A: Normal value,F: Free,
dataflow,BIS:WS_SPP(1.0): Selected residential property prices,I,Q: Quarterly,DE: Germany,N: Nominal,"771: Year-on-year changes, in per cent",2010-Q4,1.6216,0: Units,,,,A: Normal value,F: Free,
dataflow,BIS:WS_SPP(1.0): Selected residential property prices,I,Q: Quarterly,DE: Germany,N: Nominal,"771: Year-on-year changes, in per cent",2011-Q1,2.9038,0: Units,,,,A: Normal value,F: Free,
dataflow,BIS:WS_SPP(1.0): Selected residential property prices,I,Q: Quarterly,DE: Germany,N: Nominal,"771: Year-on-year changes, in per cent",2011-Q2,2.1544,0: Units,,,,A: Normal value,F: Free,
dataflow,BIS:WS_SPP(1.0): Selected residential property prices,I,Q: Quarterly,DE: Germany,N: Nominal,"771: Year-on-year changes, in per cent",2011-Q3,2.4911,0: Units,,,,A: Normal value,F: Free,
dataflow,BIS:WS_SPP(1.0): Selected residential property prices,I,Q: Quarterly,DE: Germany,N: Nominal,"771: Year-on-year changes, in per cent",2011-Q4,2.1277,0: Units,,,,A: Normal value,F: Free,
dataflow,BIS:WS_SPP(1.0): Selected residential property prices,I,Q: Quarterly,DE: Germany,N: Nominal,"771: Year-on-year changes, in per cent",2012-Q1,2.6455,0: Units,,,,A: Normal value,F: Free,
dataflow,BIS:WS_SPP(1.0): Selected residential property prices,I,Q: Quarterly,DE: Germany,N: Nominal,"771: Year-on-year changes, in per cent",2012-Q2,3.5149,0: Units,,,,A: Normal value,F: Free,
dataflow,BIS:WS_SPP(1.0): Selected residential property prices,I,Q: Quarterly,DE: Germany,N: Nominal,"771: Year-on-year changes, in per cent",2012-Q3,2.4306,0: Units,,,,A: Normal value,F: Free,
dataflow,BIS:WS_SPP(1.0): Selected residential property prices,I,Q: Quarterly,DE: Germany,N: Nominal,"771: Year-on-year changes, in per cent",2012-Q4,3.2986,0: Units,,,,A: Normal value,F: Free,
dataflow,BIS:WS_SPP(1.0): Selected residential property prices,I,Q: Quarterly,DE: Germany,N: Nominal,"771: Year-on-year changes, in per cent",2013-Q1,3.0928,0: Units,,,,A: Normal value,F: Free,
dataflow,BIS:WS_SPP(1.0): Selected residential property prices,I,Q: Quarterly,DE: Germany,N: Nominal,"771: Year-on-year changes, in per cent",2013-Q2,3.056,0: Units,,,,A: Normal value,F: Free,
dataflow,BIS:WS_SPP(1.0): Selected residential property prices,I,Q: Quarterly,DE: Germany,N: Nominal,"771: Year-on-year changes, in per cent",2013-Q3,3.7288,0: Units,,,,A: Normal value,F: Free,
dataflow,BIS:WS_SPP(1.0): Selected residential property prices,I,Q: Quarterly,DE: Germany,N: Nominal,"771: Year-on-year changes, in per cent",2013-Q4,2.3529,0: Units,,,,A: Normal value,F: Free,
dataflow,BIS:WS_SPP(1.0): Selected residential property prices,I,Q: Quarterly,DE: Germany,N: Nominal,"771: Year-on-year changes, in per cent",2014-Q1,2.3333,0: Units,,,,A: Normal value,F: Free,
dataflow,BIS:WS_SPP(1.0): Selected residential property prices,I,Q: Quarterly,DE: Germany,N: Nominal,"771: Year-on-year changes, in per cent",2014-Q2,3.2949,0: Units,,,,A: Normal value,F: Free,
dataflow,BIS:WS_SPP(1.0): Selected residential property prices,I,Q: Quarterly,DE: Germany,N: Nominal,"771: Year-on-year changes, in per cent",2014-Q3,2.9412,0: Units,,,,A: Normal value,F: Free,
dataflow,BIS:WS_SPP(1.0): Selected residential property prices,I,Q: Quarterly,DE: Germany,N: Nominal,"771: Year-on-year changes, in per cent",2014-Q4,3.4483,0: Units,,,,A: Normal value,F: Free,
dataflow,BIS:WS_SPP(1.0): Selected residential property prices,I,Q: Quarterly,DE: Germany,N: Nominal,"771: Year-on-year changes, in per cent",2015-Q1,4.2345,0: Units,,,,A: Normal value,F: Free,
dataflow,BIS:WS_SPP(1.0): Selected residential property prices,I,Q: Quarterly,DE: Germany,N: Nominal,"771: Year-on-year changes, in per cent",2015-Q2,4.4657,0: Units,,,,A: Normal value,F: Free,
dataflow,BIS:WS_SPP(1.0): Selected residential property prices,I,Q: Quarterly,DE: Germany,N: Nominal,"771: Year-on-year changes, in per cent",2015-Q3,4.4444,0: Units,,,,A: Normal value,F: Free,
dataflow,BIS:WS_SPP(1.0): Selected residential property prices,I,Q: Quarterly,DE: Germany,N: Nominal,"771: Year-on-year changes, in per cent",2015-Q4,5.873,0: Units,,,,A: Normal value,F: Free,
dataflow,BIS:WS_SPP(1.0): Selected residential property prices,I,Q: Quarterly,DE: Germany,N: Nominal,"771: Year-on-year changes, in per cent",2016-Q1,6.25,0: Units,,,,A: Normal value,F: Free,
dataflow,BIS:WS_SPP(1.0): Selected residential property prices,I,Q: Quarterly,DE: Germany,N: Nominal,"771: Year-on-year changes, in per cent",2016-Q2,6.8702,0: Units,,,,A: Normal value,F: Free,
dataflow,BIS:WS_SPP(1.0): Selected residential property prices,I,Q: Quarterly,DE: Germany,N: Nominal,"771: Year-on-year changes, in per cent",2016-Q3,8.2067,0: Units,,,,A: Normal value,F: Free,
dataflow,BIS:WS_SPP(1.0): Selected residential property prices,I,Q: Quarterly,DE: Germany,N: Nominal,"771: Year-on-year changes, in per cent",2016-Q4,8.3958,0: Units,,,,A: Normal value,F: Free,
dataflow,BIS:WS_SPP(1.0): Selected residential property prices,I,Q: Quarterly,DE: Germany,N: Nominal,"771: Year-on-year changes, in per cent",2017-Q1,6.9118,0: Units,,,,A: Normal value,F: Free,
dataflow,BIS:WS_SPP(1.0): Selected residential property prices,I,Q: Quarterly,DE: Germany,N: Nominal,"771: Year-on-year changes, in per cent",2017-Q2,5.8571,0: Units,,,,A: Normal value,F: Free,
dataflow,BIS:WS_SPP(1.0): Selected residential property prices,I,Q: Quarterly,DE: Germany,N: Nominal,"771: Year-on-year changes, in per cent",2017-Q3,5.7584,0: Units,,,,A: Normal value,F: Free,
dataflow,BIS:WS_SPP(1.0): Selected residential property prices,I,Q: Quarterly,DE: Germany,N: Nominal,"771: Year-on-year changes, in per cent",2017-Q4,6.2241,0: Units,,,,A: Normal value,F: Free,
dataflow,BIS:WS_SPP(1.0): Selected residential property prices,I,Q: Quarterly,DE: Germany,N: Nominal,"771: Year-on-year changes, in per cent",2018-Q1,6.6025,0: Units,,,,A: Normal value,F: Free,
dataflow,BIS:WS_SPP(1.0): Selected residential property prices,I,Q: Quarterly,DE: Germany,N: Nominal,"771: Year-on-year changes, in per cent",2018-Q2,6.6127,0: Units,,,,A: Normal value,F: Free,
dataflow,BIS:WS_SPP(1.0): Selected residential property prices,I,Q: Quarterly,DE: Germany,N: Nominal,"771: Year-on-year changes, in per cent",2018-Q3,7.0385,0: Units,,,,A: Normal value,F: Free,
dataflow,BIS:WS_SPP(1.0): Selected residential property prices,I,Q: Quarterly,DE: Germany,N: Nominal,"771: Year-on-year changes, in per cent",2018-Q4,6.25,0: Units,,,,A: Normal value,F: Free,
dataflow,BIS:WS_SPP(1.0): Selected residential property prices,I,Q: Quarterly,DE: Germany,N: Nominal,"771: Year-on-year changes, in per cent",2019-Q1,5.2903,0: Units,,,,A: Normal value,F: Free,
dataflow,BIS:WS_SPP(1.0): Selected residential property prices,I,Q: Quarterly,DE: Germany,N: Nominal,"771: Year-on-year changes, in per cent",2019-Q2,5.9494,0: Units,,,,A: Normal value,F: Free,
dataflow,BIS:WS_SPP(1.0): Selected residential property prices,I,Q: Quarterly,DE: Germany,N: Nominal,"771: Year-on-year changes, in per cent",2019-Q3,5.335,0: Units,,,,A: Normal value,F: Free,
dataflow,BIS:WS_SPP(1.0): Selected residential property prices,I,Q: Quarterly,DE: Germany,N: Nominal,"771: Year-on-year changes, in per cent",2019-Q4,6.4951,0: Units,,,,A: Normal value,F: Free,
dataflow,BIS:WS_SPP(1.0): Selected residential property prices,I,Q: Quarterly,DE: Germany,N: Nominal,"771: Year-on-year changes, in per cent",2020-Q1,7.3529,0: Units,,,,A: Normal value,F: Free,
dataflow,BIS:WS_SPP(1.0): Selected residential property prices,I,Q: Quarterly,DE: Germany,N: Nominal,"771: Year-on-year changes, in per cent",2020-Q2,6.5711,0: Units,,,,A: Normal value,F: Free,
dataflow,BIS:WS_SPP(1.0): Selected residential property prices,I,Q: Quarterly,DE: Germany,N: Nominal,"771: Year-on-year changes, in per cent",2020-Q3,8.245,0: Units,,,,A: Normal value,F: Free,
dataflow,BIS:WS_SPP(1.0): Selected residential property prices,I,Q: Quarterly,DE: Germany,N: Nominal,"771: Year-on-year changes, in per cent",2020-Q4,8.7457,0: Units,,,,A: Normal value,F: Free,
dataflow,BIS:WS_SPP(1.0): Selected residential property prices,I,Q: Quarterly,DE: Germany,N: Nominal,"771: Year-on-year changes, in per cent",2021-Q1,9.3607,0: Units,,,,A: Normal value,F: Free,
dataflow,BIS:WS_SPP(1.0): Selected residential property prices,I,Q: Quarterly,DE: Germany,N: Nominal,"771: Year-on-year changes, in per cent",2021-Q2,11.5471,0: Units,,,,A: Normal value,F: Free,
dataflow,BIS:WS_SPP(1.0): Selected residential property prices,I,Q: Quarterly,DE: Germany,N: Nominal,"771: Year-on-year changes, in per cent",2021-Q3,12.7312,0: Units,,,,A: Normal value,F: Free,
dataflow,BIS:WS_SPP(1.0): Selected residential property prices,I,Q: Quarterly,DE: Germany,N: Nominal,"771: Year-on-year changes, in per cent",2021-Q4,12.6984,0: Units,,,,A: Normal value,F: Free,
dataflow,BIS:WS_SPP(1.0): Selected residential property prices,I,Q: Quarterly,DE: Germany,N: Nominal,"771: Year-on-year changes, in per cent",2022-Q1,12.2129,0: Units,,,,A: Normal value,F: Free,
dataflow,BIS:WS_SPP(1.0): Selected residential property prices,I,Q: Quarterly,DE: Germany,N: Nominal,"771: Year-on-year changes, in per cent",2022-Q2,10.1508,0: Units,,,,A: Normal value,F: Free,
dataflow,BIS:WS_SPP(1.0): Selected residential property prices,I,Q: Quarterly,DE: Germany,N: Nominal,"771: Year-on-year changes, in per cent",2022-Q3,5.1158,0: Units,,,,A: Normal value,F: Free,
dataflow,BIS:WS_SPP(1.0): Selected residential property prices,I,Q: Quarterly,DE: Germany,N: Nominal,"771: Year-on-year changes, in per cent",2022-Q4,-2.5352,0: Units,,,,A: Normal value,F: Free,
dataflow,BIS:WS_SPP(1.0): Selected residential property prices,I,Q: Quarterly,DE: Germany,N: Nominal,"771: Year-on-year changes, in per cent",2023-Q1,-6.3256,0: Units,,,,A: Normal value,F: Free,
dataflow,BIS:WS_SPP(1.0): Selected residential property prices,I,Q: Quarterly,DE: Germany,N: Nominal,"771: Year-on-year changes, in per cent",2023-Q2,-9.3978,0: Units,,,,A: Normal value,F: Free,
dataflow,BIS:WS_SPP(1.0): Selected residential property prices,I,Q: Quarterly,DE: Germany,N: Nominal,"771: Year-on-year changes, in per cent",2023-Q3,-10.1928,0: Units,,,,A: Normal value,F: Free,
dataflow,BIS:WS_SPP(1.0): Selected residential property prices,I,Q: Quarterly,DE: Germany,N: Nominal,"771: Year-on-year changes, in per cent",2023-Q4,-7.6108,0: Units,,,,A: Normal value,F: Free,
dataflow,BIS:WS_SPP(1.0): Selected residential property prices,I,Q: Quarterly,DE: Germany,N: Nominal,"771: Year-on-year changes, in per cent",2024-Q1,-5.1639,0: Units,,,,A: Normal value,F: Free,
dataflow,BIS:WS_SPP(1.0): Selected residential property prices,I,Q: Quarterly,DE: Germany,N: Nominal,"771: Year-on-year changes, in per cent",2024-Q2,-2.5176,0: Units,,,,A: Normal value,F: Free,
dataflow,BIS:WS_SPP(1.0): Selected residential property prices,I,Q: Quarterly,DE: Germany,N: Nominal,"771: Year-on-year changes, in per cent",2024-Q3,-0.2045,0: Units,,,,A: Normal value,F: Free,
dataflow,BIS:WS_SPP(1.0): Selected residential property prices,I,Q: Quarterly,DE: Germany,N: Nominal,"771: Year-on-year changes, in per cent",2024-Q4,1.877,0: Units,,,,A: Normal value,F: Free,
dataflow,BIS:WS_SPP(1.0): Selected residential property prices,I,Q: Quarterly,DE: Germany,N: Nominal,"771: Year-on-year changes, in per cent",2025-Q1,3.7696,0: Units,,,,A: Normal value,F: Free,
dataflow,BIS:WS_SPP(1.0): Selected residential property prices,I,Q: Quarterly,DE: Germany,N: Nominal,"771: Year-on-year changes, in per cent",2025-Q2,3.3058,0: Units,,,,A: Normal value,F: Free,
dataflow,BIS:WS_SPP(1.0): Selected residential property prices,I,Q: Quarterly,DE: Germany,N: Nominal,"771: Year-on-year changes, in per cent",2025-Q3,3.1762,0: Units,,,,A: Normal value,F: Free,
dataflow,BIS:WS_SPP(1.0): Selected residential property prices,I,Q: Quarterly,DE: Germany,N: Nominal,"771: Year-on-year changes, in per cent",2025-Q4,2.5589,0: Units,,,,A: Normal value,F: Free,
dataflow,BIS:WS_SPP(1.0): Selected residential property prices,I,Q: Quarterly,DE: Germany,N: Nominal,"771: Year-on-year changes, in per cent",2026-Q1,1.4127,0: Units,,,,A: Normal value,F: Free,
dataflow,BIS:WS_SPP(1.0): Selected residential property prices,I,Q: Quarterly,IT: Italy,N: Nominal,"628: Index, 2010 = 100",1927-Q1,0.0189,0: Units,,,,A: Normal value,F: Free,
dataflow,BIS:WS_SPP(1.0): Selected residential property prices,I,Q: Quarterly,IT: Italy,N: Nominal,"628: Index, 2010 = 100",1927-Q2,0.0188,0: Units,,,,A: Normal value,F: Free,
dataflow,BIS:WS_SPP(1.0): Selected residential property prices,I,Q: Quarterly,IT: Italy,N: Nominal,"628: Index, 2010 = 100",1927-Q3,0.0187,0: Units,,,,A: Normal value,F: Free,
dataflow,BIS:WS_SPP(1.0): Selected residential property prices,I,Q: Quarterly,IT: Italy,N: Nominal,"628: Index, 2010 = 100",1927-Q4,0.0186,0: Units,,,,A: Normal value,F: Free,
dataflow,BIS:WS_SPP(1.0): Selected residential property prices,I,Q: Quarterly,IT: Italy,N: Nominal,"628: Index, 2010 = 100",1928-Q1,0.0185,0: Units,,,,A: Normal value,F: Free,
dataflow,BIS:WS_SPP(1.0): Selected residential property prices,I,Q: Quarterly,IT: Italy,N: Nominal,"628: Index, 2010 = 100",1928-Q2,0.0185,0: Units,,,,A: Normal value,F: Free,
dataflow,BIS:WS_SPP(1.0): Selected residential property prices,I,Q: Quarterly,IT: Italy,N: Nominal,"628: Index, 2010 = 100",1928-Q3,0.0183,0: Units,,,,A: Normal value,F: Free,
dataflow,BIS:WS_SPP(1.0): Selected residential property prices,I,Q: Quarterly,IT: Italy,N: Nominal,"628: Index, 2010 = 100",1928-Q4,0.0182,0: Units,,,,A: Normal value,F: Free,
dataflow,BIS:WS_SPP(1.0): Selected residential property prices,I,Q: Quarterly,IT: Italy,N: Nominal,"628: Index, 2010 = 100",1929-Q1,0.018,0: Units,,,,A: Normal value,F: Free,
dataflow,BIS:WS_SPP(1.0): Selected residential property prices,I,Q: Quarterly,IT: Italy,N: Nominal,"628: Index, 2010 = 100",1929-Q2,0.0178,0: Units,,,,A: Normal value,F: Free,
dataflow,BIS:WS_SPP(1.0): Selected residential property prices,I,Q: Quarterly,IT: Italy,N: Nominal,"628: Index, 2010 = 100",1929-Q3,0.0175,0: Units,,,,A: Normal value,F: Free,
dataflow,BIS:WS_SPP(1.0): Selected residential property prices,I,Q: Quarterly,IT: Italy,N: Nominal,"628: Index, 2010 = 100",1929-Q4,0.0172,0: Units,,,,A: Normal value,F: Free,
dataflow,BIS:WS_SPP(1.0): Selected residential property prices,I,Q: Quarterly,IT: Italy,N: Nominal,"628: Index, 2010 = 100",1930-Q1,0.0169,0: Units,,,,A: Normal value,F: Free,
dataflow,BIS:WS_SPP(1.0): Selected residential property prices,I,Q: Quarterly,IT: Italy,N: Nominal,"628: Index, 2010 = 100",1930-Q2,0.0165,0: Units,,,,A: Normal value,F: Free,
dataflow,BIS:WS_SPP(1.0): Selected residential property prices,I,Q: Quarterly,IT: Italy,N: Nominal,"628: Index, 2010 = 100",1930-Q3,0.0161,0: Units,,,,A: Normal value,F: Free,
dataflow,BIS:WS_SPP(1.0): Selected residential property prices,I,Q: Quarterly,IT: Italy,N: Nominal,"628: Index, 2010 = 100",1930-Q4,0.0157,0: Units,,,,A: Normal value,F: Free,
dataflow,BIS:WS_SPP(1.0): Selected residential property prices,I,Q: Quarterly,IT: Italy,N: Nominal,"628: Index, 2010 = 100",1931-Q1,0.0153,0: Units,,,,A: Normal value,F: Free,
dataflow,BIS:WS_SPP(1.0): Selected residential property prices,I,Q: Quarterly,IT: Italy,N: Nominal,"628: Index, 2010 = 100",1931-Q2,0.0148,0: Units,,,,A: Normal value,F: Free,
dataflow,BIS:WS_SPP(1.0): Selected residential property prices,I,Q: Quarterly,IT: Italy,N: Nominal,"628: Index, 2010 = 100",1931-Q3,0.0144,0: Units,,,,A: Normal value,F: Free,
dataflow,BIS:WS_SPP(1.0): Selected residential property prices,I,Q: Quarterly,IT: Italy,N: Nominal,"628: Index, 2010 = 100",1931-Q4,0.014,0: Units,,,,A: Normal value,F: Free,
dataflow,BIS:WS_SPP(1.0): Selected residential property prices,I,Q: Quarterly,IT: Italy,N: Nominal,"628: Index, 2010 = 100",1932-Q1,0.0136,0: Units,,,,A: Normal value,F: Free,
dataflow,BIS:WS_SPP(1.0): Selected residential property prices,I,Q: Quarterly,IT: Italy,N: Nominal,"628: Index, 2010 = 100",1932-Q2,0.0132,0: Units,,,,A: Normal value,F: Free,
dataflow,BIS:WS_SPP(1.0): Selected residential property prices,I,Q: Quarterly,IT: Italy,N: Nominal,"628: Index, 2010 = 100",1932-Q3,0.0129,0: Units,,,,A: Normal value,F: Free,
dataflow,BIS:WS_SPP(1.0): Selected residential property prices,I,Q: Quarterly,IT: Italy,N: Nominal,"628: Index, 2010 = 100",1932-Q4,0.0128,0: Units,,,,A: Normal value,F: Free,
dataflow,BIS:WS_SPP(1.0): Selected residential property prices,I,Q: Quarterly,IT: Italy,N: Nominal,"628: Index, 2010 = 100",1933-Q1,0.0126,0: Units,,,,A: Normal value,F: Free,
dataflow,BIS:WS_SPP(1.0): Selected residential property prices,I,Q: Quarterly,IT: Italy,N: Nominal,"628: Index, 2010 = 100",1933-Q2,0.0125,0: Units,,,,A: Normal value,F: Free,
dataflow,BIS:WS_SPP(1.0): Selected residential property prices,I,Q: Quarterly,IT: Italy,N: Nominal,"628: Index, 2010 = 100",1933-Q3,0.0123,0: Units,,,,A: Normal value,F: Free,
dataflow,BIS:WS_SPP(1.0): Selected residential property prices,I,Q: Quarterly,IT: Italy,N: Nominal,"628: Index, 2010 = 100",1933-Q4,0.0121,0: Units,,,,A: Normal value,F: Free,
dataflow,BIS:WS_SPP(1.0): Selected residential property prices,I,Q: Quarterly,IT: Italy,N: Nominal,"628: Index, 2010 = 100",1934-Q1,0.0118,0: Units,,,,A: Normal value,F: Free,
dataflow,BIS:WS_SPP(1.0): Selected residential property prices,I,Q: Quarterly,IT: Italy,N: Nominal,"628: Index, 2010 = 100",1934-Q2,0.0116,0: Units,,,,A: Normal value,F: Free,
dataflow,BIS:WS_SPP(1.0): Selected residential property prices,I,Q: Quarterly,IT: Italy,N: Nominal,"628: Index, 2010 = 100",1934-Q3,0.0115,0: Units,,,,A: Normal value,F: Free,
dataflow,BIS:WS_SPP(1.0): Selected residential property prices,I,Q: Quarterly,IT: Italy,N: Nominal,"628: Index, 2010 = 100",1934-Q4,0.0116,0: Units,,,,A: Normal value,F: Free,
dataflow,BIS:WS_SPP(1.0): Selected residential property prices,I,Q: Quarterly,IT: Italy,N: Nominal,"628: Index, 2010 = 100",1935-Q1,0.0117,0: Units,,,,A: Normal value,F: Free,
dataflow,BIS:WS_SPP(1.0): Selected residential property prices,I,Q: Quarterly,IT: Italy,N: Nominal,"628: Index, 2010 = 100",1935-Q2,0.0118,0: Units,,,,A: Normal value,F: Free,
dataflow,BIS:WS_SPP(1.0): Selected residential property prices,I,Q: Quarterly,IT: Italy,N: Nominal,"628: Index, 2010 = 100",1935-Q3,0.0119,0: Units,,,,A: Normal value,F: Free,
dataflow,BIS:WS_SPP(1.0): Selected residential property prices,I,Q: Quarterly,IT: Italy,N: Nominal,"628: Index, 2010 = 100",1935-Q4,0.0119,0: Units,,,,A: Normal value,F: Free,
dataflow,BIS:WS_SPP(1.0): Selected residential property prices,I,Q: Quarterly,IT: Italy,N: Nominal,"628: Index, 2010 = 100",1936-Q1,0.0119,0: Units,,,,A: Normal value,F: Free,
dataflow,BIS:WS_SPP(1.0): Selected residential property prices,I,Q: Quarterly,IT: Italy,N: Nominal,"628: Index, 2010 = 100",1936-Q2,0.0119,0: Units,,,,A: Normal value,F: Free,
dataflow,BIS:WS_SPP(1.0): Selected residential property prices,I,Q: Quarterly,IT: Italy,N: Nominal,"628: Index, 2010 = 100",1936-Q3,0.012,0: Units,,,,A: Normal value,F: Free,
dataflow,BIS:WS_SPP(1.0): Selected residential property prices,I,Q: Quarterly,IT: Italy,N: Nominal,"628: Index, 2010 = 100",1936-Q4,0.0121,0: Units,,,,A: Normal value,F: Free,
dataflow,BIS:WS_SPP(1.0): Selected residential property prices,I,Q: Quarterly,IT: Italy,N: Nominal,"628: Index, 2010 = 100",1937-Q1,0.0122,0: Units,,,,A: Normal value,F: Free,
dataflow,BIS:WS_SPP(1.0): Selected residential property prices,I,Q: Quarterly,IT: Italy,N: Nominal,"628: Index, 2010 = 100",1937-Q2,0.0123,0: Units,,,,A: Normal value,F: Free,
dataflow,BIS:WS_SPP(1.0): Selected residential property prices,I,Q: Quarterly,IT: Italy,N: Nominal,"628: Index, 2010 = 100",1937-Q3,0.0124,0: Units,,,,A: Normal value,F: Free,
dataflow,BIS:WS_SPP(1.0): Selected residential property prices,I,Q: Quarterly,IT: Italy,N: Nominal,"628: Index, 2010 = 100",1937-Q4,0.0125,0: Units,,,,A: Normal value,F: Free,
dataflow,BIS:WS_SPP(1.0): Selected residential property prices,I,Q: Quarterly,IT: Italy,N: Nominal,"628: Index, 2010 = 100",1938-Q1,0.0126,0: Units,,,,A: Normal value,F: Free,
dataflow,BIS:WS_SPP(1.0): Selected residential property prices,I,Q: Quarterly,IT: Italy,N: Nominal,"628: Index, 2010 = 100",1938-Q2,0.0127,0: Units,,,,A: Normal value,F: Free,
dataflow,BIS:WS_SPP(1.0): Selected residential property prices,I,Q: Quarterly,IT: Italy,N: Nominal,"628: Index, 2010 = 100",1938-Q3,0.0128,0: Units,,,,A: Normal value,F: Free,
dataflow,BIS:WS_SPP(1.0): Selected residential property prices,I,Q: Quarterly,IT: Italy,N: Nominal,"628: Index, 2010 = 100",1938-Q4,0.0129,0: Units,,,,A: Normal value,F: Free,
dataflow,BIS:WS_SPP(1.0): Selected residential property prices,I,Q: Quarterly,IT: Italy,N: Nominal,"628: Index, 2010 = 100",1939-Q1,0.0129,0: Units,,,,A: Normal value,F: Free,
dataflow,BIS:WS_SPP(1.0): Selected residential property prices,I,Q: Quarterly,IT: Italy,N: Nominal,"628: Index, 2010 = 100",1939-Q2,0.013,0: Units,,,,A: Normal value,F: Free,
dataflow,BIS:WS_SPP(1.0): Selected residential property prices,I,Q: Quarterly,IT: Italy,N: Nominal,"628: Index, 2010 = 100",1939-Q3,0.0132,0: Units,,,,A: Normal value,F: Free,
dataflow,BIS:WS_SPP(1.0): Selected residential property prices,I,Q: Quarterly,IT: Italy,N: Nominal,"628: Index, 2010 = 100",1939-Q4,0.0134,0: Units,,,,A: Normal value,F: Free,
dataflow,BIS:WS_SPP(1.0): Selected residential property prices,I,Q: Quarterly,IT: Italy,N: Nominal,"628: Index, 2010 = 100",1940-Q1,0.0136,0: Units,,,,A: Normal value,F: Free,
dataflow,BIS:WS_SPP(1.0): Selected residential property prices,I,Q: Quarterly,IT: Italy,N: Nominal,"628: Index, 2010 = 100",1940-Q2,0.0138,0: Units,,,,A: Normal value,F: Free,
dataflow,BIS:WS_SPP(1.0): Selected residential property prices,I,Q: Quarterly,IT: Italy,N: Nominal,"628: Index, 2010 = 100",1940-Q3,0.0142,0: Units,,,,A: Normal value,F: Free,
dataflow,BIS:WS_SPP(1.0): Selected residential property prices,I,Q: Quarterly,IT: Italy,N: Nominal,"628: Index, 2010 = 100",1940-Q4,0.0147,0: Units,,,,A: Normal value,F: Free,
dataflow,BIS:WS_SPP(1.0): Selected residential property prices,I,Q: Quarterly,IT: Italy,N: Nominal,"628: Index, 2010 = 100",1941-Q1,0.0152,0: Units,,,,A: Normal value,F: Free,
dataflow,BIS:WS_SPP(1.0): Selected residential property prices,I,Q: Quarterly,IT: Italy,N: Nominal,"628: Index, 2010 = 100",1941-Q2,0.0158,0: Units,,,,A: Normal value,F: Free,
dataflow,BIS:WS_SPP(1.0): Selected residential property prices,I,Q: Quarterly,IT: Italy,N: Nominal,"628: Index, 2010 = 100",1941-Q3,0.0162,0: Units,,,,A: Normal value,F: Free,
dataflow,BIS:WS_SPP(1.0): Selected residential property prices,I,Q: Quarterly,IT: Italy,N: Nominal,"628: Index, 2010 = 100",1941-Q4,0.0165,0: Units,,,,A: Normal value,F: Free,
dataflow,BIS:WS_SPP(1.0): Selected residential property prices,I,Q: Quarterly,IT: Italy,N: Nominal,"628: Index, 2010 = 100",1942-Q1,0.0168,0: Units,,,,A: Normal value,F: Free,
dataflow,BIS:WS_SPP(1.0): Selected residential property prices,I,Q: Quarterly,IT: Italy,N: Nominal,"628: Index, 2010 = 100",1942-Q2,0.0171,0: Units,,,,A: Normal value,F: Free,
dataflow,BIS:WS_SPP(1.0): Selected residential property prices,I,Q: Quarterly,IT: Italy,N: Nominal,"628: Index, 2010 = 100",1942-Q3,0.0178,0: Units,,,,A: Normal value,F: Free,
dataflow,BIS:WS_SPP(1.0): Selected residential property prices,I,Q: Quarterly,IT: Italy,N: Nominal,"628: Index, 2010 = 100",1942-Q4,0.0188,0: Units,,,,A: Normal value,F: Free,
dataflow,BIS:WS_SPP(1.0): Selected residential property prices,I,Q: Quarterly,IT: Italy,N: Nominal,"628: Index, 2010 = 100",1943-Q1,0.0199,0: Units,,,,A: Normal value,F: Free,
dataflow,BIS:WS_SPP(1.0): Selected residential property prices,I,Q: Quarterly,IT: Italy,N: Nominal,"628: Index, 2010 = 100",1943-Q2,0.0209,0: Units,,,,A: Normal value,F: Free,
dataflow,BIS:WS_SPP(1.0): Selected residential property prices,I,Q: Quarterly,IT: Italy,N: Nominal,"628: Index, 2010 = 100",1943-Q3,0.0287,0: Units,,,,A: Normal value,F: Free,
dataflow,BIS:WS_SPP(1.0): Selected residential property prices,I,Q: Quarterly,IT: Italy,N: Nominal,"628: Index, 2010 = 100",1943-Q4,0.0435,0: Units,,,,A: Normal value,F: Free,
dataflow,BIS:WS_SPP(1.0): Selected residential property prices,I,Q: Quarterly,IT: Italy,N: Nominal,"628: Index, 2010 = 100",1944-Q1,0.0582,0: Units,,,,A: Normal value,F: Free,
dataflow,BIS:WS_SPP(1.0): Selected residential property prices,I,Q: Quarterly,IT: Italy,N: Nominal,"628: Index, 2010 = 100",1944-Q2,0.0729,0: Units,,,,A: Normal value,F: Free,
dataflow,BIS:WS_SPP(1.0): Selected residential property prices,I,Q: Quarterly,IT: Italy,N: Nominal,"628: Index, 2010 = 100",1944-Q3,0.1164,0: Units,,,,A: Normal value,F: Free,
dataflow,BIS:WS_SPP(1.0): Selected residential property prices,I,Q: Quarterly,IT: Italy,N: Nominal,"628: Index, 2010 = 100",1944-Q4,0.1901,0: Units,,,,A: Normal value,F: Free,
dataflow,BIS:WS_SPP(1.0): Selected residential property prices,I,Q: Quarterly,IT: Italy,N: Nominal,"628: Index, 2010 = 100",1945-Q1,0.2631,0: Units,,,,A: Normal value,F: Free,
dataflow,BIS:WS_SPP(1.0): Selected residential property prices,I,Q: Quarterly,IT: Italy,N: Nominal,"628: Index, 2010 = 100",1945-Q2,0.3356,0: Units,,,,A: Normal value,F: Free,
dataflow,BIS:WS_SPP(1.0): Selected residential property prices,I,Q: Quarterly,IT: Italy,N: Nominal,"628: Index, 2010 = 100",1945-Q3,0.3961,0: Units,,,,A: Normal value,F: Free,
dataflow,BIS:WS_SPP(1.0): Selected residential property prices,I,Q: Quarterly,IT: Italy,N: Nominal,"628: Index, 2010 = 100",1945-Q4,0.4434,0: Units,,,,A: Normal value,F: Free,
dataflow,BIS:WS_SPP(1.0): Selected residential property prices,I,Q: Quarterly,IT: Italy,N: Nominal,"628: Index, 2010 = 100",1946-Q1,0.4902,0: Units,,,,A: Normal value,F: Free,
dataflow,BIS:WS_SPP(1.0): Selected residential property prices,I,Q: Quarterly,IT: Italy,N: Nominal,"628: Index, 2010 = 100",1946-Q2,0.5367,0: Units,,,,A: Normal value,F: Free,
dataflow,BIS:WS_SPP(1.0): Selected residential property prices,I,Q: Quarterly,IT: Italy,N: Nominal,"628: Index, 2010 = 100",1946-Q3,0.5995,0: Units,,,,A: Normal value,F: Free,
dataflow,BIS:WS_SPP(1.0): Selected residential property prices,I,Q: Quarterly,IT: Italy,N: Nominal,"628: Index, 2010 = 100",1946-Q4,0.6793,0: Units,,,,A: Normal value,F: Free,
dataflow,BIS:WS_SPP(1.0): Selected residential property prices,I,Q: Quarterly,IT: Italy,N: Nominal,"628: Index, 2010 = 100",1947-Q1,0.7583,0: Units,,,,A: Normal value,F: Free,
dataflow,BIS:WS_SPP(1.0): Selected residential property prices,I,Q: Quarterly,IT: Italy,N: Nominal,"628: Index, 2010 = 100",1947-Q2,0.8368,0: Units,,,,A: Normal value,F: Free,
dataflow,BIS:WS_SPP(1.0): Selected residential property prices,I,Q: Quarterly,IT: Italy,N: Nominal,"628: Index, 2010 = 100",1947-Q3,0.9002,0: Units,,,,A: Normal value,F: Free,
dataflow,BIS:WS_SPP(1.0): Selected residential property prices,I,Q: Quarterly,IT: Italy,N: Nominal,"628: Index, 2010 = 100",1947-Q4,0.9469,0: Units,,,,A: Normal value,F: Free,
dataflow,BIS:WS_SPP(1.0): Selected residential property prices,I,Q: Quarterly,IT: Italy,N: Nominal,"628: Index, 2010 = 100",1948-Q1,1.0434,0: Units,,,,A: Normal value,F: Free,
dataflow,BIS:WS_SPP(1.0): Selected residential property prices,I,Q: Quarterly,IT: Italy,N: Nominal,"628: Index, 2010 = 100",1948-Q2,1.0723,0: Units,,,,A: Normal value,F: Free,
dataflow,BIS:WS_SPP(1.0): Selected residential property prices,I,Q: Quarterly,IT: Italy,N: Nominal,"628: Index, 2010 = 100",1948-Q3,0.987,0: Units,,,,A: Normal value,F: Free,
dataflow,BIS:WS_SPP(1.0): Selected residential property prices,I,Q: Quarterly,IT: Italy,N: Nominal,"628: Index, 2010 = 100",1948-Q4,1.0198,0: Units,,,,A: Normal value,F: Free,
dataflow,BIS:WS_SPP(1.0): Selected residential property prices,I,Q: Quarterly,IT: Italy,N: Nominal,"628: Index, 2010 = 100",1949-Q1,1.0494,0: Units,,,,A: Normal value,F: Free,
dataflow,BIS:WS_SPP(1.0): Selected residential property prices,I,Q: Quarterly,IT: Italy,N: Nominal,"628: Index, 2010 = 100",1949-Q2,1.0536,0: Units,,,,A: Normal value,F: Free,
dataflow,BIS:WS_SPP(1.0): Selected residential property prices,I,Q: Quarterly,IT: Italy,N: Nominal,"628: Index, 2010 = 100",1949-Q3,0.9601,0: Units,,,,A: Normal value,F: Free,
dataflow,BIS:WS_SPP(1.0): Selected residential property prices,I,Q: Quarterly,IT: Italy,N: Nominal,"628: Index, 2010 = 100",1949-Q4,0.9204,0: Units,,,,A: Normal value,F: Free,
dataflow,BIS:WS_SPP(1.0): Selected residential property prices,I,Q: Quarterly,IT: Italy,N: Nominal,"628: Index, 2010 = 100",1950-Q1,0.9168,0: Units,,,,A: Normal value,F: Free,
dataflow,BIS:WS_SPP(1.0): Selected residential property prices,I,Q: Quarterly,IT: Italy,N: Nominal,"628: Index, 2010 = 100",1950-Q2,0.9824,0: Units,,,,A: Normal value,F: Free,
dataflow,BIS:WS_SPP(1.0): Selected residential property prices,I,Q: Quarterly,IT: Italy,N: Nominal,"628: Index, 2010 = 100",1950-Q3,1.0612,0: Units,,,,A: Normal value,F: Free,
dataflow,BIS:WS_SPP(1.0): Selected residential property prices,I,Q: Quarterly,IT: Italy,N: Nominal,"628: Index, 2010 = 100",1950-Q4,1.0745,0: Units,,,,A: Normal value,F: Free,
dataflow,BIS:WS_SPP(1.0): Selected residential property prices,I,Q: Quarterly,IT: Italy,N: Nominal,"628: Index, 2010 = 100",1951-Q1,1.1429,0: Units,,,,A: Normal value,F: Free,
dataflow,BIS:WS_SPP(1.0): Selected residential property prices,I,Q: Quarterly,IT: Italy,N: Nominal,"628: Index, 2010 = 100",1951-Q2,1.2261,0: Units,,,,A: Normal value,F: Free,
dataflow,BIS:WS_SPP(1.0): Selected residential property prices,I,Q: Quarterly,IT: Italy,N: Nominal,"628: Index, 2010 = 100",1951-Q3,1.216,0: Units,,,,A: Normal value,F: Free,
dataflow,BIS:WS_SPP(1.0): Selected residential property prices,I,Q: Quarterly,IT: Italy,N: Nominal,"628: Index, 2010 = 100",1951-Q4,1.2004,0: Units,,,,A: Normal value,F: Free,
dataflow,BIS:WS_SPP(1.0): Selected residential property prices,I,Q: Quarterly,IT: Italy,N: Nominal,"628: Index, 2010 = 100",1952-Q1,1.196,0: Units,,,,A: Normal value,F: Free,
dataflow,BIS:WS_SPP(1.0): Selected residential property prices,I,Q: Quarterly,IT: Italy,N: Nominal,"628: Index, 2010 = 100",1952-Q2,1.2136,0: Units,,,,A: Normal value,F: Free,
dataflow,BIS:WS_SPP(1.0): Selected residential property prices,I,Q: Quarterly,IT: Italy,N: Nominal,"628: Index, 2010 = 100",1952-Q3,1.229,0: Units,,,,A: Normal value,F: Free,
dataflow,BIS:WS_SPP(1.0): Selected residential property prices,I,Q: Quarterly,IT: Italy,N: Nominal,"628: Index, 2010 = 100",1952-Q4,1.2389,0: Units,,,,A: Normal value,F: Free,
dataflow,BIS:WS_SPP(1.0): Selected residential property prices,I,Q: Quarterly,IT: Italy,N: Nominal,"628: Index, 2010 = 100",1953-Q1,1.2198,0: Units,,,,A: Normal value,F: Free,
dataflow,BIS:WS_SPP(1.0): Selected residential property prices,I,Q: Quarterly,IT: Italy,N: Nominal,"628: Index, 2010 = 100",1953-Q2,1.2591,0: Units,,,,A: Normal value,F: Free,
dataflow,BIS:WS_SPP(1.0): Selected residential property prices,I,Q: Quarterly,IT: Italy,N: Nominal,"628: Index, 2010 = 100",1953-Q3,1.208,0: Units,,,,A: Normal value,F: Free,
dataflow,BIS:WS_SPP(1.0): Selected residential property prices,I,Q: Quarterly,IT: Italy,N: Nominal,"628: Index, 2010 = 100",1953-Q4,1.2307,0: Units,,,,A: Normal value,F: Free,
dataflow,BIS:WS_SPP(1.0): Selected residential property prices,I,Q: Quarterly,IT: Italy,N: Nominal,"628: Index, 2010 = 100",1954-Q1,1.2635,0: Units,,,,A: Normal value,F: Free,
dataflow,BIS:WS_SPP(1.0): Selected residential property prices,I,Q: Quarterly,IT: Italy,N: Nominal,"628: Index, 2010 = 100",1954-Q2,1.2661,0: Units,,,,A: Normal value,F: Free,
dataflow,BIS:WS_SPP(1.0): Selected residential property prices,I,Q: Quarterly,IT: Italy,N: Nominal,"628: Index, 2010 = 100",1954-Q3,1.2893,0: Units,,,,A: Normal value,F: Free,
dataflow,BIS:WS_SPP(1.0): Selected residential property prices,I,Q: Quarterly,IT: Italy,N: Nominal,"628: Index, 2010 = 100",1954-Q4,1.3117,0: Units,,,,A: Normal value,F: Free,
dataflow,BIS:WS_SPP(1.0): Selected residential property prices,I,Q: Quarterly,IT: Italy,N: Nominal,"628: Index, 2010 = 100",1955-Q1,1.3217,0: Units,,,,A: Normal value,F: Free,
dataflow,BIS:WS_SPP(1.0): Selected residential property prices,I,Q: Quarterly,IT: Italy,N: Nominal,"628: Index, 2010 = 100",1955-Q2,1.3148,0: Units,,,,A: Normal value,F: Free,
dataflow,BIS:WS_SPP(1.0): Selected residential property prices,I,Q: Quarterly,IT: Italy,N: Nominal,"628: Index, 2010 = 100",1955-Q3,1.3087,0: Units,,,,A: Normal value,F: Free,
dataflow,BIS:WS_SPP(1.0): Selected residential property prices,I,Q: Quarterly,IT: Italy,N: Nominal,"628: Index, 2010 = 100",1955-Q4,1.307,0: Units,,,,A: Normal value,F: Free,
dataflow,BIS:WS_SPP(1.0): Selected residential property prices,I,Q: Quarterly,IT: Italy,N: Nominal,"628: Index, 2010 = 100",1956-Q1,1.3434,0: Units,,,,A: Normal value,F: Free,
dataflow,BIS:WS_SPP(1.0): Selected residential property prices,I,Q: Quarterly,IT: Italy,N: Nominal,"628: Index, 2010 = 100",1956-Q2,1.3547,0: Units,,,,A: Normal value,F: Free,
dataflow,BIS:WS_SPP(1.0): Selected residential property prices,I,Q: Quarterly,IT: Italy,N: Nominal,"628: Index, 2010 = 100",1956-Q3,1.3438,0: Units,,,,A: Normal value,F: Free,
dataflow,BIS:WS_SPP(1.0): Selected residential property prices,I,Q: Quarterly,IT: Italy,N: Nominal,"628: Index, 2010 = 100",1956-Q4,1.3622,0: Units,,,,A: Normal value,F: Free,
dataflow,BIS:WS_SPP(1.0): Selected residential property prices,I,Q: Quarterly,IT: Italy,N: Nominal,"628: Index, 2010 = 100",1957-Q1,1.3848,0: Units,,,,A: Normal value,F: Free,
dataflow,BIS:WS_SPP(1.0): Selected residential property prices,I,Q: Quarterly,IT: Italy,N: Nominal,"628: Index, 2010 = 100",1957-Q2,1.3778,0: Units,,,,A: Normal value,F: Free,
dataflow,BIS:WS_SPP(1.0): Selected residential property prices,I,Q: Quarterly,IT: Italy,N: Nominal,"628: Index, 2010 = 100",1957-Q3,1.3837,0: Units,,,,A: Normal value,F: Free,
dataflow,BIS:WS_SPP(1.0): Selected residential property prices,I,Q: Quarterly,IT: Italy,N: Nominal,"628: Index, 2010 = 100",1957-Q4,1.401,0: Units,,,,A: Normal value,F: Free,
dataflow,BIS:WS_SPP(1.0): Selected residential property prices,I,Q: Quarterly,IT: Italy,N: Nominal,"628: Index, 2010 = 100",1958-Q1,1.3892,0: Units,,,,A: Normal value,F: Free,
dataflow,BIS:WS_SPP(1.0): Selected residential property prices,I,Q: Quarterly,IT: Italy,N: Nominal,"628: Index, 2010 = 100",1958-Q2,1.4114,0: Units,,,,A: Normal value,F: Free,
dataflow,BIS:WS_SPP(1.0): Selected residential property prices,I,Q: Quarterly,IT: Italy,N: Nominal,"628: Index, 2010 = 100",1958-Q3,1.3995,0: Units,,,,A: Normal value,F: Free,
dataflow,BIS:WS_SPP(1.0): Selected residential property prices,I,Q: Quarterly,IT: Italy,N: Nominal,"628: Index, 2010 = 100",1958-Q4,1.3765,0: Units,,,,A: Normal value,F: Free,
dataflow,BIS:WS_SPP(1.0): Selected residential property prices,I,Q: Quarterly,IT: Italy,N: Nominal,"628: Index, 2010 = 100",1959-Q1,1.366,0: Units,,,,A: Normal value,F: Free,
dataflow,BIS:WS_SPP(1.0): Selected residential property prices,I,Q: Quarterly,IT: Italy,N: Nominal,"628: Index, 2010 = 100",1959-Q2,1.3808,0: Units,,,,A: Normal value,F: Free,
dataflow,BIS:WS_SPP(1.0): Selected residential property prices,I,Q: Quarterly,IT: Italy,N: Nominal,"628: Index, 2010 = 100",1959-Q3,1.3827,0: Units,,,,A: Normal value,F: Free,
dataflow,BIS:WS_SPP(1.0): Selected residential property prices,I,Q: Quarterly,IT: Italy,N: Nominal,"628: Index, 2010 = 100",1959-Q4,1.4255,0: Units,,,,A: Normal value,F: Free,
dataflow,BIS:WS_SPP(1.0): Selected residential property prices,I,Q: Quarterly,IT: Italy,N: Nominal,"628: Index, 2010 = 100",1960-Q1,1.4347,0: Units,,,,A: Normal value,F: Free,
dataflow,BIS:WS_SPP(1.0): Selected residential property prices,I,Q: Quarterly,IT: Italy,N: Nominal,"628: Index, 2010 = 100",1960-Q2,1.4102,0: Units,,,,A: Normal value,F: Free,
dataflow,BIS:WS_SPP(1.0): Selected residential property prices,I,Q: Quarterly,IT: Italy,N: Nominal,"628: Index, 2010 = 100",1960-Q3,1.4257,0: Units,,,,A: Normal value,F: Free,
dataflow,BIS:WS_SPP(1.0): Selected residential property prices,I,Q: Quarterly,IT: Italy,N: Nominal,"628: Index, 2010 = 100",1960-Q4,1.4394,0: Units,,,,A: Normal value,F: Free,
dataflow,BIS:WS_SPP(1.0): Selected residential property prices,I,Q: Quarterly,IT: Italy,N: Nominal,"628: Index, 2010 = 100",1961-Q1,1.4657,0: Units,,,,A: Normal value,F: Free,
dataflow,BIS:WS_SPP(1.0): Selected residential property prices,I,Q: Quarterly,IT: Italy,N: Nominal,"628: Index, 2010 = 100",1961-Q2,1.4879,0: Units,,,,A: Normal value,F: Free,
dataflow,BIS:WS_SPP(1.0): Selected residential property prices,I,Q: Quarterly,IT: Italy,N: Nominal,"628: Index, 2010 = 100",1961-Q3,1.5014,0: Units,,,,A: Normal value,F: Free,
dataflow,BIS:WS_SPP(1.0): Selected residential property prices,I,Q: Quarterly,IT: Italy,N: Nominal,"628: Index, 2010 = 100",1961-Q4,1.5228,0: Units,,,,A: Normal value,F: Free,
dataflow,BIS:WS_SPP(1.0): Selected residential property prices,I,Q: Quarterly,IT: Italy,N: Nominal,"628: Index, 2010 = 100",1962-Q1,1.5654,0: Units,,,,A: Normal value,F: Free,
dataflow,BIS:WS_SPP(1.0): Selected residential property prices,I,Q: Quarterly,IT: Italy,N: Nominal,"628: Index, 2010 = 100",1962-Q2,1.6165,0: Units,,,,A: Normal value,F: Free,
dataflow,BIS:WS_SPP(1.0): Selected residential property prices,I,Q: Quarterly,IT: Italy,N: Nominal,"628: Index, 2010 = 100",1962-Q3,1.6199,0: Units,,,,A: Normal value,F: Free,
dataflow,BIS:WS_SPP(1.0): Selected residential property prices,I,Q: Quarterly,IT: Italy,N: Nominal,"628: Index, 2010 = 100",1962-Q4,1.6378,0: Units,,,,A: Normal value,F: Free,
dataflow,BIS:WS_SPP(1.0): Selected residential property prices,I,Q: Quarterly,IT: Italy,N: Nominal,"628: Index, 2010 = 100",1963-Q1,1.7321,0: Units,,,,A: Normal value,F: Free,
dataflow,BIS:WS_SPP(1.0): Selected residential property prices,I,Q: Quarterly,IT: Italy,N: Nominal,"628: Index, 2010 = 100",1963-Q2,1.7382,0: Units,,,,A: Normal value,F: Free,
dataflow,BIS:WS_SPP(1.0): Selected residential property prices,I,Q: Quarterly,IT: Italy,N: Nominal,"628: Index, 2010 = 100",1963-Q3,1.7309,0: Units,,,,A: Normal value,F: Free,
dataflow,BIS:WS_SPP(1.0): Selected residential property prices,I,Q: Quarterly,IT: Italy,N: Nominal,"628: Index, 2010 = 100",1963-Q4,1.8301,0: Units,,,,A: Normal value,F: Free,
dataflow,BIS:WS_SPP(1.0): Selected residential property prices,I,Q: Quarterly,IT: Italy,N: Nominal,"628: Index, 2010 = 100",1964-Q1,1.8956,0: Units,,,,A: Normal value,F: Free,
dataflow,BIS:WS_SPP(1.0): Selected residential property prices,I,Q: Quarterly,IT: Italy,N: Nominal,"628: Index, 2010 = 100",1964-Q2,1.9526,0: Units,,,,A: Normal value,F: Free,
dataflow,BIS:WS_SPP(1.0): Selected residential property prices,I,Q: Quarterly,IT: Italy,N: Nominal,"628: Index, 2010 = 100",1964-Q3,1.9922,0: Units,,,,A: Normal value,F: Free,
dataflow,BIS:WS_SPP(1.0): Selected residential property prices,I,Q: Quarterly,IT: Italy,N: Nominal,"628: Index, 2010 = 100",1964-Q4,1.9873,0: Units,,,,A: Normal value,F: Free,
dataflow,BIS:WS_SPP(1.0): Selected residential property prices,I,Q: Quarterly,IT: Italy,N: Nominal,"628: Index, 2010 = 100",1965-Q1,1.9749,0: Units,,,,A: Normal value,F: Free,
dataflow,BIS:WS_SPP(1.0): Selected residential property prices,I,Q: Quarterly,IT: Italy,N: Nominal,"628: Index, 2010 = 100",1965-Q2,1.9333,0: Units,,,,A: Normal value,F: Free,
dataflow,BIS:WS_SPP(1.0): Selected residential property prices,I,Q: Quarterly,IT: Italy,N: Nominal,"628: Index, 2010 = 100",1965-Q3,1.941,0: Units,,,,A: Normal value,F: Free,
dataflow,BIS:WS_SPP(1.0): Selected residential property prices,I,Q: Quarterly,IT: Italy,N: Nominal,"628: Index, 2010 = 100",1965-Q4,1.9624,0: Units,,,,A: Normal value,F: Free,
dataflow,BIS:WS_SPP(1.0): Selected residential property prices,I,Q: Quarterly,IT: Italy,N: Nominal,"628: Index, 2010 = 100",1966-Q1,1.9839,0: Units,,,,A: Normal value,F: Free,
dataflow,BIS:WS_SPP(1.0): Selected residential property prices,I,Q: Quarterly,IT: Italy,N: Nominal,"628: Index, 2010 = 100",1966-Q2,1.9844,0: Units,,,,A: Normal value,F: Free,
dataflow,BIS:WS_SPP(1.0): Selected residential property prices,I,Q: Quarterly,IT: Italy,N: Nominal,"628: Index, 2010 = 100",1966-Q3,1.9622,0: Units,,,,A: Normal value,F: Free,
dataflow,BIS:WS_SPP(1.0): Selected residential property prices,I,Q: Quarterly,IT: Italy,N: Nominal,"628: Index, 2010 = 100",1966-Q4,1.9494,0: Units,,,,A: Normal value,F: Free,
dataflow,BIS:WS_SPP(1.0): Selected residential property prices,I,Q: Quarterly,IT: Italy,N: Nominal,"628: Index, 2010 = 100",1967-Q1,1.9879,0: Units,,,,A: Normal value,F: Free,
dataflow,BIS:WS_SPP(1.0): Selected residential property prices,I,Q: Quarterly,IT: Italy,N: Nominal,"628: Index, 2010 = 100",1967-Q2,1.9635,0: Units,,,,A: Normal value,F: Free,
dataflow,BIS:WS_SPP(1.0): Selected residential property prices,I,Q: Quarterly,IT: Italy,N: Nominal,"628: Index, 2010 = 100",1967-Q3,2.0054,0: Units,,,,A: Normal value,F: Free,
dataflow,BIS:WS_SPP(1.0): Selected residential property prices,I,Q: Quarterly,IT: Italy,N: Nominal,"628: Index, 2010 = 100",1967-Q4,2.0753,0: Units,,,,A: Normal value,F: Free,
dataflow,BIS:WS_SPP(1.0): Selected residential property prices,I,Q: Quarterly,IT: Italy,N: Nominal,"628: Index, 2010 = 100",1968-Q1,2.1366,0: Units,,,,A: Normal value,F: Free,
dataflow,BIS:WS_SPP(1.0): Selected residential property prices,I,Q: Quarterly,IT: Italy,N: Nominal,"628: Index, 2010 = 100",1968-Q2,2.2102,0: Units,,,,A: Normal value,F: Free,
dataflow,BIS:WS_SPP(1.0): Selected residential property prices,I,Q: Quarterly,IT: Italy,N: Nominal,"628: Index, 2010 = 100",1968-Q3,2.2126,0: Units,,,,A: Normal value,F: Free,
dataflow,BIS:WS_SPP(1.0): Selected residential property prices,I,Q: Quarterly,IT: Italy,N: Nominal,"628: Index, 2010 = 100",1968-Q4,2.2097,0: Units,,,,A: Normal value,F: Free,
dataflow,BIS:WS_SPP(1.0): Selected residential property prices,I,Q: Quarterly,IT: Italy,N: Nominal,"628: Index, 2010 = 100",1969-Q1,2.228,0: Units,,,,A: Normal value,F: Free,
dataflow,BIS:WS_SPP(1.0): Selected residential property prices,I,Q: Quarterly,IT: Italy,N: Nominal,"628: Index, 2010 = 100",1969-Q2,2.2592,0: Units,,,,A: Normal value,F: Free,
dataflow,BIS:WS_SPP(1.0): Selected residential property prices,I,Q: Quarterly,IT: Italy,N: Nominal,"628: Index, 2010 = 100",1969-Q3,2.2957,0: Units,,,,A: Normal value,F: Free,
dataflow,BIS:WS_SPP(1.0): Selected residential property prices,I,Q: Quarterly,IT: Italy,N: Nominal,"628: Index, 2010 = 100",1969-Q4,2.3249,0: Units,,,,A: Normal value,F: Free,
dataflow,BIS:WS_SPP(1.0): Selected residential property prices,I,Q: Quarterly,IT: Italy,N: Nominal,"628: Index, 2010 = 100",1970-Q1,2.3797,0: Units,,,,A: Normal value,F: Free,
dataflow,BIS:WS_SPP(1.0): Selected residential property prices,I,Q: Quarterly,IT: Italy,N: Nominal,"628: Index, 2010 = 100",1970-Q2,2.4262,0: Units,,,,A: Normal value,F: Free,
dataflow,BIS:WS_SPP(1.0): Selected residential property prices,I,Q: Quarterly,IT: Italy,N: Nominal,"628: Index, 2010 = 100",1970-Q3,2.4258,0: Units,,,,A: Normal value,F: Free,
dataflow,BIS:WS_SPP(1.0): Selected residential property prices,I,Q: Quarterly,IT: Italy,N: Nominal,"628: Index, 2010 = 100",1970-Q4,2.4533,0: Units,,,,A: Normal value,F: Free,
dataflow,BIS:WS_SPP(1.0): Selected residential property prices,I,Q: Quarterly,IT: Italy,N: Nominal,"628: Index, 2010 = 100",1971-Q1,2.4175,0: Units,,,,A: Normal value,F: Free,
dataflow,BIS:WS_SPP(1.0): Selected residential property prices,I,Q: Quarterly,IT: Italy,N: Nominal,"628: Index, 2010 = 100",1971-Q2,2.4724,0: Units,,,,A: Normal value,F: Free,
dataflow,BIS:WS_SPP(1.0): Selected residential property prices,I,Q: Quarterly,IT: Italy,N: Nominal,"628: Index, 2010 = 100",1971-Q3,2.5329,0: Units,,,,A: Normal value,F: Free,
dataflow,BIS:WS_SPP(1.0): Selected residential property prices,I,Q: Quarterly,IT: Italy,N: Nominal,"628: Index, 2010 = 100",1971-Q4,2.5659,0: Units,,,,A: Normal value,F: Free,
dataflow,BIS:WS_SPP(1.0): Selected residential property prices,I,Q: Quarterly,IT: Italy,N: Nominal,"628: Index, 2010 = 100",1972-Q1,2.6043,0: Units,,,,A: Normal value,F: Free,
dataflow,BIS:WS_SPP(1.0): Selected residential property prices,I,Q: Quarterly,IT: Italy,N: Nominal,"628: Index, 2010 = 100",1972-Q2,2.6867,0: Units,,,,A: Normal value,F: Free,
dataflow,BIS:WS_SPP(1.0): Selected residential property prices,I,Q: Quarterly,IT: Italy,N: Nominal,"628: Index, 2010 = 100",1972-Q3,2.7527,0: Units,,,,A: Normal value,F: Free,
dataflow,BIS:WS_SPP(1.0): Selected residential property prices,I,Q: Quarterly,IT: Italy,N: Nominal,"628: Index, 2010 = 100",1972-Q4,2.7691,0: Units,,,,A: Normal value,F: Free,
dataflow,BIS:WS_SPP(1.0): Selected residential property prices,I,Q: Quarterly,IT: Italy,N: Nominal,"628: Index, 2010 = 100",1973-Q1,2.8241,0: Units,,,,A: Normal value,F: Free,
dataflow,BIS:WS_SPP(1.0): Selected residential property prices,I,Q: Quarterly,IT: Italy,N: Nominal,"628: Index, 2010 = 100",1973-Q2,3.0274,0: Units,,,,A: Normal value,F: Free,
dataflow,BIS:WS_SPP(1.0): Selected residential property prices,I,Q: Quarterly,IT: Italy,N: Nominal,"628: Index, 2010 = 100",1973-Q3,3.368,0: Units,,,,A: Normal value,F: Free,
dataflow,BIS:WS_SPP(1.0): Selected residential property prices,I,Q: Quarterly,IT: Italy,N: Nominal,"628: Index, 2010 = 100",1973-Q4,3.7856,0: Units,,,,A: Normal value,F: Free,
dataflow,BIS:WS_SPP(1.0): Selected residential property prices,I,Q: Quarterly,IT: Italy,N: Nominal,"628: Index, 2010 = 100",1974-Q1,4.2526,0: Units,,,,A: Normal value,F: Free,
dataflow,BIS:WS_SPP(1.0): Selected residential property prices,I,Q: Quarterly,IT: Italy,N: Nominal,"628: Index, 2010 = 100",1974-Q2,4.7471,0: Units,,,,A: Normal value,F: Free,
dataflow,BIS:WS_SPP(1.0): Selected residential property prices,I,Q: Quarterly,IT: Italy,N: Nominal,"628: Index, 2010 = 100",1974-Q3,5.1921,0: Units,,,,A: Normal value,F: Free,
dataflow,BIS:WS_SPP(1.0): Selected residential property prices,I,Q: Quarterly,IT: Italy,N: Nominal,"628: Index, 2010 = 100",1974-Q4,5.4833,0: Units,,,,A: Normal value,F: Free,
dataflow,BIS:WS_SPP(1.0): Selected residential property prices,I,Q: Quarterly,IT: Italy,N: Nominal,"628: Index, 2010 = 100",1975-Q1,5.6482,0: Units,,,,A: Normal value,F: Free,
dataflow,BIS:WS_SPP(1.0): Selected residential property prices,I,Q: Quarterly,IT: Italy,N: Nominal,"628: Index, 2010 = 100",1975-Q2,5.7416,0: Units,,,,A: Normal value,F: Free,
dataflow,BIS:WS_SPP(1.0): Selected residential property prices,I,Q: Quarterly,IT: Italy,N: Nominal,"628: Index, 2010 = 100",1975-Q3,5.9119,0: Units,,,,A: Normal value,F: Free,
dataflow,BIS:WS_SPP(1.0): Selected residential property prices,I,Q: Quarterly,IT: Italy,N: Nominal,"628: Index, 2010 = 100",1975-Q4,6.1317,0: Units,,,,A: Normal value,F: Free,
dataflow,BIS:WS_SPP(1.0): Selected residential property prices,I,Q: Quarterly,IT: Italy,N: Nominal,"628: Index, 2010 = 100",1976-Q1,6.3679,0: Units,,,,A: Normal value,F: Free,
dataflow,BIS:WS_SPP(1.0): Selected residential property prices,I,Q: Quarterly,IT: Italy,N: Nominal,"628: Index, 2010 = 100",1976-Q2,6.6371,0: Units,,,,A: Normal value,F: Free,
dataflow,BIS:WS_SPP(1.0): Selected residential property prices,I,Q: Quarterly,IT: Italy,N: Nominal,"628: Index, 2010 = 100",1976-Q3,6.9448,0: Units,,,,A: Normal value,F: Free,
dataflow,BIS:WS_SPP(1.0): Selected residential property prices,I,Q: Quarterly,IT: Italy,N: Nominal,"628: Index, 2010 = 100",1976-Q4,7.2141,0: Units,,,,A: Normal value,F: Free,
dataflow,BIS:WS_SPP(1.0): Selected residential property prices,I,Q: Quarterly,IT: Italy,N: Nominal,"628: Index, 2010 = 100",1977-Q1,7.3679,0: Units,,,,A: Normal value,F: Free,
dataflow,BIS:WS_SPP(1.0): Selected residential property prices,I,Q: Quarterly,IT: Italy,N: Nominal,"628: Index, 2010 = 100",1977-Q2,7.4943,0: Units,,,,A: Normal value,F: Free,
dataflow,BIS:WS_SPP(1.0): Selected residential property prices,I,Q: Quarterly,IT: Italy,N: Nominal,"628: Index, 2010 = 100",1977-Q3,7.6151,0: Units,,,,A: Normal value,F: Free,
dataflow,BIS:WS_SPP(1.0): Selected residential property prices,I,Q: Quarterly,IT: Italy,N: Nominal,"628: Index, 2010 = 100",1977-Q4,7.7415,0: Units,,,,A: Normal value,F: Free,
dataflow,BIS:WS_SPP(1.0): Selected residential property prices,I,Q: Quarterly,IT: Italy,N: Nominal,"628: Index, 2010 = 100",1978-Q1,7.9558,0: Units,,,,A: Normal value,F: Free,
dataflow,BIS:WS_SPP(1.0): Selected residential property prices,I,Q: Quarterly,IT: Italy,N: Nominal,"628: Index, 2010 = 100",1978-Q2,8.4063,0: Units,,,,A: Normal value,F: Free,
dataflow,BIS:WS_SPP(1.0): Selected residential property prices,I,Q: Quarterly,IT: Italy,N: Nominal,"628: Index, 2010 = 100",1978-Q3,8.9393,0: Units,,,,A: Normal value,F: Free,
dataflow,BIS:WS_SPP(1.0): Selected residential property prices,I,Q: Quarterly,IT: Italy,N: Nominal,"628: Index, 2010 = 100",1978-Q4,9.3953,0: Units,,,,A: Normal value,F: Free,
dataflow,BIS:WS_SPP(1.0): Selected residential property prices,I,Q: Quarterly,IT: Italy,N: Nominal,"628: Index, 2010 = 100",1979-Q1,9.7909,0: Units,,,,A: Normal value,F: Free,
dataflow,BIS:WS_SPP(1.0): Selected residential property prices,I,Q: Quarterly,IT: Italy,N: Nominal,"628: Index, 2010 = 100",1979-Q2,10.1315,0: Units,,,,A: Normal value,F: Free,
dataflow,BIS:WS_SPP(1.0): Selected residential property prices,I,Q: Quarterly,IT: Italy,N: Nominal,"628: Index, 2010 = 100",1979-Q3,10.5052,0: Units,,,,A: Normal value,F: Free,
dataflow,BIS:WS_SPP(1.0): Selected residential property prices,I,Q: Quarterly,IT: Italy,N: Nominal,"628: Index, 2010 = 100",1979-Q4,10.9777,0: Units,,,,A: Normal value,F: Free,
dataflow,BIS:WS_SPP(1.0): Selected residential property prices,I,Q: Quarterly,IT: Italy,N: Nominal,"628: Index, 2010 = 100",1980-Q1,11.7579,0: Units,,,,A: Normal value,F: Free,
dataflow,BIS:WS_SPP(1.0): Selected residential property prices,I,Q: Quarterly,IT: Italy,N: Nominal,"628: Index, 2010 = 100",1980-Q2,13.038,0: Units,,,,A: Normal value,F: Free,
dataflow,BIS:WS_SPP(1.0): Selected residential property prices,I,Q: Quarterly,IT: Italy,N: Nominal,"628: Index, 2010 = 100",1980-Q3,14.527,0: Units,,,,A: Normal value,F: Free,
dataflow,BIS:WS_SPP(1.0): Selected residential property prices,I,Q: Quarterly,IT: Italy,N: Nominal,"628: Index, 2010 = 100",1980-Q4,15.9061,0: Units,,,,A: Normal value,F: Free,
dataflow,BIS:WS_SPP(1.0): Selected residential property prices,I,Q: Quarterly,IT: Italy,N: Nominal,"628: Index, 2010 = 100",1981-Q1,17.1698,0: Units,,,,A: Normal value,F: Free,
dataflow,BIS:WS_SPP(1.0): Selected residential property prices,I,Q: Quarterly,IT: Italy,N: Nominal,"628: Index, 2010 = 100",1981-Q2,18.2686,0: Units,,,,A: Normal value,F: Free,
dataflow,BIS:WS_SPP(1.0): Selected residential property prices,I,Q: Quarterly,IT: Italy,N: Nominal,"628: Index, 2010 = 100",1981-Q3,19.0653,0: Units,,,,A: Normal value,F: Free,
dataflow,BIS:WS_SPP(1.0): Selected residential property prices,I,Q: Quarterly,IT: Italy,N: Nominal,"628: Index, 2010 = 100",1981-Q4,19.4664,0: Units,,,,A: Normal value,F: Free,
dataflow,BIS:WS_SPP(1.0): Selected residential property prices,I,Q: Quarterly,IT: Italy,N: Nominal,"628: Index, 2010 = 100",1982-Q1,19.7961,0: Units,,,,A: Normal value,F: Free,
dataflow,BIS:WS_SPP(1.0): Selected residential property prices,I,Q: Quarterly,IT: Italy,N: Nominal,"628: Index, 2010 = 100",1982-Q2,20.3894,0: Units,,,,A: Normal value,F: Free,
dataflow,BIS:WS_SPP(1.0): Selected residential property prices,I,Q: Quarterly,IT: Italy,N: Nominal,"628: Index, 2010 = 100",1982-Q3,20.9609,0: Units,,,,A: Normal value,F: Free,
dataflow,BIS:WS_SPP(1.0): Selected residential property prices,I,Q: Quarterly,IT: Italy,N: Nominal,"628: Index, 2010 = 100",1982-Q4,21.4389,0: Units,,,,A: Normal value,F: Free,
dataflow,BIS:WS_SPP(1.0): Selected residential property prices,I,Q: Quarterly,IT: Italy,N: Nominal,"628: Index, 2010 = 100",1983-Q1,21.829,0: Units,,,,A: Normal value,F: Free,
dataflow,BIS:WS_SPP(1.0): Selected residential property prices,I,Q: Quarterly,IT: Italy,N: Nominal,"628: Index, 2010 = 100",1983-Q2,22.1751,0: Units,,,,A: Normal value,F: Free,
dataflow,BIS:WS_SPP(1.0): Selected residential property prices,I,Q: Quarterly,IT: Italy,N: Nominal,"628: Index, 2010 = 100",1983-Q3,22.4498,0: Units,,,,A: Normal value,F: Free,
dataflow,BIS:WS_SPP(1.0): Selected residential property prices,I,Q: Quarterly,IT: Italy,N: Nominal,"628: Index, 2010 = 100",1983-Q4,22.6311,0: Units,,,,A: Normal value,F: Free,
dataflow,BIS:WS_SPP(1.0): Selected residential property prices,I,Q: Quarterly,IT: Italy,N: Nominal,"628: Index, 2010 = 100",1984-Q1,22.7575,0: Units,,,,A: Normal value,F: Free,
dataflow,BIS:WS_SPP(1.0): Selected residential property prices,I,Q: Quarterly,IT: Italy,N: Nominal,"628: Index, 2010 = 100",1984-Q2,22.8344,0: Units,,,,A: Normal value,F: Free,
dataflow,BIS:WS_SPP(1.0): Selected residential property prices,I,Q: Quarterly,IT: Italy,N: Nominal,"628: Index, 2010 = 100",1984-Q3,22.9113,0: Units,,,,A: Normal value,F: Free,
dataflow,BIS:WS_SPP(1.0): Selected residential property prices,I,Q: Quarterly,IT: Italy,N: Nominal,"628: Index, 2010 = 100",1984-Q4,22.9938,0: Units,,,,A: Normal value,F: Free,
dataflow,BIS:WS_SPP(1.0): Selected residential property prices,I,Q: Quarterly,IT: Italy,N: Nominal,"628: Index, 2010 = 100",1985-Q1,23.1201,0: Units,,,,A: Normal value,F: Free,
dataflow,BIS:WS_SPP(1.0): Selected residential property prices,I,Q: Quarterly,IT: Italy,N: Nominal,"628: Index, 2010 = 100",1985-Q2,23.2355,0: Units,,,,A: Normal value,F: Free,
dataflow,BIS:WS_SPP(1.0): Selected residential property prices,I,Q: Quarterly,IT: Italy,N: Nominal,"628: Index, 2010 = 100",1985-Q3,23.3948,0: Units,,,,A: Normal value,F: Free,
dataflow,BIS:WS_SPP(1.0): Selected residential property prices,I,Q: Quarterly,IT: Italy,N: Nominal,"628: Index, 2010 = 100",1985-Q4,23.4992,0: Units,,,,A: Normal value,F: Free,
dataflow,BIS:WS_SPP(1.0): Selected residential property prices,I,Q: Quarterly,IT: Italy,N: Nominal,"628: Index, 2010 = 100",1986-Q1,23.6751,0: Units,,,,A: Normal value,F: Free,
dataflow,BIS:WS_SPP(1.0): Selected residential property prices,I,Q: Quarterly,IT: Italy,N: Nominal,"628: Index, 2010 = 100",1986-Q2,23.9003,0: Units,,,,A: Normal value,F: Free,
dataflow,BIS:WS_SPP(1.0): Selected residential property prices,I,Q: Quarterly,IT: Italy,N: Nominal,"628: Index, 2010 = 100",1986-Q3,24.0926,0: Units,,,,A: Normal value,F: Free,
dataflow,BIS:WS_SPP(1.0): Selected residential property prices,I,Q: Quarterly,IT: Italy,N: Nominal,"628: Index, 2010 = 100",1986-Q4,24.23,0: Units,,,,A: Normal value,F: Free,
dataflow,BIS:WS_SPP(1.0): Selected residential property prices,I,Q: Quarterly,IT: Italy,N: Nominal,"628: Index, 2010 = 100",1987-Q1,24.5651,0: Units,,,,A: Normal value,F: Free,
dataflow,BIS:WS_SPP(1.0): Selected residential property prices,I,Q: Quarterly,IT: Italy,N: Nominal,"628: Index, 2010 = 100",1987-Q2,25.0761,0: Units,,,,A: Normal value,F: Free,
dataflow,BIS:WS_SPP(1.0): Selected residential property prices,I,Q: Quarterly,IT: Italy,N: Nominal,"628: Index, 2010 = 100",1987-Q3,25.631,0: Units,,,,A: Normal value,F: Free,
dataflow,BIS:WS_SPP(1.0): Selected residential property prices,I,Q: Quarterly,IT: Italy,N: Nominal,"628: Index, 2010 = 100",1987-Q4,26.1585,0: Units,,,,A: Normal value,F: Free,
dataflow,BIS:WS_SPP(1.0): Selected residential property prices,I,Q: Quarterly,IT: Italy,N: Nominal,"628: Index, 2010 = 100",1988-Q1,26.9057,0: Units,,,,A: Normal value,F: Free,
dataflow,BIS:WS_SPP(1.0): Selected residential property prices,I,Q: Quarterly,IT: Italy,N: Nominal,"628: Index, 2010 = 100",1988-Q2,28.076,0: Units,,,,A: Normal value,F: Free,
dataflow,BIS:WS_SPP(1.0): Selected residential property prices,I,Q: Quarterly,IT: Italy,N: Nominal,"628: Index, 2010 = 100",1988-Q3,29.2298,0: Units,,,,A: Normal value,F: Free,
dataflow,BIS:WS_SPP(1.0): Selected residential property prices,I,Q: Quarterly,IT: Italy,N: Nominal,"628: Index, 2010 = 100",1988-Q4,30.2847,0: Units,,,,A: Normal value,F: Free,
dataflow,BIS:WS_SPP(1.0): Selected residential property prices,I,Q: Quarterly,IT: Italy,N: Nominal,"628: Index, 2010 = 100",1989-Q1,31.4385,0: Units,,,,A: Normal value,F: Free,
dataflow,BIS:WS_SPP(1.0): Selected residential property prices,I,Q: Quarterly,IT: Italy,N: Nominal,"628: Index, 2010 = 100",1989-Q2,33.0044,0: Units,,,,A: Normal value,F: Free,
dataflow,BIS:WS_SPP(1.0): Selected residential property prices,I,Q: Quarterly,IT: Italy,N: Nominal,"628: Index, 2010 = 100",1989-Q3,34.5703,0: Units,,,,A: Normal value,F: Free,
dataflow,BIS:WS_SPP(1.0): Selected residential property prices,I,Q: Quarterly,IT: Italy,N: Nominal,"628: Index, 2010 = 100",1989-Q4,35.9549,0: Units,,,,A: Normal value,F: Free,
dataflow,BIS:WS_SPP(1.0): Selected residential property prices,I,Q: Quarterly,IT: Italy,N: Nominal,"628: Index, 2010 = 100",1990-Q1,37.4114,0: Units,,,,A: Normal value,F: Free,
dataflow,BIS:WS_SPP(1.0): Selected residential property prices,I,Q: Quarterly,IT: Italy,N: Nominal,"628: Index, 2010 = 100",1990-Q2,38.9358,0: Units,,,,A: Normal value,F: Free,
dataflow,BIS:WS_SPP(1.0): Selected residential property prices,I,Q: Quarterly,IT: Italy,N: Nominal,"628: Index, 2010 = 100",1990-Q3,40.1062,0: Units,,,,A: Normal value,F: Free,
dataflow,BIS:WS_SPP(1.0): Selected residential property prices,I,Q: Quarterly,IT: Italy,N: Nominal,"628: Index, 2010 = 100",1990-Q4,41.8107,0: Units,,,,A: Normal value,F: Free,
dataflow,BIS:WS_SPP(1.0): Selected residential property prices,I,Q: Quarterly,IT: Italy,N: Nominal,"628: Index, 2010 = 100",1991-Q1,44.003,0: Units,,,,A: Normal value,F: Free,
dataflow,BIS:WS_SPP(1.0): Selected residential property prices,I,Q: Quarterly,IT: Italy,N: Nominal,"628: Index, 2010 = 100",1991-Q2,45.6258,0: Units,,,,A: Normal value,F: Free,
dataflow,BIS:WS_SPP(1.0): Selected residential property prices,I,Q: Quarterly,IT: Italy,N: Nominal,"628: Index, 2010 = 100",1991-Q3,46.3044,0: Units,,,,A: Normal value,F: Free,
dataflow,BIS:WS_SPP(1.0): Selected residential property prices,I,Q: Quarterly,IT: Italy,N: Nominal,"628: Index, 2010 = 100",1991-Q4,47.4217,0: Units,,,,A: Normal value,F: Free,
dataflow,BIS:WS_SPP(1.0): Selected residential property prices,I,Q: Quarterly,IT: Italy,N: Nominal,"628: Index, 2010 = 100",1992-Q1,50.4696,0: Units,,,,A: Normal value,F: Free,
dataflow,BIS:WS_SPP(1.0): Selected residential property prices,I,Q: Quarterly,IT: Italy,N: Nominal,"628: Index, 2010 = 100",1992-Q2,52.536,0: Units,,,,A: Normal value,F: Free,
dataflow,BIS:WS_SPP(1.0): Selected residential property prices,I,Q: Quarterly,IT: Italy,N: Nominal,"628: Index, 2010 = 100",1992-Q3,53.5599,0: Units,,,,A: Normal value,F: Free,
dataflow,BIS:WS_SPP(1.0): Selected residential property prices,I,Q: Quarterly,IT: Italy,N: Nominal,"628: Index, 2010 = 100",1992-Q4,54.1461,0: Units,,,,A: Normal value,F: Free,
dataflow,BIS:WS_SPP(1.0): Selected residential property prices,I,Q: Quarterly,IT: Italy,N: Nominal,"628: Index, 2010 = 100",1993-Q1,54.745,0: Units,,,,A: Normal value,F: Free,
dataflow,BIS:WS_SPP(1.0): Selected residential property prices,I,Q: Quarterly,IT: Italy,N: Nominal,"628: Index, 2010 = 100",1993-Q2,55.1945,0: Units,,,,A: Normal value,F: Free,
dataflow,BIS:WS_SPP(1.0): Selected residential property prices,I,Q: Quarterly,IT: Italy,N: Nominal,"628: Index, 2010 = 100",1993-Q3,55.7276,0: Units,,,,A: Normal value,F: Free,
dataflow,BIS:WS_SPP(1.0): Selected residential property prices,I,Q: Quarterly,IT: Italy,N: Nominal,"628: Index, 2010 = 100",1993-Q4,55.1266,0: Units,,,,A: Normal value,F: Free,
dataflow,BIS:WS_SPP(1.0): Selected residential property prices,I,Q: Quarterly,IT: Italy,N: Nominal,"628: Index, 2010 = 100",1994-Q1,54.7293,0: Units,,,,A: Normal value,F: Free,
dataflow,BIS:WS_SPP(1.0): Selected residential property prices,I,Q: Quarterly,IT: Italy,N: Nominal,"628: Index, 2010 = 100",1994-Q2,54.2552,0: Units,,,,A: Normal value,F: Free,
dataflow,BIS:WS_SPP(1.0): Selected residential property prices,I,Q: Quarterly,IT: Italy,N: Nominal,"628: Index, 2010 = 100",1994-Q3,54.7175,0: Units,,,,A: Normal value,F: Free,
dataflow,BIS:WS_SPP(1.0): Selected residential property prices,I,Q: Quarterly,IT: Italy,N: Nominal,"628: Index, 2010 = 100",1994-Q4,54.3624,0: Units,,,,A: Normal value,F: Free,
dataflow,BIS:WS_SPP(1.0): Selected residential property prices,I,Q: Quarterly,IT: Italy,N: Nominal,"628: Index, 2010 = 100",1995-Q1,54.0467,0: Units,,,,A: Normal value,F: Free,
dataflow,BIS:WS_SPP(1.0): Selected residential property prices,I,Q: Quarterly,IT: Italy,N: Nominal,"628: Index, 2010 = 100",1995-Q2,54.627,0: Units,,,,A: Normal value,F: Free,
dataflow,BIS:WS_SPP(1.0): Selected residential property prices,I,Q: Quarterly,IT: Italy,N: Nominal,"628: Index, 2010 = 100",1995-Q3,55.2938,0: Units,,,,A: Normal value,F: Free,
dataflow,BIS:WS_SPP(1.0): Selected residential property prices,I,Q: Quarterly,IT: Italy,N: Nominal,"628: Index, 2010 = 100",1995-Q4,55.8062,0: Units,,,,A: Normal value,F: Free,
dataflow,BIS:WS_SPP(1.0): Selected residential property prices,I,Q: Quarterly,IT: Italy,N: Nominal,"628: Index, 2010 = 100",1996-Q1,56.3669,0: Units,,,,A: Normal value,F: Free,
dataflow,BIS:WS_SPP(1.0): Selected residential property prices,I,Q: Quarterly,IT: Italy,N: Nominal,"628: Index, 2010 = 100",1996-Q2,56.6334,0: Units,,,,A: Normal value,F: Free,
dataflow,BIS:WS_SPP(1.0): Selected residential property prices,I,Q: Quarterly,IT: Italy,N: Nominal,"628: Index, 2010 = 100",1996-Q3,57.315,0: Units,,,,A: Normal value,F: Free,
dataflow,BIS:WS_SPP(1.0): Selected residential property prices,I,Q: Quarterly,IT: Italy,N: Nominal,"628: Index, 2010 = 100",1996-Q4,57.8982,0: Units,,,,A: Normal value,F: Free,
dataflow,BIS:WS_SPP(1.0): Selected residential property prices,I,Q: Quarterly,IT: Italy,N: Nominal,"628: Index, 2010 = 100",1997-Q1,58.8276,0: Units,,,,A: Normal value,F: Free,
dataflow,BIS:WS_SPP(1.0): Selected residential property prices,I,Q: Quarterly,IT: Italy,N: Nominal,"628: Index, 2010 = 100",1997-Q2,58.9417,0: Units,,,,A: Normal value,F: Free,
dataflow,BIS:WS_SPP(1.0): Selected residential property prices,I,Q: Quarterly,IT: Italy,N: Nominal,"628: Index, 2010 = 100",1997-Q3,58.9702,0: Units,,,,A: Normal value,F: Free,
dataflow,BIS:WS_SPP(1.0): Selected residential property prices,I,Q: Quarterly,IT: Italy,N: Nominal,"628: Index, 2010 = 100",1997-Q4,59.2417,0: Units,,,,A: Normal value,F: Free,
dataflow,BIS:WS_SPP(1.0): Selected residential property prices,I,Q: Quarterly,IT: Italy,N: Nominal,"628: Index, 2010 = 100",1998-Q1,58.4332,0: Units,,,,A: Normal value,F: Free,
dataflow,BIS:WS_SPP(1.0): Selected residential property prices,I,Q: Quarterly,IT: Italy,N: Nominal,"628: Index, 2010 = 100",1998-Q2,59.0666,0: Units,,,,A: Normal value,F: Free,
dataflow,BIS:WS_SPP(1.0): Selected residential property prices,I,Q: Quarterly,IT: Italy,N: Nominal,"628: Index, 2010 = 100",1998-Q3,59.1856,0: Units,,,,A: Normal value,F: Free,
dataflow,BIS:WS_SPP(1.0): Selected residential property prices,I,Q: Quarterly,IT: Italy,N: Nominal,"628: Index, 2010 = 100",1998-Q4,59.2014,0: Units,,,,A: Normal value,F: Free,
dataflow,BIS:WS_SPP(1.0): Selected residential property prices,I,Q: Quarterly,IT: Italy,N: Nominal,"628: Index, 2010 = 100",1999-Q1,59.0765,0: Units,,,,A: Normal value,F: Free,
dataflow,BIS:WS_SPP(1.0): Selected residential property prices,I,Q: Quarterly,IT: Italy,N: Nominal,"628: Index, 2010 = 100",1999-Q2,59.4561,0: Units,,,,A: Normal value,F: Free,
dataflow,BIS:WS_SPP(1.0): Selected residential property prices,I,Q: Quarterly,IT: Italy,N: Nominal,"628: Index, 2010 = 100",1999-Q3,59.7472,0: Units,,,,A: Normal value,F: Free,
dataflow,BIS:WS_SPP(1.0): Selected residential property prices,I,Q: Quarterly,IT: Italy,N: Nominal,"628: Index, 2010 = 100",1999-Q4,60.0826,0: Units,,,,A: Normal value,F: Free,
dataflow,BIS:WS_SPP(1.0): Selected residential property prices,I,Q: Quarterly,IT: Italy,N: Nominal,"628: Index, 2010 = 100",2000-Q1,60.9373,0: Units,,,,A: Normal value,F: Free,
dataflow,BIS:WS_SPP(1.0): Selected residential property prices,I,Q: Quarterly,IT: Italy,N: Nominal,"628: Index, 2010 = 100",2000-Q2,61.4537,0: Units,,,,A: Normal value,F: Free,
dataflow,BIS:WS_SPP(1.0): Selected residential property prices,I,Q: Quarterly,IT: Italy,N: Nominal,"628: Index, 2010 = 100",2000-Q3,62.2946,0: Units,,,,A: Normal value,F: Free,
dataflow,BIS:WS_SPP(1.0): Selected residential property prices,I,Q: Quarterly,IT: Italy,N: Nominal,"628: Index, 2010 = 100",2000-Q4,63.0106,0: Units,,,,A: Normal value,F: Free,
dataflow,BIS:WS_SPP(1.0): Selected residential property prices,I,Q: Quarterly,IT: Italy,N: Nominal,"628: Index, 2010 = 100",2001-Q1,63.7403,0: Units,,,,A: Normal value,F: Free,
dataflow,BIS:WS_SPP(1.0): Selected residential property prices,I,Q: Quarterly,IT: Italy,N: Nominal,"628: Index, 2010 = 100",2001-Q2,64.5488,0: Units,,,,A: Normal value,F: Free,
dataflow,BIS:WS_SPP(1.0): Selected residential property prices,I,Q: Quarterly,IT: Italy,N: Nominal,"628: Index, 2010 = 100",2001-Q3,65.9336,0: Units,,,,A: Normal value,F: Free,
dataflow,BIS:WS_SPP(1.0): Selected residential property prices,I,Q: Quarterly,IT: Italy,N: Nominal,"628: Index, 2010 = 100",2001-Q4,67.6941,0: Units,,,,A: Normal value,F: Free,
dataflow,BIS:WS_SPP(1.0): Selected residential property prices,I,Q: Quarterly,IT: Italy,N: Nominal,"628: Index, 2010 = 100",2002-Q1,71.5781,0: Units,,,,A: Normal value,F: Free,
dataflow,BIS:WS_SPP(1.0): Selected residential property prices,I,Q: Quarterly,IT: Italy,N: Nominal,"628: Index, 2010 = 100",2002-Q2,73.0858,0: Units,,,,A: Normal value,F: Free,
dataflow,BIS:WS_SPP(1.0): Selected residential property prices,I,Q: Quarterly,IT: Italy,N: Nominal,"628: Index, 2010 = 100",2002-Q3,73.9651,0: Units,,,,A: Normal value,F: Free,
dataflow,BIS:WS_SPP(1.0): Selected residential property prices,I,Q: Quarterly,IT: Italy,N: Nominal,"628: Index, 2010 = 100",2002-Q4,74.5139,0: Units,,,,A: Normal value,F: Free,
dataflow,BIS:WS_SPP(1.0): Selected residential property prices,I,Q: Quarterly,IT: Italy,N: Nominal,"628: Index, 2010 = 100",2003-Q1,76.2016,0: Units,,,,A: Normal value,F: Free,
dataflow,BIS:WS_SPP(1.0): Selected residential property prices,I,Q: Quarterly,IT: Italy,N: Nominal,"628: Index, 2010 = 100",2003-Q2,77.2215,0: Units,,,,A: Normal value,F: Free,
dataflow,BIS:WS_SPP(1.0): Selected residential property prices,I,Q: Quarterly,IT: Italy,N: Nominal,"628: Index, 2010 = 100",2003-Q3,78.6536,0: Units,,,,A: Normal value,F: Free,
dataflow,BIS:WS_SPP(1.0): Selected residential property prices,I,Q: Quarterly,IT: Italy,N: Nominal,"628: Index, 2010 = 100",2003-Q4,79.1414,0: Units,,,,A: Normal value,F: Free,
dataflow,BIS:WS_SPP(1.0): Selected residential property prices,I,Q: Quarterly,IT: Italy,N: Nominal,"628: Index, 2010 = 100",2004-Q1,79.9607,0: Units,,,,A: Normal value,F: Free,
dataflow,BIS:WS_SPP(1.0): Selected residential property prices,I,Q: Quarterly,IT: Italy,N: Nominal,"628: Index, 2010 = 100",2004-Q2,81.5766,0: Units,,,,A: Normal value,F: Free,
dataflow,BIS:WS_SPP(1.0): Selected residential property prices,I,Q: Quarterly,IT: Italy,N: Nominal,"628: Index, 2010 = 100",2004-Q3,83.7138,0: Units,,,,A: Normal value,F: Free,
dataflow,BIS:WS_SPP(1.0): Selected residential property prices,I,Q: Quarterly,IT: Italy,N: Nominal,"628: Index, 2010 = 100",2004-Q4,84.9963,0: Units,,,,A: Normal value,F: Free,
dataflow,BIS:WS_SPP(1.0): Selected residential property prices,I,Q: Quarterly,IT: Italy,N: Nominal,"628: Index, 2010 = 100",2005-Q1,86.6162,0: Units,,,,A: Normal value,F: Free,
dataflow,BIS:WS_SPP(1.0): Selected residential property prices,I,Q: Quarterly,IT: Italy,N: Nominal,"628: Index, 2010 = 100",2005-Q2,88.2164,0: Units,,,,A: Normal value,F: Free,
dataflow,BIS:WS_SPP(1.0): Selected residential property prices,I,Q: Quarterly,IT: Italy,N: Nominal,"628: Index, 2010 = 100",2005-Q3,89.9375,0: Units,,,,A: Normal value,F: Free,
dataflow,BIS:WS_SPP(1.0): Selected residential property prices,I,Q: Quarterly,IT: Italy,N: Nominal,"628: Index, 2010 = 100",2005-Q4,90.747,0: Units,,,,A: Normal value,F: Free,
dataflow,BIS:WS_SPP(1.0): Selected residential property prices,I,Q: Quarterly,IT: Italy,N: Nominal,"628: Index, 2010 = 100",2006-Q1,91.7246,0: Units,,,,A: Normal value,F: Free,
dataflow,BIS:WS_SPP(1.0): Selected residential property prices,I,Q: Quarterly,IT: Italy,N: Nominal,"628: Index, 2010 = 100",2006-Q2,93.5018,0: Units,,,,A: Normal value,F: Free,
dataflow,BIS:WS_SPP(1.0): Selected residential property prices,I,Q: Quarterly,IT: Italy,N: Nominal,"628: Index, 2010 = 100",2006-Q3,95.2004,0: Units,,,,A: Normal value,F: Free,
dataflow,BIS:WS_SPP(1.0): Selected residential property prices,I,Q: Quarterly,IT: Italy,N: Nominal,"628: Index, 2010 = 100",2006-Q4,95.8397,0: Units,,,,A: Normal value,F: Free,
dataflow,BIS:WS_SPP(1.0): Selected residential property prices,I,Q: Quarterly,IT: Italy,N: Nominal,"628: Index, 2010 = 100",2007-Q1,97.1025,0: Units,,,,A: Normal value,F: Free,
dataflow,BIS:WS_SPP(1.0): Selected residential property prices,I,Q: Quarterly,IT: Italy,N: Nominal,"628: Index, 2010 = 100",2007-Q2,98.2129,0: Units,,,,A: Normal value,F: Free,
dataflow,BIS:WS_SPP(1.0): Selected residential property prices,I,Q: Quarterly,IT: Italy,N: Nominal,"628: Index, 2010 = 100",2007-Q3,99.5643,0: Units,,,,A: Normal value,F: Free,
dataflow,BIS:WS_SPP(1.0): Selected residential property prices,I,Q: Quarterly,IT: Italy,N: Nominal,"628: Index, 2010 = 100",2007-Q4,100.0885,0: Units,,,,A: Normal value,F: Free,
dataflow,BIS:WS_SPP(1.0): Selected residential property prices,I,Q: Quarterly,IT: Italy,N: Nominal,"628: Index, 2010 = 100",2008-Q1,100.7288,0: Units,,,,A: Normal value,F: Free,
dataflow,BIS:WS_SPP(1.0): Selected residential property prices,I,Q: Quarterly,IT: Italy,N: Nominal,"628: Index, 2010 = 100",2008-Q2,101.733,0: Units,,,,A: Normal value,F: Free,
dataflow,BIS:WS_SPP(1.0): Selected residential property prices,I,Q: Quarterly,IT: Italy,N: Nominal,"628: Index, 2010 = 100",2008-Q3,102.1687,0: Units,,,,A: Normal value,F: Free,
dataflow,BIS:WS_SPP(1.0): Selected residential property prices,I,Q: Quarterly,IT: Italy,N: Nominal,"628: Index, 2010 = 100",2008-Q4,100.6137,0: Units,,,,A: Normal value,F: Free,
dataflow,BIS:WS_SPP(1.0): Selected residential property prices,I,Q: Quarterly,IT: Italy,N: Nominal,"628: Index, 2010 = 100",2009-Q1,100.9688,0: Units,,,,A: Normal value,F: Free,
dataflow,BIS:WS_SPP(1.0): Selected residential property prices,I,Q: Quarterly,IT: Italy,N: Nominal,"628: Index, 2010 = 100",2009-Q2,100.8626,0: Units,,,,A: Normal value,F: Free,
dataflow,BIS:WS_SPP(1.0): Selected residential property prices,I,Q: Quarterly,IT: Italy,N: Nominal,"628: Index, 2010 = 100",2009-Q3,101.013,0: Units,,,,A: Normal value,F: Free,
dataflow,BIS:WS_SPP(1.0): Selected residential property prices,I,Q: Quarterly,IT: Italy,N: Nominal,"628: Index, 2010 = 100",2009-Q4,100.3551,0: Units,,,,A: Normal value,F: Free,
dataflow,BIS:WS_SPP(1.0): Selected residential property prices,I,Q: Quarterly,IT: Italy,N: Nominal,"628: Index, 2010 = 100",2010-Q1,98.8444,0: Units,,,,A: Normal value,F: Free,
dataflow,BIS:WS_SPP(1.0): Selected residential property prices,I,Q: Quarterly,IT: Italy,N: Nominal,"628: Index, 2010 = 100",2010-Q2,99.8279,0: Units,,,,A: Normal value,F: Free,
dataflow,BIS:WS_SPP(1.0): Selected residential property prices,I,Q: Quarterly,IT: Italy,N: Nominal,"628: Index, 2010 = 100",2010-Q3,100.6147,0: Units,,,,A: Normal value,F: Free,
dataflow,BIS:WS_SPP(1.0): Selected residential property prices,I,Q: Quarterly,IT: Italy,N: Nominal,"628: Index, 2010 = 100",2010-Q4,100.7131,0: Units,,,,A: Normal value,F: Free,
dataflow,BIS:WS_SPP(1.0): Selected residential property prices,I,Q: Quarterly,IT: Italy,N: Nominal,"628: Index, 2010 = 100",2011-Q1,100.1229,0: Units,,,,A: Normal value,F: Free,
dataflow,BIS:WS_SPP(1.0): Selected residential property prices,I,Q: Quarterly,IT: Italy,N: Nominal,"628: Index, 2010 = 100",2011-Q2,102.1883,0: Units,,,,A: Normal value,F: Free,
dataflow,BIS:WS_SPP(1.0): Selected residential property prices,I,Q: Quarterly,IT: Italy,N: Nominal,"628: Index, 2010 = 100",2011-Q3,101.7949,0: Units,,,,A: Normal value,F: Free,
dataflow,BIS:WS_SPP(1.0): Selected residential property prices,I,Q: Quarterly,IT: Italy,N: Nominal,"628: Index, 2010 = 100",2011-Q4,101.2048,0: Units,,,,A: Normal value,F: Free,
dataflow,BIS:WS_SPP(1.0): Selected residential property prices,I,Q: Quarterly,IT: Italy,N: Nominal,"628: Index, 2010 = 100",2012-Q1,100.7131,0: Units,,,,A: Normal value,F: Free,
dataflow,BIS:WS_SPP(1.0): Selected residential property prices,I,Q: Quarterly,IT: Italy,N: Nominal,"628: Index, 2010 = 100",2012-Q2,99.9262,0: Units,,,,A: Normal value,F: Free,
dataflow,BIS:WS_SPP(1.0): Selected residential property prices,I,Q: Quarterly,IT: Italy,N: Nominal,"628: Index, 2010 = 100",2012-Q3,98.1559,0: Units,,,,A: Normal value,F: Free,
dataflow,BIS:WS_SPP(1.0): Selected residential property prices,I,Q: Quarterly,IT: Italy,N: Nominal,"628: Index, 2010 = 100",2012-Q4,96.1888,0: Units,,,,A: Normal value,F: Free,
dataflow,BIS:WS_SPP(1.0): Selected residential property prices,I,Q: Quarterly,IT: Italy,N: Nominal,"628: Index, 2010 = 100",2013-Q1,93.5333,0: Units,,,,A: Normal value,F: Free,
dataflow,BIS:WS_SPP(1.0): Selected residential property prices,I,Q: Quarterly,IT: Italy,N: Nominal,"628: Index, 2010 = 100",2013-Q2,93.2383,0: Units,,,,A: Normal value,F: Free,
dataflow,BIS:WS_SPP(1.0): Selected residential property prices,I,Q: Quarterly,IT: Italy,N: Nominal,"628: Index, 2010 = 100",2013-Q3,91.8613,0: Units,,,,A: Normal value,F: Free,
dataflow,BIS:WS_SPP(1.0): Selected residential property prices,I,Q: Quarterly,IT: Italy,N: Nominal,"628: Index, 2010 = 100",2013-Q4,90.5827,0: Units,,,,A: Normal value,F: Free,
dataflow,BIS:WS_SPP(1.0): Selected residential property prices,I,Q: Quarterly,IT: Italy,N: Nominal,"628: Index, 2010 = 100",2014-Q1,89.5009,0: Units,,,,A: Normal value,F: Free,
dataflow,BIS:WS_SPP(1.0): Selected residential property prices,I,Q: Quarterly,IT: Italy,N: Nominal,"628: Index, 2010 = 100",2014-Q2,88.6157,0: Units,,,,A: Normal value,F: Free,
dataflow,BIS:WS_SPP(1.0): Selected residential property prices,I,Q: Quarterly,IT: Italy,N: Nominal,"628: Index, 2010 = 100",2014-Q3,87.6322,0: Units,,,,A: Normal value,F: Free,
dataflow,BIS:WS_SPP(1.0): Selected residential property prices,I,Q: Quarterly,IT: Italy,N: Nominal,"628: Index, 2010 = 100",2014-Q4,86.2552,0: Units,,,,A: Normal value,F: Free,
dataflow,BIS:WS_SPP(1.0): Selected residential property prices,I,Q: Quarterly,IT: Italy,N: Nominal,"628: Index, 2010 = 100",2015-Q1,84.3865,0: Units,,,,A: Normal value,F: Free,
dataflow,BIS:WS_SPP(1.0): Selected residential property prices,I,Q: Quarterly,IT: Italy,N: Nominal,"628: Index, 2010 = 100",2015-Q2,84.4849,0: Units,,,,A: Normal value,F: Free,
dataflow,BIS:WS_SPP(1.0): Selected residential property prices,I,Q: Quarterly,IT: Italy,N: Nominal,"628: Index, 2010 = 100",2015-Q3,85.2717,0: Units,,,,A: Normal value,F: Free,
dataflow,BIS:WS_SPP(1.0): Selected residential property prices,I,Q: Quarterly,IT: Italy,N: Nominal,"628: Index, 2010 = 100",2015-Q4,84.4849,0: Units,,,,A: Normal value,F: Free,
dataflow,BIS:WS_SPP(1.0): Selected residential property prices,I,Q: Quarterly,IT: Italy,N: Nominal,"628: Index, 2010 = 100",2016-Q1,84.4849,0: Units,,,,A: Normal value,F: Free,
dataflow,BIS:WS_SPP(1.0): Selected residential property prices,I,Q: Quarterly,IT: Italy,N: Nominal,"628: Index, 2010 = 100",2016-Q2,85.075,0: Units,,,,A: Normal value,F: Free,
dataflow,BIS:WS_SPP(1.0): Selected residential property prices,I,Q: Quarterly,IT: Italy,N: Nominal,"628: Index, 2010 = 100",2016-Q3,85.2717,0: Units,,,,A: Normal value,F: Free,
dataflow,BIS:WS_SPP(1.0): Selected residential property prices,I,Q: Quarterly,IT: Italy,N: Nominal,"628: Index, 2010 = 100",2016-Q4,84.6816,0: Units,,,,A: Normal value,F: Free,
dataflow,BIS:WS_SPP(1.0): Selected residential property prices,I,Q: Quarterly,IT: Italy,N: Nominal,"628: Index, 2010 = 100",2017-Q1,83.8948,0: Units,,,,A: Normal value,F: Free,
dataflow,BIS:WS_SPP(1.0): Selected residential property prices,I,Q: Quarterly,IT: Italy,N: Nominal,"628: Index, 2010 = 100",2017-Q2,84.2882,0: Units,,,,A: Normal value,F: Free,
dataflow,BIS:WS_SPP(1.0): Selected residential property prices,I,Q: Quarterly,IT: Italy,N: Nominal,"628: Index, 2010 = 100",2017-Q3,83.9931,0: Units,,,,A: Normal value,F: Free,
dataflow,BIS:WS_SPP(1.0): Selected residential property prices,I,Q: Quarterly,IT: Italy,N: Nominal,"628: Index, 2010 = 100",2017-Q4,83.5997,0: Units,,,,A: Normal value,F: Free,
dataflow,BIS:WS_SPP(1.0): Selected residential property prices,I,Q: Quarterly,IT: Italy,N: Nominal,"628: Index, 2010 = 100",2018-Q1,83.403,0: Units,,,,A: Normal value,F: Free,
dataflow,BIS:WS_SPP(1.0): Selected residential property prices,I,Q: Quarterly,IT: Italy,N: Nominal,"628: Index, 2010 = 100",2018-Q2,83.9931,0: Units,,,,A: Normal value,F: Free,
dataflow,BIS:WS_SPP(1.0): Selected residential property prices,I,Q: Quarterly,IT: Italy,N: Nominal,"628: Index, 2010 = 100",2018-Q3,83.3046,0: Units,,,,A: Normal value,F: Free,
dataflow,BIS:WS_SPP(1.0): Selected residential property prices,I,Q: Quarterly,IT: Italy,N: Nominal,"628: Index, 2010 = 100",2018-Q4,83.2063,0: Units,,,,A: Normal value,F: Free,
dataflow,BIS:WS_SPP(1.0): Selected residential property prices,I,Q: Quarterly,IT: Italy,N: Nominal,"628: Index, 2010 = 100",2019-Q1,82.7145,0: Units,,,,A: Normal value,F: Free,
dataflow,BIS:WS_SPP(1.0): Selected residential property prices,I,Q: Quarterly,IT: Italy,N: Nominal,"628: Index, 2010 = 100",2019-Q2,83.8948,0: Units,,,,A: Normal value,F: Free,
dataflow,BIS:WS_SPP(1.0): Selected residential property prices,I,Q: Quarterly,IT: Italy,N: Nominal,"628: Index, 2010 = 100",2019-Q3,83.5997,0: Units,,,,A: Normal value,F: Free,
dataflow,BIS:WS_SPP(1.0): Selected residential property prices,I,Q: Quarterly,IT: Italy,N: Nominal,"628: Index, 2010 = 100",2019-Q4,83.403,0: Units,,,,A: Normal value,F: Free,
dataflow,BIS:WS_SPP(1.0): Selected residential property prices,I,Q: Quarterly,IT: Italy,N: Nominal,"628: Index, 2010 = 100",2020-Q1,84.0915,0: Units,,,,A: Normal value,F: Free,
dataflow,BIS:WS_SPP(1.0): Selected residential property prices,I,Q: Quarterly,IT: Italy,N: Nominal,"628: Index, 2010 = 100",2020-Q2,86.747,0: Units,,,,A: Normal value,F: Free,
dataflow,BIS:WS_SPP(1.0): Selected residential property prices,I,Q: Quarterly,IT: Italy,N: Nominal,"628: Index, 2010 = 100",2020-Q3,84.4849,0: Units,,,,A: Normal value,F: Free,
dataflow,BIS:WS_SPP(1.0): Selected residential property prices,I,Q: Quarterly,IT: Italy,N: Nominal,"628: Index, 2010 = 100",2020-Q4,84.6816,0: Units,,,,A: Normal value,F: Free,
dataflow,BIS:WS_SPP(1.0): Selected residential property prices,I,Q: Quarterly,IT: Italy,N: Nominal,"628: Index, 2010 = 100",2021-Q1,85.5668,0: Units,,,,A: Normal value,F: Free,
dataflow,BIS:WS_SPP(1.0): Selected residential property prices,I,Q: Quarterly,IT: Italy,N: Nominal,"628: Index, 2010 = 100",2021-Q2,86.9437,0: Units,,,,A: Normal value,F: Free,
dataflow,BIS:WS_SPP(1.0): Selected residential property prices,I,Q: Quarterly,IT: Italy,N: Nominal,"628: Index, 2010 = 100",2021-Q3,87.9272,0: Units,,,,A: Normal value,F: Free,
dataflow,BIS:WS_SPP(1.0): Selected residential property prices,I,Q: Quarterly,IT: Italy,N: Nominal,"628: Index, 2010 = 100",2021-Q4,88.0256,0: Units,,,,A: Normal value,F: Free,
dataflow,BIS:WS_SPP(1.0): Selected residential property prices,I,Q: Quarterly,IT: Italy,N: Nominal,"628: Index, 2010 = 100",2022-Q1,89.5009,0: Units,,,,A: Normal value,F: Free,
dataflow,BIS:WS_SPP(1.0): Selected residential property prices,I,Q: Quarterly,IT: Italy,N: Nominal,"628: Index, 2010 = 100",2022-Q2,91.4679,0: Units,,,,A: Normal value,F: Free,
dataflow,BIS:WS_SPP(1.0): Selected residential property prices,I,Q: Quarterly,IT: Italy,N: Nominal,"628: Index, 2010 = 100",2022-Q3,90.4844,0: Units,,,,A: Normal value,F: Free,
dataflow,BIS:WS_SPP(1.0): Selected residential property prices,I,Q: Quarterly,IT: Italy,N: Nominal,"628: Index, 2010 = 100",2022-Q4,90.386,0: Units,,,,A: Normal value,F: Free,
dataflow,BIS:WS_SPP(1.0): Selected residential property prices,I,Q: Quarterly,IT: Italy,N: Nominal,"628: Index, 2010 = 100",2023-Q1,90.386,0: Units,,,,A: Normal value,F: Free,
dataflow,BIS:WS_SPP(1.0): Selected residential property prices,I,Q: Quarterly,IT: Italy,N: Nominal,"628: Index, 2010 = 100",2023-Q2,92.1564,0: Units,,,,A: Normal value,F: Free,
dataflow,BIS:WS_SPP(1.0): Selected residential property prices,I,Q: Quarterly,IT: Italy,N: Nominal,"628: Index, 2010 = 100",2023-Q3,92.058,0: Units,,,,A: Normal value,F: Free,
dataflow,BIS:WS_SPP(1.0): Selected residential property prices,I,Q: Quarterly,IT: Italy,N: Nominal,"628: Index, 2010 = 100",2023-Q4,91.9597,0: Units,,,,A: Normal value,F: Free,
dataflow,BIS:WS_SPP(1.0): Selected residential property prices,I,Q: Quarterly,IT: Italy,N: Nominal,"628: Index, 2010 = 100",2024-Q1,91.8613,0: Units,,,,A: Normal value,F: Free,
dataflow,BIS:WS_SPP(1.0): Selected residential property prices,I,Q: Quarterly,IT: Italy,N: Nominal,"628: Index, 2010 = 100",2024-Q2,94.8119,0: Units,,,,A: Normal value,F: Free,
dataflow,BIS:WS_SPP(1.0): Selected residential property prices,I,Q: Quarterly,IT: Italy,N: Nominal,"628: Index, 2010 = 100",2024-Q3,95.5004,0: Units,,,,A: Normal value,F: Free,
dataflow,BIS:WS_SPP(1.0): Selected residential property prices,I,Q: Quarterly,IT: Italy,N: Nominal,"628: Index, 2010 = 100",2024-Q4,96.0905,0: Units,,,,A: Normal value,F: Free,
dataflow,BIS:WS_SPP(1.0): Selected residential property prices,I,Q: Quarterly,IT: Italy,N: Nominal,"628: Index, 2010 = 100",2025-Q1,95.8938,0: Units,,,,A: Normal value,F: Free,
dataflow,BIS:WS_SPP(1.0): Selected residential property prices,I,Q: Quarterly,IT: Italy,N: Nominal,"628: Index, 2010 = 100",2025-Q2,98.5493,0: Units,,,,A: Normal value,F: Free,
dataflow,BIS:WS_SPP(1.0): Selected residential property prices,I,Q: Quarterly,IT: Italy,N: Nominal,"628: Index, 2010 = 100",2025-Q3,99.0411,0: Units,,,,A: Normal value,F: Free,
dataflow,BIS:WS_SPP(1.0): Selected residential property prices,I,Q: Quarterly,IT: Italy,N: Nominal,"628: Index, 2010 = 100",2025-Q4,99.9262,0: Units,,,,A: Normal value,F: Free,
dataflow,BIS:WS_SPP(1.0): Selected residential property prices,I,Q: Quarterly,IT: Italy,N: Nominal,"628: Index, 2010 = 100",2026-Q1,100.9098,0: Units,,,,A: Normal value,F: Free,
dataflow,BIS:WS_SPP(1.0): Selected residential property prices,I,Q: Quarterly,IN: India,R: Real,"771: Year-on-year changes, in per cent",2010-Q1,8.2404,0: Units,,,,A: Normal value,F: Free,
dataflow,BIS:WS_SPP(1.0): Selected residential property prices,I,Q: Quarterly,IN: India,R: Real,"771: Year-on-year changes, in per cent",2010-Q2,7.9579,0: Units,,,,A: Normal value,F: Free,
dataflow,BIS:WS_SPP(1.0): Selected residential property prices,I,Q: Quarterly,IN: India,R: Real,"771: Year-on-year changes, in per cent",2010-Q3,11.1341,0: Units,,,,A: Normal value,F: Free,
dataflow,BIS:WS_SPP(1.0): Selected residential property prices,I,Q: Quarterly,IN: India,R: Real,"771: Year-on-year changes, in per cent",2010-Q4,6.6565,0: Units,,,,A: Normal value,F: Free,
dataflow,BIS:WS_SPP(1.0): Selected residential property prices,I,Q: Quarterly,IN: India,R: Real,"771: Year-on-year changes, in per cent",2011-Q1,8.9505,0: Units,,,,A: Normal value,F: Free,
dataflow,BIS:WS_SPP(1.0): Selected residential property prices,I,Q: Quarterly,IN: India,R: Real,"771: Year-on-year changes, in per cent",2011-Q2,12.0833,0: Units,,,,A: Normal value,F: Free,
dataflow,BIS:WS_SPP(1.0): Selected residential property prices,I,Q: Quarterly,IN: India,R: Real,"771: Year-on-year changes, in per cent",2011-Q3,8.6342,0: Units,,,,A: Normal value,F: Free,
dataflow,BIS:WS_SPP(1.0): Selected residential property prices,I,Q: Quarterly,IN: India,R: Real,"771: Year-on-year changes, in per cent",2011-Q4,15.4969,0: Units,,,,A: Normal value,F: Free,
dataflow,BIS:WS_SPP(1.0): Selected residential property prices,I,Q: Quarterly,IN: India,R: Real,"771: Year-on-year changes, in per cent",2012-Q1,17.0246,0: Units,,,,A: Normal value,F: Free,
dataflow,BIS:WS_SPP(1.0): Selected residential property prices,I,Q: Quarterly,IN: India,R: Real,"771: Year-on-year changes, in per cent",2012-Q2,14.3117,0: Units,,,,A: Normal value,F: Free,
dataflow,BIS:WS_SPP(1.0): Selected residential property prices,I,Q: Quarterly,IN: India,R: Real,"771: Year-on-year changes, in per cent",2012-Q3,14.2156,0: Units,,,,A: Normal value,F: Free,
dataflow,BIS:WS_SPP(1.0): Selected residential property prices,I,Q: Quarterly,IN: India,R: Real,"771: Year-on-year changes, in per cent",2012-Q4,16.5963,0: Units,,,,A: Normal value,F: Free,
dataflow,BIS:WS_SPP(1.0): Selected residential property prices,I,Q: Quarterly,IN: India,R: Real,"771: Year-on-year changes, in per cent",2013-Q1,14.2841,0: Units,,,,A: Normal value,F: Free,
dataflow,BIS:WS_SPP(1.0): Selected residential property prices,I,Q: Quarterly,IN: India,R: Real,"771: Year-on-year changes, in per cent",2013-Q2,9.0782,0: Units,,,,A: Normal value,F: Free,
dataflow,BIS:WS_SPP(1.0): Selected residential property prices,I,Q: Quarterly,IN: India,R: Real,"771: Year-on-year changes, in per cent",2013-Q3,7.4945,0: Units,,,,A: Normal value,F: Free,
dataflow,BIS:WS_SPP(1.0): Selected residential property prices,I,Q: Quarterly,IN: India,R: Real,"771: Year-on-year changes, in per cent",2013-Q4,1.1564,0: Units,,,,A: Normal value,F: Free,
dataflow,BIS:WS_SPP(1.0): Selected residential property prices,I,Q: Quarterly,IN: India,R: Real,"771: Year-on-year changes, in per cent",2014-Q1,3.8183,0: Units,,,,A: Normal value,F: Free,
dataflow,BIS:WS_SPP(1.0): Selected residential property prices,I,Q: Quarterly,IN: India,R: Real,"771: Year-on-year changes, in per cent",2014-Q2,7.4209,0: Units,,,,A: Normal value,F: Free,
dataflow,BIS:WS_SPP(1.0): Selected residential property prices,I,Q: Quarterly,IN: India,R: Real,"771: Year-on-year changes, in per cent",2014-Q3,6.9032,0: Units,,,,A: Normal value,F: Free,
dataflow,BIS:WS_SPP(1.0): Selected residential property prices,I,Q: Quarterly,IN: India,R: Real,"771: Year-on-year changes, in per cent",2014-Q4,12.3333,0: Units,,,,A: Normal value,F: Free,
dataflow,BIS:WS_SPP(1.0): Selected residential property prices,I,Q: Quarterly,IN: India,R: Real,"771: Year-on-year changes, in per cent",2015-Q1,11.6067,0: Units,,,,A: Normal value,F: Free,
dataflow,BIS:WS_SPP(1.0): Selected residential property prices,I,Q: Quarterly,IN: India,R: Real,"771: Year-on-year changes, in per cent",2015-Q2,8.9857,0: Units,,,,A: Normal value,F: Free,
dataflow,BIS:WS_SPP(1.0): Selected residential property prices,I,Q: Quarterly,IN: India,R: Real,"771: Year-on-year changes, in per cent",2015-Q3,8.8633,0: Units,,,,A: Normal value,F: Free,
dataflow,BIS:WS_SPP(1.0): Selected residential property prices,I,Q: Quarterly,IN: India,R: Real,"771: Year-on-year changes, in per cent",2015-Q4,4.2511,0: Units,,,,A: Normal value,F: Free,
dataflow,BIS:WS_SPP(1.0): Selected residential property prices,I,Q: Quarterly,IN: India,R: Real,"771: Year-on-year changes, in per cent",2016-Q1,-1.9346,0: Units,,,,A: Normal value,F: Free,
dataflow,BIS:WS_SPP(1.0): Selected residential property prices,I,Q: Quarterly,IN: India,R: Real,"771: Year-on-year changes, in per cent",2016-Q2,1.6272,0: Units,,,,A: Normal value,F: Free,
dataflow,BIS:WS_SPP(1.0): Selected residential property prices,I,Q: Quarterly,IN: India,R: Real,"771: Year-on-year changes, in per cent",2016-Q3,2.2994,0: Units,,,,A: Normal value,F: Free,
dataflow,BIS:WS_SPP(1.0): Selected residential property prices,I,Q: Quarterly,IN: India,R: Real,"771: Year-on-year changes, in per cent",2016-Q4,4.4191,0: Units,,,,A: Normal value,F: Free,
dataflow,BIS:WS_SPP(1.0): Selected residential property prices,I,Q: Quarterly,IN: India,R: Real,"771: Year-on-year changes, in per cent",2017-Q1,6.7053,0: Units,,,,A: Normal value,F: Free,
dataflow,BIS:WS_SPP(1.0): Selected residential property prices,I,Q: Quarterly,IN: India,R: Real,"771: Year-on-year changes, in per cent",2017-Q2,6.298,0: Units,,,,A: Normal value,F: Free,
dataflow,BIS:WS_SPP(1.0): Selected residential property prices,I,Q: Quarterly,IN: India,R: Real,"771: Year-on-year changes, in per cent",2017-Q3,4.3757,0: Units,,,,A: Normal value,F: Free,
dataflow,BIS:WS_SPP(1.0): Selected residential property prices,I,Q: Quarterly,IN: India,R: Real,"771: Year-on-year changes, in per cent",2017-Q4,2.4983,0: Units,,,,A: Normal value,F: Free,
dataflow,BIS:WS_SPP(1.0): Selected residential property prices,I,Q: Quarterly,IN: India,R: Real,"771: Year-on-year changes, in per cent",2018-Q1,2.008,0: Units,,,,A: Normal value,F: Free,
dataflow,BIS:WS_SPP(1.0): Selected residential property prices,I,Q: Quarterly,IN: India,R: Real,"771: Year-on-year changes, in per cent",2018-Q2,0.5367,0: Units,,,,A: Normal value,F: Free,
dataflow,BIS:WS_SPP(1.0): Selected residential property prices,I,Q: Quarterly,IN: India,R: Real,"771: Year-on-year changes, in per cent",2018-Q3,1.8133,0: Units,,,,A: Normal value,F: Free,
dataflow,BIS:WS_SPP(1.0): Selected residential property prices,I,Q: Quarterly,IN: India,R: Real,"771: Year-on-year changes, in per cent",2018-Q4,2.4831,0: Units,,,,A: Normal value,F: Free,
dataflow,BIS:WS_SPP(1.0): Selected residential property prices,I,Q: Quarterly,IN: India,R: Real,"771: Year-on-year changes, in per cent",2019-Q1,1.1445,0: Units,,,,A: Normal value,F: Free,
dataflow,BIS:WS_SPP(1.0): Selected residential property prices,I,Q: Quarterly,IN: India,R: Real,"771: Year-on-year changes, in per cent",2019-Q2,0.3136,0: Units,,,,A: Normal value,F: Free,
dataflow,BIS:WS_SPP(1.0): Selected residential property prices,I,Q: Quarterly,IN: India,R: Real,"771: Year-on-year changes, in per cent",2019-Q3,-0.3084,0: Units,,,,A: Normal value,F: Free,
dataflow,BIS:WS_SPP(1.0): Selected residential property prices,I,Q: Quarterly,IN: India,R: Real,"771: Year-on-year changes, in per cent",2019-Q4,-2.679,0: Units,,,,A: Normal value,F: Free,
dataflow,BIS:WS_SPP(1.0): Selected residential property prices,I,Q: Quarterly,IN: India,R: Real,"771: Year-on-year changes, in per cent",2020-Q1,-2.6033,0: Units,,,,A: Normal value,F: Free,
dataflow,BIS:WS_SPP(1.0): Selected residential property prices,I,Q: Quarterly,IN: India,R: Real,"771: Year-on-year changes, in per cent",2020-Q2,-3.4948,0: Units,,,,A: Normal value,F: Free,
dataflow,BIS:WS_SPP(1.0): Selected residential property prices,I,Q: Quarterly,IN: India,R: Real,"771: Year-on-year changes, in per cent",2020-Q3,-5.4164,0: Units,,,,A: Normal value,F: Free,
dataflow,BIS:WS_SPP(1.0): Selected residential property prices,I,Q: Quarterly,IN: India,R: Real,"771: Year-on-year changes, in per cent",2020-Q4,-3.9013,0: Units,,,,A: Normal value,F: Free,
dataflow,BIS:WS_SPP(1.0): Selected residential property prices,I,Q: Quarterly,IN: India,R: Real,"771: Year-on-year changes, in per cent",2021-Q1,-2.1144,0: Units,,,,A: Normal value,F: Free,
dataflow,BIS:WS_SPP(1.0): Selected residential property prices,I,Q: Quarterly,IN: India,R: Real,"771: Year-on-year changes, in per cent",2021-Q2,-3.4374,0: Units,,,,A: Normal value,F: Free,
dataflow,BIS:WS_SPP(1.0): Selected residential property prices,I,Q: Quarterly,IN: India,R: Real,"771: Year-on-year changes, in per cent",2021-Q3,-2.5511,0: Units,,,,A: Normal value,F: Free,
dataflow,BIS:WS_SPP(1.0): Selected residential property prices,I,Q: Quarterly,IN: India,R: Real,"771: Year-on-year changes, in per cent",2021-Q4,-1.8225,0: Units,,,,A: Normal value,F: Free,
dataflow,BIS:WS_SPP(1.0): Selected residential property prices,I,Q: Quarterly,IN: India,R: Real,"771: Year-on-year changes, in per cent",2022-Q1,-4.2775,0: Units,,,,A: Normal value,F: Free,
dataflow,BIS:WS_SPP(1.0): Selected residential property prices,I,Q: Quarterly,IN: India,R: Real,"771: Year-on-year changes, in per cent",2022-Q2,-3.6263,0: Units,,,,A: Normal value,F: Free,
dataflow,BIS:WS_SPP(1.0): Selected residential property prices,I,Q: Quarterly,IN: India,R: Real,"771: Year-on-year changes, in per cent",2022-Q3,-0.3242,0: Units,,,,A: Normal value,F: Free,
dataflow,BIS:WS_SPP(1.0): Selected residential property prices,I,Q: Quarterly,IN: India,R: Real,"771: Year-on-year changes, in per cent",2022-Q4,-1.5347,0: Units,,,,A: Normal value,F: Free,
dataflow,BIS:WS_SPP(1.0): Selected residential property prices,I,Q: Quarterly,IN: India,R: Real,"771: Year-on-year changes, in per cent",2023-Q1,-1.745,0: Units,,,,A: Normal value,F: Free,
dataflow,BIS:WS_SPP(1.0): Selected residential property prices,I,Q: Quarterly,IN: India,R: Real,"771: Year-on-year changes, in per cent",2023-Q2,-0.8537,0: Units,,,,A: Normal value,F: Free,
dataflow,BIS:WS_SPP(1.0): Selected residential property prices,I,Q: Quarterly,IN: India,R: Real,"771: Year-on-year changes, in per cent",2023-Q3,-3.6046,0: Units,,,,A: Normal value,F: Free,
dataflow,BIS:WS_SPP(1.0): Selected residential property prices,I,Q: Quarterly,IN: India,R: Real,"771: Year-on-year changes, in per cent",2023-Q4,-2.2716,0: Units,,,,A: Normal value,F: Free,
dataflow,BIS:WS_SPP(1.0): Selected residential property prices,I,Q: Quarterly,IN: India,R: Real,"771: Year-on-year changes, in per cent",2024-Q1,1.7548,0: Units,,,,A: Normal value,F: Free,
dataflow,BIS:WS_SPP(1.0): Selected residential property prices,I,Q: Quarterly,IN: India,R: Real,"771: Year-on-year changes, in per cent",2024-Q2,2.5536,0: Units,,,,A: Normal value,F: Free,
dataflow,BIS:WS_SPP(1.0): Selected residential property prices,I,Q: Quarterly,IN: India,R: Real,"771: Year-on-year changes, in per cent",2024-Q3,2.6121,0: Units,,,,A: Normal value,F: Free,
dataflow,BIS:WS_SPP(1.0): Selected residential property prices,I,Q: Quarterly,IN: India,R: Real,"771: Year-on-year changes, in per cent",2024-Q4,1.1553,0: Units,,,,A: Normal value,F: Free,
dataflow,BIS:WS_SPP(1.0): Selected residential property prices,I,Q: Quarterly,IN: India,R: Real,"771: Year-on-year changes, in per cent",2025-Q1,0.1222,0: Units,,,,A: Normal value,F: Free,
dataflow,BIS:WS_SPP(1.0): Selected residential property prices,I,Q: Quarterly,IN: India,R: Real,"771: Year-on-year changes, in per cent",2025-Q2,0.7341,0: Units,,,,A: Normal value,F: Free,
dataflow,BIS:WS_SPP(1.0): Selected residential property prices,I,Q: Quarterly,IN: India,R: Real,"771: Year-on-year changes, in per cent",2025-Q3,1.8267,0: Units,,,,A: Normal value,F: Free,
dataflow,BIS:WS_SPP(1.0): Selected residential property prices,I,Q: Quarterly,IN: India,R: Real,"771: Year-on-year changes, in per cent",2025-Q4,2.9946,0: Units,,,,A: Normal value,F: Free,
dataflow,BIS:WS_SPP(1.0): Selected residential property prices,I,Q: Quarterly,IN: India,R: Real,"771: Year-on-year changes, in per cent",2026-Q1,1.0655,0: Units,,,,A: Normal value,F: Free,
dataflow,BIS:WS_SPP(1.0): Selected residential property prices,I,Q: Quarterly,IT: Italy,N: Nominal,"771: Year-on-year changes, in per cent",1928-Q1,-1.7232,0: Units,,,,A: Normal value,F: Free,
dataflow,BIS:WS_SPP(1.0): Selected residential property prices,I,Q: Quarterly,IT: Italy,N: Nominal,"771: Year-on-year changes, in per cent",1928-Q2,-1.733,0: Units,,,,A: Normal value,F: Free,
dataflow,BIS:WS_SPP(1.0): Selected residential property prices,I,Q: Quarterly,IT: Italy,N: Nominal,"771: Year-on-year changes, in per cent",1928-Q3,-2.0023,0: Units,,,,A: Normal value,F: Free,
dataflow,BIS:WS_SPP(1.0): Selected residential property prices,I,Q: Quarterly,IT: Italy,N: Nominal,"771: Year-on-year changes, in per cent",1928-Q4,-2.5485,0: Units,,,,A: Normal value,F: Free,
dataflow,BIS:WS_SPP(1.0): Selected residential property prices,I,Q: Quarterly,IT: Italy,N: Nominal,"771: Year-on-year changes, in per cent",1929-Q1,-3.0912,0: Units,,,,A: Normal value,F: Free,
dataflow,BIS:WS_SPP(1.0): Selected residential property prices,I,Q: Quarterly,IT: Italy,N: Nominal,"771: Year-on-year changes, in per cent",1929-Q2,-3.6357,0: Units,,,,A: Normal value,F: Free,
dataflow,BIS:WS_SPP(1.0): Selected residential property prices,I,Q: Quarterly,IT: Italy,N: Nominal,"771: Year-on-year changes, in per cent",1929-Q3,-4.3463,0: Units,,,,A: Normal value,F: Free,
dataflow,BIS:WS_SPP(1.0): Selected residential property prices,I,Q: Quarterly,IT: Italy,N: Nominal,"771: Year-on-year changes, in per cent",1929-Q4,-5.243,0: Units,,,,A: Normal value,F: Free,
dataflow,BIS:WS_SPP(1.0): Selected residential property prices,I,Q: Quarterly,IT: Italy,N: Nominal,"771: Year-on-year changes, in per cent",1930-Q1,-6.1479,0: Units,,,,A: Normal value,F: Free,
dataflow,BIS:WS_SPP(1.0): Selected residential property prices,I,Q: Quarterly,IT: Italy,N: Nominal,"771: Year-on-year changes, in per cent",1930-Q2,-7.066,0: Units,,,,A: Normal value,F: Free,
dataflow,BIS:WS_SPP(1.0): Selected residential property prices,I,Q: Quarterly,IT: Italy,N: Nominal,"771: Year-on-year changes, in per cent",1930-Q3,-7.9139,0: Units,,,,A: Normal value,F: Free,
dataflow,BIS:WS_SPP(1.0): Selected residential property prices,I,Q: Quarterly,IT: Italy,N: Nominal,"771: Year-on-year changes, in per cent",1930-Q4,-8.6879,0: Units,,,,A: Normal value,F: Free,
dataflow,BIS:WS_SPP(1.0): Selected residential property prices,I,Q: Quarterly,IT: Italy,N: Nominal,"771: Year-on-year changes, in per cent",1931-Q1,-9.4839,0: Units,,,,A: Normal value,F: Free,
dataflow,BIS:WS_SPP(1.0): Selected residential property prices,I,Q: Quarterly,IT: Italy,N: Nominal,"771: Year-on-year changes, in per cent",1931-Q2,-10.3074,0: Units,,,,A: Normal value,F: Free,
dataflow,BIS:WS_SPP(1.0): Selected residential property prices,I,Q: Quarterly,IT: Italy,N: Nominal,"771: Year-on-year changes, in per cent",1931-Q3,-10.7781,0: Units,,,,A: Normal value,F: Free,
dataflow,BIS:WS_SPP(1.0): Selected residential property prices,I,Q: Quarterly,IT: Italy,N: Nominal,"771: Year-on-year changes, in per cent",1931-Q4,-10.8428,0: Units,,,,A: Normal value,F: Free,
dataflow,BIS:WS_SPP(1.0): Selected residential property prices,I,Q: Quarterly,IT: Italy,N: Nominal,"771: Year-on-year changes, in per cent",1932-Q1,-10.9248,0: Units,,,,A: Normal value,F: Free,
dataflow,BIS:WS_SPP(1.0): Selected residential property prices,I,Q: Quarterly,IT: Italy,N: Nominal,"771: Year-on-year changes, in per cent",1932-Q2,-11.0112,0: Units,,,,A: Normal value,F: Free,
dataflow,BIS:WS_SPP(1.0): Selected residential property prices,I,Q: Quarterly,IT: Italy,N: Nominal,"771: Year-on-year changes, in per cent",1932-Q3,-10.3099,0: Units,,,,A: Normal value,F: Free,
dataflow,BIS:WS_SPP(1.0): Selected residential property prices,I,Q: Quarterly,IT: Italy,N: Nominal,"771: Year-on-year changes, in per cent",1932-Q4,-8.7347,0: Units,,,,A: Normal value,F: Free,
dataflow,BIS:WS_SPP(1.0): Selected residential property prices,I,Q: Quarterly,IT: Italy,N: Nominal,"771: Year-on-year changes, in per cent",1933-Q1,-7.069,0: Units,,,,A: Normal value,F: Free,
dataflow,BIS:WS_SPP(1.0): Selected residential property prices,I,Q: Quarterly,IT: Italy,N: Nominal,"771: Year-on-year changes, in per cent",1933-Q2,-5.3114,0: Units,,,,A: Normal value,F: Free,
dataflow,BIS:WS_SPP(1.0): Selected residential property prices,I,Q: Quarterly,IT: Italy,N: Nominal,"771: Year-on-year changes, in per cent",1933-Q3,-4.7778,0: Units,,,,A: Normal value,F: Free,
dataflow,BIS:WS_SPP(1.0): Selected residential property prices,I,Q: Quarterly,IT: Italy,N: Nominal,"771: Year-on-year changes, in per cent",1933-Q4,-5.6245,0: Units,,,,A: Normal value,F: Free,
dataflow,BIS:WS_SPP(1.0): Selected residential property prices,I,Q: Quarterly,IT: Italy,N: Nominal,"771: Year-on-year changes, in per cent",1934-Q1,-6.481,0: Units,,,,A: Normal value,F: Free,
dataflow,BIS:WS_SPP(1.0): Selected residential property prices,I,Q: Quarterly,IT: Italy,N: Nominal,"771: Year-on-year changes, in per cent",1934-Q2,-7.3521,0: Units,,,,A: Normal value,F: Free,
dataflow,BIS:WS_SPP(1.0): Selected residential property prices,I,Q: Quarterly,IT: Italy,N: Nominal,"771: Year-on-year changes, in per cent",1934-Q3,-6.5364,0: Units,,,,A: Normal value,F: Free,
dataflow,BIS:WS_SPP(1.0): Selected residential property prices,I,Q: Quarterly,IT: Italy,N: Nominal,"771: Year-on-year changes, in per cent",1934-Q4,-3.8205,0: Units,,,,A: Normal value,F: Free,
dataflow,BIS:WS_SPP(1.0): Selected residential property prices,I,Q: Quarterly,IT: Italy,N: Nominal,"771: Year-on-year changes, in per cent",1935-Q1,-1.0231,0: Units,,,,A: Normal value,F: Free,
dataflow,BIS:WS_SPP(1.0): Selected residential property prices,I,Q: Quarterly,IT: Italy,N: Nominal,"771: Year-on-year changes, in per cent",1935-Q2,1.8749,0: Units,,,,A: Normal value,F: Free,
dataflow,BIS:WS_SPP(1.0): Selected residential property prices,I,Q: Quarterly,IT: Italy,N: Nominal,"771: Year-on-year changes, in per cent",1935-Q3,3.1186,0: Units,,,,A: Normal value,F: Free,
dataflow,BIS:WS_SPP(1.0): Selected residential property prices,I,Q: Quarterly,IT: Italy,N: Nominal,"771: Year-on-year changes, in per cent",1935-Q4,2.4887,0: Units,,,,A: Normal value,F: Free,
dataflow,BIS:WS_SPP(1.0): Selected residential property prices,I,Q: Quarterly,IT: Italy,N: Nominal,"771: Year-on-year changes, in per cent",1936-Q1,1.877,0: Units,,,,A: Normal value,F: Free,
dataflow,BIS:WS_SPP(1.0): Selected residential property prices,I,Q: Quarterly,IT: Italy,N: Nominal,"771: Year-on-year changes, in per cent",1936-Q2,1.2788,0: Units,,,,A: Normal value,F: Free,
dataflow,BIS:WS_SPP(1.0): Selected residential property prices,I,Q: Quarterly,IT: Italy,N: Nominal,"771: Year-on-year changes, in per cent",1936-Q3,1.2841,0: Units,,,,A: Normal value,F: Free,
dataflow,BIS:WS_SPP(1.0): Selected residential property prices,I,Q: Quarterly,IT: Italy,N: Nominal,"771: Year-on-year changes, in per cent",1936-Q4,1.921,0: Units,,,,A: Normal value,F: Free,
dataflow,BIS:WS_SPP(1.0): Selected residential property prices,I,Q: Quarterly,IT: Italy,N: Nominal,"771: Year-on-year changes, in per cent",1937-Q1,2.5468,0: Units,,,,A: Normal value,F: Free,
dataflow,BIS:WS_SPP(1.0): Selected residential property prices,I,Q: Quarterly,IT: Italy,N: Nominal,"771: Year-on-year changes, in per cent",1937-Q2,3.1661,0: Units,,,,A: Normal value,F: Free,
dataflow,BIS:WS_SPP(1.0): Selected residential property prices,I,Q: Quarterly,IT: Italy,N: Nominal,"771: Year-on-year changes, in per cent",1937-Q3,3.4327,0: Units,,,,A: Normal value,F: Free,
dataflow,BIS:WS_SPP(1.0): Selected residential property prices,I,Q: Quarterly,IT: Italy,N: Nominal,"771: Year-on-year changes, in per cent",1937-Q4,3.3288,0: Units,,,,A: Normal value,F: Free,
dataflow,BIS:WS_SPP(1.0): Selected residential property prices,I,Q: Quarterly,IT: Italy,N: Nominal,"771: Year-on-year changes, in per cent",1938-Q1,3.2278,0: Units,,,,A: Normal value,F: Free,
dataflow,BIS:WS_SPP(1.0): Selected residential property prices,I,Q: Quarterly,IT: Italy,N: Nominal,"771: Year-on-year changes, in per cent",1938-Q2,3.129,0: Units,,,,A: Normal value,F: Free,
dataflow,BIS:WS_SPP(1.0): Selected residential property prices,I,Q: Quarterly,IT: Italy,N: Nominal,"771: Year-on-year changes, in per cent",1938-Q3,2.9841,0: Units,,,,A: Normal value,F: Free,
dataflow,BIS:WS_SPP(1.0): Selected residential property prices,I,Q: Quarterly,IT: Italy,N: Nominal,"771: Year-on-year changes, in per cent",1938-Q4,2.7915,0: Units,,,,A: Normal value,F: Free,
dataflow,BIS:WS_SPP(1.0): Selected residential property prices,I,Q: Quarterly,IT: Italy,N: Nominal,"771: Year-on-year changes, in per cent",1939-Q1,2.6038,0: Units,,,,A: Normal value,F: Free,
dataflow,BIS:WS_SPP(1.0): Selected residential property prices,I,Q: Quarterly,IT: Italy,N: Nominal,"771: Year-on-year changes, in per cent",1939-Q2,2.4199,0: Units,,,,A: Normal value,F: Free,
dataflow,BIS:WS_SPP(1.0): Selected residential property prices,I,Q: Quarterly,IT: Italy,N: Nominal,"771: Year-on-year changes, in per cent",1939-Q3,2.8352,0: Units,,,,A: Normal value,F: Free,
dataflow,BIS:WS_SPP(1.0): Selected residential property prices,I,Q: Quarterly,IT: Italy,N: Nominal,"771: Year-on-year changes, in per cent",1939-Q4,3.8793,0: Units,,,,A: Normal value,F: Free,
dataflow,BIS:WS_SPP(1.0): Selected residential property prices,I,Q: Quarterly,IT: Italy,N: Nominal,"771: Year-on-year changes, in per cent",1940-Q1,4.9092,0: Units,,,,A: Normal value,F: Free,
dataflow,BIS:WS_SPP(1.0): Selected residential property prices,I,Q: Quarterly,IT: Italy,N: Nominal,"771: Year-on-year changes, in per cent",1940-Q2,5.9218,0: Units,,,,A: Normal value,F: Free,
dataflow,BIS:WS_SPP(1.0): Selected residential property prices,I,Q: Quarterly,IT: Italy,N: Nominal,"771: Year-on-year changes, in per cent",1940-Q3,7.6267,0: Units,,,,A: Normal value,F: Free,
dataflow,BIS:WS_SPP(1.0): Selected residential property prices,I,Q: Quarterly,IT: Italy,N: Nominal,"771: Year-on-year changes, in per cent",1940-Q4,9.9974,0: Units,,,,A: Normal value,F: Free,
dataflow,BIS:WS_SPP(1.0): Selected residential property prices,I,Q: Quarterly,IT: Italy,N: Nominal,"771: Year-on-year changes, in per cent",1941-Q1,12.2601,0: Units,,,,A: Normal value,F: Free,
dataflow,BIS:WS_SPP(1.0): Selected residential property prices,I,Q: Quarterly,IT: Italy,N: Nominal,"771: Year-on-year changes, in per cent",1941-Q2,14.442,0: Units,,,,A: Normal value,F: Free,
dataflow,BIS:WS_SPP(1.0): Selected residential property prices,I,Q: Quarterly,IT: Italy,N: Nominal,"771: Year-on-year changes, in per cent",1941-Q3,14.4081,0: Units,,,,A: Normal value,F: Free,
dataflow,BIS:WS_SPP(1.0): Selected residential property prices,I,Q: Quarterly,IT: Italy,N: Nominal,"771: Year-on-year changes, in per cent",1941-Q4,12.1993,0: Units,,,,A: Normal value,F: Free,
dataflow,BIS:WS_SPP(1.0): Selected residential property prices,I,Q: Quarterly,IT: Italy,N: Nominal,"771: Year-on-year changes, in per cent",1942-Q1,10.1693,0: Units,,,,A: Normal value,F: Free,
dataflow,BIS:WS_SPP(1.0): Selected residential property prices,I,Q: Quarterly,IT: Italy,N: Nominal,"771: Year-on-year changes, in per cent",1942-Q2,8.2878,0: Units,,,,A: Normal value,F: Free,
dataflow,BIS:WS_SPP(1.0): Selected residential property prices,I,Q: Quarterly,IT: Italy,N: Nominal,"771: Year-on-year changes, in per cent",1942-Q3,9.6024,0: Units,,,,A: Normal value,F: Free,
dataflow,BIS:WS_SPP(1.0): Selected residential property prices,I,Q: Quarterly,IT: Italy,N: Nominal,"771: Year-on-year changes, in per cent",1942-Q4,14.1111,0: Units,,,,A: Normal value,F: Free,
dataflow,BIS:WS_SPP(1.0): Selected residential property prices,I,Q: Quarterly,IT: Italy,N: Nominal,"771: Year-on-year changes, in per cent",1943-Q1,18.4143,0: Units,,,,A: Normal value,F: Free,
dataflow,BIS:WS_SPP(1.0): Selected residential property prices,I,Q: Quarterly,IT: Italy,N: Nominal,"771: Year-on-year changes, in per cent",1943-Q2,22.5467,0: Units,,,,A: Normal value,F: Free,
dataflow,BIS:WS_SPP(1.0): Selected residential property prices,I,Q: Quarterly,IT: Italy,N: Nominal,"771: Year-on-year changes, in per cent",1943-Q3,61.3985,0: Units,,,,A: Normal value,F: Free,
dataflow,BIS:WS_SPP(1.0): Selected residential property prices,I,Q: Quarterly,IT: Italy,N: Nominal,"771: Year-on-year changes, in per cent",1943-Q4,130.9603,0: Units,,,,A: Normal value,F: Free,
dataflow,BIS:WS_SPP(1.0): Selected residential property prices,I,Q: Quarterly,IT: Italy,N: Nominal,"771: Year-on-year changes, in per cent",1944-Q1,192.8116,0: Units,,,,A: Normal value,F: Free,
dataflow,BIS:WS_SPP(1.0): Selected residential property prices,I,Q: Quarterly,IT: Italy,N: Nominal,"771: Year-on-year changes, in per cent",1944-Q2,248.1211,0: Units,,,,A: Normal value,F: Free,
dataflow,BIS:WS_SPP(1.0): Selected residential property prices,I,Q: Quarterly,IT: Italy,N: Nominal,"771: Year-on-year changes, in per cent",1944-Q3,306.3075,0: Units,,,,A: Normal value,F: Free,
dataflow,BIS:WS_SPP(1.0): Selected residential property prices,I,Q: Quarterly,IT: Italy,N: Nominal,"771: Year-on-year changes, in per cent",1944-Q4,337.295,0: Units,,,,A: Normal value,F: Free,
dataflow,BIS:WS_SPP(1.0): Selected residential property prices,I,Q: Quarterly,IT: Italy,N: Nominal,"771: Year-on-year changes, in per cent",1945-Q1,351.768,0: Units,,,,A: Normal value,F: Free,
dataflow,BIS:WS_SPP(1.0): Selected residential property prices,I,Q: Quarterly,IT: Italy,N: Nominal,"771: Year-on-year changes, in per cent",1945-Q2,360.3514,0: Units,,,,A: Normal value,F: Free,
dataflow,BIS:WS_SPP(1.0): Selected residential property prices,I,Q: Quarterly,IT: Italy,N: Nominal,"771: Year-on-year changes, in per cent",1945-Q3,240.1619,0: Units,,,,A: Normal value,F: Free,
dataflow,BIS:WS_SPP(1.0): Selected residential property prices,I,Q: Quarterly,IT: Italy,N: Nominal,"771: Year-on-year changes, in per cent",1945-Q4,133.1864,0: Units,,,,A: Normal value,F: Free,
dataflow,BIS:WS_SPP(1.0): Selected residential property prices,I,Q: Quarterly,IT: Italy,N: Nominal,"771: Year-on-year changes, in per cent",1946-Q1,86.3435,0: Units,,,,A: Normal value,F: Free,
dataflow,BIS:WS_SPP(1.0): Selected residential property prices,I,Q: Quarterly,IT: Italy,N: Nominal,"771: Year-on-year changes, in per cent",1946-Q2,59.9456,0: Units,,,,A: Normal value,F: Free,
dataflow,BIS:WS_SPP(1.0): Selected residential property prices,I,Q: Quarterly,IT: Italy,N: Nominal,"771: Year-on-year changes, in per cent",1946-Q3,51.3545,0: Units,,,,A: Normal value,F: Free,
dataflow,BIS:WS_SPP(1.0): Selected residential property prices,I,Q: Quarterly,IT: Italy,N: Nominal,"771: Year-on-year changes, in per cent",1946-Q4,53.2128,0: Units,,,,A: Normal value,F: Free,
dataflow,BIS:WS_SPP(1.0): Selected residential property prices,I,Q: Quarterly,IT: Italy,N: Nominal,"771: Year-on-year changes, in per cent",1947-Q1,54.7001,0: Units,,,,A: Normal value,F: Free,
dataflow,BIS:WS_SPP(1.0): Selected residential property prices,I,Q: Quarterly,IT: Italy,N: Nominal,"771: Year-on-year changes, in per cent",1947-Q2,55.922,0: Units,,,,A: Normal value,F: Free,
dataflow,BIS:WS_SPP(1.0): Selected residential property prices,I,Q: Quarterly,IT: Italy,N: Nominal,"771: Year-on-year changes, in per cent",1947-Q3,50.1634,0: Units,,,,A: Normal value,F: Free,
dataflow,BIS:WS_SPP(1.0): Selected residential property prices,I,Q: Quarterly,IT: Italy,N: Nominal,"771: Year-on-year changes, in per cent",1947-Q4,39.3923,0: Units,,,,A: Normal value,F: Free,
dataflow,BIS:WS_SPP(1.0): Selected residential property prices,I,Q: Quarterly,IT: Italy,N: Nominal,"771: Year-on-year changes, in per cent",1948-Q1,37.5936,0: Units,,,,A: Normal value,F: Free,
dataflow,BIS:WS_SPP(1.0): Selected residential property prices,I,Q: Quarterly,IT: Italy,N: Nominal,"771: Year-on-year changes, in per cent",1948-Q2,28.1365,0: Units,,,,A: Normal value,F: Free,
dataflow,BIS:WS_SPP(1.0): Selected residential property prices,I,Q: Quarterly,IT: Italy,N: Nominal,"771: Year-on-year changes, in per cent",1948-Q3,9.6388,0: Units,,,,A: Normal value,F: Free,
dataflow,BIS:WS_SPP(1.0): Selected residential property prices,I,Q: Quarterly,IT: Italy,N: Nominal,"771: Year-on-year changes, in per cent",1948-Q4,7.6992,0: Units,,,,A: Normal value,F: Free,
dataflow,BIS:WS_SPP(1.0): Selected residential property prices,I,Q: Quarterly,IT: Italy,N: Nominal,"771: Year-on-year changes, in per cent",1949-Q1,0.5773,0: Units,,,,A: Normal value,F: Free,
dataflow,BIS:WS_SPP(1.0): Selected residential property prices,I,Q: Quarterly,IT: Italy,N: Nominal,"771: Year-on-year changes, in per cent",1949-Q2,-1.7416,0: Units,,,,A: Normal value,F: Free,
dataflow,BIS:WS_SPP(1.0): Selected residential property prices,I,Q: Quarterly,IT: Italy,N: Nominal,"771: Year-on-year changes, in per cent",1949-Q3,-2.7261,0: Units,,,,A: Normal value,F: Free,
dataflow,BIS:WS_SPP(1.0): Selected residential property prices,I,Q: Quarterly,IT: Italy,N: Nominal,"771: Year-on-year changes, in per cent",1949-Q4,-9.7517,0: Units,,,,A: Normal value,F: Free,
dataflow,BIS:WS_SPP(1.0): Selected residential property prices,I,Q: Quarterly,IT: Italy,N: Nominal,"771: Year-on-year changes, in per cent",1950-Q1,-12.6333,0: Units,,,,A: Normal value,F: Free,
dataflow,BIS:WS_SPP(1.0): Selected residential property prices,I,Q: Quarterly,IT: Italy,N: Nominal,"771: Year-on-year changes, in per cent",1950-Q2,-6.7646,0: Units,,,,A: Normal value,F: Free,
dataflow,BIS:WS_SPP(1.0): Selected residential property prices,I,Q: Quarterly,IT: Italy,N: Nominal,"771: Year-on-year changes, in per cent",1950-Q3,10.5288,0: Units,,,,A: Normal value,F: Free,
dataflow,BIS:WS_SPP(1.0): Selected residential property prices,I,Q: Quarterly,IT: Italy,N: Nominal,"771: Year-on-year changes, in per cent",1950-Q4,16.7474,0: Units,,,,A: Normal value,F: Free,
dataflow,BIS:WS_SPP(1.0): Selected residential property prices,I,Q: Quarterly,IT: Italy,N: Nominal,"771: Year-on-year changes, in per cent",1951-Q1,24.6606,0: Units,,,,A: Normal value,F: Free,
dataflow,BIS:WS_SPP(1.0): Selected residential property prices,I,Q: Quarterly,IT: Italy,N: Nominal,"771: Year-on-year changes, in per cent",1951-Q2,24.8103,0: Units,,,,A: Normal value,F: Free,
dataflow,BIS:WS_SPP(1.0): Selected residential property prices,I,Q: Quarterly,IT: Italy,N: Nominal,"771: Year-on-year changes, in per cent",1951-Q3,14.5897,0: Units,,,,A: Normal value,F: Free,
dataflow,BIS:WS_SPP(1.0): Selected residential property prices,I,Q: Quarterly,IT: Italy,N: Nominal,"771: Year-on-year changes, in per cent",1951-Q4,11.7181,0: Units,,,,A: Normal value,F: Free,
dataflow,BIS:WS_SPP(1.0): Selected residential property prices,I,Q: Quarterly,IT: Italy,N: Nominal,"771: Year-on-year changes, in per cent",1952-Q1,4.6438,0: Units,,,,A: Normal value,F: Free,
dataflow,BIS:WS_SPP(1.0): Selected residential property prices,I,Q: Quarterly,IT: Italy,N: Nominal,"771: Year-on-year changes, in per cent",1952-Q2,-1.0193,0: Units,,,,A: Normal value,F: Free,
dataflow,BIS:WS_SPP(1.0): Selected residential property prices,I,Q: Quarterly,IT: Italy,N: Nominal,"771: Year-on-year changes, in per cent",1952-Q3,1.067,0: Units,,,,A: Normal value,F: Free,
dataflow,BIS:WS_SPP(1.0): Selected residential property prices,I,Q: Quarterly,IT: Italy,N: Nominal,"771: Year-on-year changes, in per cent",1952-Q4,3.2035,0: Units,,,,A: Normal value,F: Free,
dataflow,BIS:WS_SPP(1.0): Selected residential property prices,I,Q: Quarterly,IT: Italy,N: Nominal,"771: Year-on-year changes, in per cent",1953-Q1,1.991,0: Units,,,,A: Normal value,F: Free,
dataflow,BIS:WS_SPP(1.0): Selected residential property prices,I,Q: Quarterly,IT: Italy,N: Nominal,"771: Year-on-year changes, in per cent",1953-Q2,3.7506,0: Units,,,,A: Normal value,F: Free,
dataflow,BIS:WS_SPP(1.0): Selected residential property prices,I,Q: Quarterly,IT: Italy,N: Nominal,"771: Year-on-year changes, in per cent",1953-Q3,-1.7047,0: Units,,,,A: Normal value,F: Free,
dataflow,BIS:WS_SPP(1.0): Selected residential property prices,I,Q: Quarterly,IT: Italy,N: Nominal,"771: Year-on-year changes, in per cent",1953-Q4,-0.6621,0: Units,,,,A: Normal value,F: Free,
dataflow,BIS:WS_SPP(1.0): Selected residential property prices,I,Q: Quarterly,IT: Italy,N: Nominal,"771: Year-on-year changes, in per cent",1954-Q1,3.5778,0: Units,,,,A: Normal value,F: Free,
dataflow,BIS:WS_SPP(1.0): Selected residential property prices,I,Q: Quarterly,IT: Italy,N: Nominal,"771: Year-on-year changes, in per cent",1954-Q2,0.5601,0: Units,,,,A: Normal value,F: Free,
dataflow,BIS:WS_SPP(1.0): Selected residential property prices,I,Q: Quarterly,IT: Italy,N: Nominal,"771: Year-on-year changes, in per cent",1954-Q3,6.7261,0: Units,,,,A: Normal value,F: Free,
dataflow,BIS:WS_SPP(1.0): Selected residential property prices,I,Q: Quarterly,IT: Italy,N: Nominal,"771: Year-on-year changes, in per cent",1954-Q4,6.5852,0: Units,,,,A: Normal value,F: Free,
dataflow,BIS:WS_SPP(1.0): Selected residential property prices,I,Q: Quarterly,IT: Italy,N: Nominal,"771: Year-on-year changes, in per cent",1955-Q1,4.6091,0: Units,,,,A: Normal value,F: Free,
dataflow,BIS:WS_SPP(1.0): Selected residential property prices,I,Q: Quarterly,IT: Italy,N: Nominal,"771: Year-on-year changes, in per cent",1955-Q2,3.8441,0: Units,,,,A: Normal value,F: Free,
dataflow,BIS:WS_SPP(1.0): Selected residential property prices,I,Q: Quarterly,IT: Italy,N: Nominal,"771: Year-on-year changes, in per cent",1955-Q3,1.5042,0: Units,,,,A: Normal value,F: Free,
dataflow,BIS:WS_SPP(1.0): Selected residential property prices,I,Q: Quarterly,IT: Italy,N: Nominal,"771: Year-on-year changes, in per cent",1955-Q4,-0.3631,0: Units,,,,A: Normal value,F: Free,
dataflow,BIS:WS_SPP(1.0): Selected residential property prices,I,Q: Quarterly,IT: Italy,N: Nominal,"771: Year-on-year changes, in per cent",1956-Q1,1.6428,0: Units,,,,A: Normal value,F: Free,
dataflow,BIS:WS_SPP(1.0): Selected residential property prices,I,Q: Quarterly,IT: Italy,N: Nominal,"771: Year-on-year changes, in per cent",1956-Q2,3.0299,0: Units,,,,A: Normal value,F: Free,
dataflow,BIS:WS_SPP(1.0): Selected residential property prices,I,Q: Quarterly,IT: Italy,N: Nominal,"771: Year-on-year changes, in per cent",1956-Q3,2.6874,0: Units,,,,A: Normal value,F: Free,
dataflow,BIS:WS_SPP(1.0): Selected residential property prices,I,Q: Quarterly,IT: Italy,N: Nominal,"771: Year-on-year changes, in per cent",1956-Q4,4.227,0: Units,,,,A: Normal value,F: Free,
dataflow,BIS:WS_SPP(1.0): Selected residential property prices,I,Q: Quarterly,IT: Italy,N: Nominal,"771: Year-on-year changes, in per cent",1957-Q1,3.0803,0: Units,,,,A: Normal value,F: Free,
dataflow,BIS:WS_SPP(1.0): Selected residential property prices,I,Q: Quarterly,IT: Italy,N: Nominal,"771: Year-on-year changes, in per cent",1957-Q2,1.7066,0: Units,,,,A: Normal value,F: Free,
dataflow,BIS:WS_SPP(1.0): Selected residential property prices,I,Q: Quarterly,IT: Italy,N: Nominal,"771: Year-on-year changes, in per cent",1957-Q3,2.9642,0: Units,,,,A: Normal value,F: Free,
dataflow,BIS:WS_SPP(1.0): Selected residential property prices,I,Q: Quarterly,IT: Italy,N: Nominal,"771: Year-on-year changes, in per cent",1957-Q4,2.8474,0: Units,,,,A: Normal value,F: Free,
dataflow,BIS:WS_SPP(1.0): Selected residential property prices,I,Q: Quarterly,IT: Italy,N: Nominal,"771: Year-on-year changes, in per cent",1958-Q1,0.3224,0: Units,,,,A: Normal value,F: Free,
dataflow,BIS:WS_SPP(1.0): Selected residential property prices,I,Q: Quarterly,IT: Italy,N: Nominal,"771: Year-on-year changes, in per cent",1958-Q2,2.4414,0: Units,,,,A: Normal value,F: Free,
dataflow,BIS:WS_SPP(1.0): Selected residential property prices,I,Q: Quarterly,IT: Italy,N: Nominal,"771: Year-on-year changes, in per cent",1958-Q3,1.1457,0: Units,,,,A: Normal value,F: Free,
dataflow,BIS:WS_SPP(1.0): Selected residential property prices,I,Q: Quarterly,IT: Italy,N: Nominal,"771: Year-on-year changes, in per cent",1958-Q4,-1.7478,0: Units,,,,A: Normal value,F: Free,
dataflow,BIS:WS_SPP(1.0): Selected residential property prices,I,Q: Quarterly,IT: Italy,N: Nominal,"771: Year-on-year changes, in per cent",1959-Q1,-1.6706,0: Units,,,,A: Normal value,F: Free,
dataflow,BIS:WS_SPP(1.0): Selected residential property prices,I,Q: Quarterly,IT: Italy,N: Nominal,"771: Year-on-year changes, in per cent",1959-Q2,-2.1717,0: Units,,,,A: Normal value,F: Free,
dataflow,BIS:WS_SPP(1.0): Selected residential property prices,I,Q: Quarterly,IT: Italy,N: Nominal,"771: Year-on-year changes, in per cent",1959-Q3,-1.1999,0: Units,,,,A: Normal value,F: Free,
dataflow,BIS:WS_SPP(1.0): Selected residential property prices,I,Q: Quarterly,IT: Italy,N: Nominal,"771: Year-on-year changes, in per cent",1959-Q4,3.5591,0: Units,,,,A: Normal value,F: Free,
dataflow,BIS:WS_SPP(1.0): Selected residential property prices,I,Q: Quarterly,IT: Italy,N: Nominal,"771: Year-on-year changes, in per cent",1960-Q1,5.0253,0: Units,,,,A: Normal value,F: Free,
dataflow,BIS:WS_SPP(1.0): Selected residential property prices,I,Q: Quarterly,IT: Italy,N: Nominal,"771: Year-on-year changes, in per cent",1960-Q2,2.1331,0: Units,,,,A: Normal value,F: Free,
dataflow,BIS:WS_SPP(1.0): Selected residential property prices,I,Q: Quarterly,IT: Italy,N: Nominal,"771: Year-on-year changes, in per cent",1960-Q3,3.1074,0: Units,,,,A: Normal value,F: Free,
dataflow,BIS:WS_SPP(1.0): Selected residential property prices,I,Q: Quarterly,IT: Italy,N: Nominal,"771: Year-on-year changes, in per cent",1960-Q4,0.9736,0: Units,,,,A: Normal value,F: Free,
dataflow,BIS:WS_SPP(1.0): Selected residential property prices,I,Q: Quarterly,IT: Italy,N: Nominal,"771: Year-on-year changes, in per cent",1961-Q1,2.1652,0: Units,,,,A: Normal value,F: Free,
dataflow,BIS:WS_SPP(1.0): Selected residential property prices,I,Q: Quarterly,IT: Italy,N: Nominal,"771: Year-on-year changes, in per cent",1961-Q2,5.5065,0: Units,,,,A: Normal value,F: Free,
dataflow,BIS:WS_SPP(1.0): Selected residential property prices,I,Q: Quarterly,IT: Italy,N: Nominal,"771: Year-on-year changes, in per cent",1961-Q3,5.3138,0: Units,,,,A: Normal value,F: Free,
dataflow,BIS:WS_SPP(1.0): Selected residential property prices,I,Q: Quarterly,IT: Italy,N: Nominal,"771: Year-on-year changes, in per cent",1961-Q4,5.7927,0: Units,,,,A: Normal value,F: Free,
dataflow,BIS:WS_SPP(1.0): Selected residential property prices,I,Q: Quarterly,IT: Italy,N: Nominal,"771: Year-on-year changes, in per cent",1962-Q1,6.797,0: Units,,,,A: Normal value,F: Free,
dataflow,BIS:WS_SPP(1.0): Selected residential property prices,I,Q: Quarterly,IT: Italy,N: Nominal,"771: Year-on-year changes, in per cent",1962-Q2,8.6446,0: Units,,,,A: Normal value,F: Free,
dataflow,BIS:WS_SPP(1.0): Selected residential property prices,I,Q: Quarterly,IT: Italy,N: Nominal,"771: Year-on-year changes, in per cent",1962-Q3,7.8896,0: Units,,,,A: Normal value,F: Free,
dataflow,BIS:WS_SPP(1.0): Selected residential property prices,I,Q: Quarterly,IT: Italy,N: Nominal,"771: Year-on-year changes, in per cent",1962-Q4,7.552,0: Units,,,,A: Normal value,F: Free,
dataflow,BIS:WS_SPP(1.0): Selected residential property prices,I,Q: Quarterly,IT: Italy,N: Nominal,"771: Year-on-year changes, in per cent",1963-Q1,10.6536,0: Units,,,,A: Normal value,F: Free,
dataflow,BIS:WS_SPP(1.0): Selected residential property prices,I,Q: Quarterly,IT: Italy,N: Nominal,"771: Year-on-year changes, in per cent",1963-Q2,7.5312,0: Units,,,,A: Normal value,F: Free,
dataflow,BIS:WS_SPP(1.0): Selected residential property prices,I,Q: Quarterly,IT: Italy,N: Nominal,"771: Year-on-year changes, in per cent",1963-Q3,6.8492,0: Units,,,,A: Normal value,F: Free,
dataflow,BIS:WS_SPP(1.0): Selected residential property prices,I,Q: Quarterly,IT: Italy,N: Nominal,"771: Year-on-year changes, in per cent",1963-Q4,11.7412,0: Units,,,,A: Normal value,F: Free,
dataflow,BIS:WS_SPP(1.0): Selected residential property prices,I,Q: Quarterly,IT: Italy,N: Nominal,"771: Year-on-year changes, in per cent",1964-Q1,9.4348,0: Units,,,,A: Normal value,F: Free,
dataflow,BIS:WS_SPP(1.0): Selected residential property prices,I,Q: Quarterly,IT: Italy,N: Nominal,"771: Year-on-year changes, in per cent",1964-Q2,12.3345,0: Units,,,,A: Normal value,F: Free,
dataflow,BIS:WS_SPP(1.0): Selected residential property prices,I,Q: Quarterly,IT: Italy,N: Nominal,"771: Year-on-year changes, in per cent",1964-Q3,15.0969,0: Units,,,,A: Normal value,F: Free,
dataflow,BIS:WS_SPP(1.0): Selected residential property prices,I,Q: Quarterly,IT: Italy,N: Nominal,"771: Year-on-year changes, in per cent",1964-Q4,8.5935,0: Units,,,,A: Normal value,F: Free,
dataflow,BIS:WS_SPP(1.0): Selected residential property prices,I,Q: Quarterly,IT: Italy,N: Nominal,"771: Year-on-year changes, in per cent",1965-Q1,4.1833,0: Units,,,,A: Normal value,F: Free,
dataflow,BIS:WS_SPP(1.0): Selected residential property prices,I,Q: Quarterly,IT: Italy,N: Nominal,"771: Year-on-year changes, in per cent",1965-Q2,-0.9924,0: Units,,,,A: Normal value,F: Free,
dataflow,BIS:WS_SPP(1.0): Selected residential property prices,I,Q: Quarterly,IT: Italy,N: Nominal,"771: Year-on-year changes, in per cent",1965-Q3,-2.5701,0: Units,,,,A: Normal value,F: Free,
dataflow,BIS:WS_SPP(1.0): Selected residential property prices,I,Q: Quarterly,IT: Italy,N: Nominal,"771: Year-on-year changes, in per cent",1965-Q4,-1.2571,0: Units,,,,A: Normal value,F: Free,
dataflow,BIS:WS_SPP(1.0): Selected residential property prices,I,Q: Quarterly,IT: Italy,N: Nominal,"771: Year-on-year changes, in per cent",1966-Q1,0.4573,0: Units,,,,A: Normal value,F: Free,
dataflow,BIS:WS_SPP(1.0): Selected residential property prices,I,Q: Quarterly,IT: Italy,N: Nominal,"771: Year-on-year changes, in per cent",1966-Q2,2.6459,0: Units,,,,A: Normal value,F: Free,
dataflow,BIS:WS_SPP(1.0): Selected residential property prices,I,Q: Quarterly,IT: Italy,N: Nominal,"771: Year-on-year changes, in per cent",1966-Q3,1.0915,0: Units,,,,A: Normal value,F: Free,
dataflow,BIS:WS_SPP(1.0): Selected residential property prices,I,Q: Quarterly,IT: Italy,N: Nominal,"771: Year-on-year changes, in per cent",1966-Q4,-0.6592,0: Units,,,,A: Normal value,F: Free,
dataflow,BIS:WS_SPP(1.0): Selected residential property prices,I,Q: Quarterly,IT: Italy,N: Nominal,"771: Year-on-year changes, in per cent",1967-Q1,0.2039,0: Units,,,,A: Normal value,F: Free,
dataflow,BIS:WS_SPP(1.0): Selected residential property prices,I,Q: Quarterly,IT: Italy,N: Nominal,"771: Year-on-year changes, in per cent",1967-Q2,-1.0528,0: Units,,,,A: Normal value,F: Free,
dataflow,BIS:WS_SPP(1.0): Selected residential property prices,I,Q: Quarterly,IT: Italy,N: Nominal,"771: Year-on-year changes, in per cent",1967-Q3,2.204,0: Units,,,,A: Normal value,F: Free,
dataflow,BIS:WS_SPP(1.0): Selected residential property prices,I,Q: Quarterly,IT: Italy,N: Nominal,"771: Year-on-year changes, in per cent",1967-Q4,6.4597,0: Units,,,,A: Normal value,F: Free,
dataflow,BIS:WS_SPP(1.0): Selected residential property prices,I,Q: Quarterly,IT: Italy,N: Nominal,"771: Year-on-year changes, in per cent",1968-Q1,7.4778,0: Units,,,,A: Normal value,F: Free,
dataflow,BIS:WS_SPP(1.0): Selected residential property prices,I,Q: Quarterly,IT: Italy,N: Nominal,"771: Year-on-year changes, in per cent",1968-Q2,12.5634,0: Units,,,,A: Normal value,F: Free,
dataflow,BIS:WS_SPP(1.0): Selected residential property prices,I,Q: Quarterly,IT: Italy,N: Nominal,"771: Year-on-year changes, in per cent",1968-Q3,10.3331,0: Units,,,,A: Normal value,F: Free,
dataflow,BIS:WS_SPP(1.0): Selected residential property prices,I,Q: Quarterly,IT: Italy,N: Nominal,"771: Year-on-year changes, in per cent",1968-Q4,6.4717,0: Units,,,,A: Normal value,F: Free,
dataflow,BIS:WS_SPP(1.0): Selected residential property prices,I,Q: Quarterly,IT: Italy,N: Nominal,"771: Year-on-year changes, in per cent",1969-Q1,4.2803,0: Units,,,,A: Normal value,F: Free,
dataflow,BIS:WS_SPP(1.0): Selected residential property prices,I,Q: Quarterly,IT: Italy,N: Nominal,"771: Year-on-year changes, in per cent",1969-Q2,2.2176,0: Units,,,,A: Normal value,F: Free,
dataflow,BIS:WS_SPP(1.0): Selected residential property prices,I,Q: Quarterly,IT: Italy,N: Nominal,"771: Year-on-year changes, in per cent",1969-Q3,3.7566,0: Units,,,,A: Normal value,F: Free,
dataflow,BIS:WS_SPP(1.0): Selected residential property prices,I,Q: Quarterly,IT: Italy,N: Nominal,"771: Year-on-year changes, in per cent",1969-Q4,5.2155,0: Units,,,,A: Normal value,F: Free,
dataflow,BIS:WS_SPP(1.0): Selected residential property prices,I,Q: Quarterly,IT: Italy,N: Nominal,"771: Year-on-year changes, in per cent",1970-Q1,6.8066,0: Units,,,,A: Normal value,F: Free,
dataflow,BIS:WS_SPP(1.0): Selected residential property prices,I,Q: Quarterly,IT: Italy,N: Nominal,"771: Year-on-year changes, in per cent",1970-Q2,7.3924,0: Units,,,,A: Normal value,F: Free,
dataflow,BIS:WS_SPP(1.0): Selected residential property prices,I,Q: Quarterly,IT: Italy,N: Nominal,"771: Year-on-year changes, in per cent",1970-Q3,5.6639,0: Units,,,,A: Normal value,F: Free,
dataflow,BIS:WS_SPP(1.0): Selected residential property prices,I,Q: Quarterly,IT: Italy,N: Nominal,"771: Year-on-year changes, in per cent",1970-Q4,5.5208,0: Units,,,,A: Normal value,F: Free,
dataflow,BIS:WS_SPP(1.0): Selected residential property prices,I,Q: Quarterly,IT: Italy,N: Nominal,"771: Year-on-year changes, in per cent",1971-Q1,1.5887,0: Units,,,,A: Normal value,F: Free,
dataflow,BIS:WS_SPP(1.0): Selected residential property prices,I,Q: Quarterly,IT: Italy,N: Nominal,"771: Year-on-year changes, in per cent",1971-Q2,1.9053,0: Units,,,,A: Normal value,F: Free,
dataflow,BIS:WS_SPP(1.0): Selected residential property prices,I,Q: Quarterly,IT: Italy,N: Nominal,"771: Year-on-year changes, in per cent",1971-Q3,4.416,0: Units,,,,A: Normal value,F: Free,
dataflow,BIS:WS_SPP(1.0): Selected residential property prices,I,Q: Quarterly,IT: Italy,N: Nominal,"771: Year-on-year changes, in per cent",1971-Q4,4.5896,0: Units,,,,A: Normal value,F: Free,
dataflow,BIS:WS_SPP(1.0): Selected residential property prices,I,Q: Quarterly,IT: Italy,N: Nominal,"771: Year-on-year changes, in per cent",1972-Q1,7.7273,0: Units,,,,A: Normal value,F: Free,
dataflow,BIS:WS_SPP(1.0): Selected residential property prices,I,Q: Quarterly,IT: Italy,N: Nominal,"771: Year-on-year changes, in per cent",1972-Q2,8.6667,0: Units,,,,A: Normal value,F: Free,
dataflow,BIS:WS_SPP(1.0): Selected residential property prices,I,Q: Quarterly,IT: Italy,N: Nominal,"771: Year-on-year changes, in per cent",1972-Q3,8.6768,0: Units,,,,A: Normal value,F: Free,
dataflow,BIS:WS_SPP(1.0): Selected residential property prices,I,Q: Quarterly,IT: Italy,N: Nominal,"771: Year-on-year changes, in per cent",1972-Q4,7.9229,0: Units,,,,A: Normal value,F: Free,
dataflow,BIS:WS_SPP(1.0): Selected residential property prices,I,Q: Quarterly,IT: Italy,N: Nominal,"771: Year-on-year changes, in per cent",1973-Q1,8.4388,0: Units,,,,A: Normal value,F: Free,
dataflow,BIS:WS_SPP(1.0): Selected residential property prices,I,Q: Quarterly,IT: Italy,N: Nominal,"771: Year-on-year changes, in per cent",1973-Q2,12.6789,0: Units,,,,A: Normal value,F: Free,
dataflow,BIS:WS_SPP(1.0): Selected residential property prices,I,Q: Quarterly,IT: Italy,N: Nominal,"771: Year-on-year changes, in per cent",1973-Q3,22.3553,0: Units,,,,A: Normal value,F: Free,
dataflow,BIS:WS_SPP(1.0): Selected residential property prices,I,Q: Quarterly,IT: Italy,N: Nominal,"771: Year-on-year changes, in per cent",1973-Q4,36.7063,0: Units,,,,A: Normal value,F: Free,
dataflow,BIS:WS_SPP(1.0): Selected residential property prices,I,Q: Quarterly,IT: Italy,N: Nominal,"771: Year-on-year changes, in per cent",1974-Q1,50.5837,0: Units,,,,A: Normal value,F: Free,
dataflow,BIS:WS_SPP(1.0): Selected residential property prices,I,Q: Quarterly,IT: Italy,N: Nominal,"771: Year-on-year changes, in per cent",1974-Q2,56.8058,0: Units,,,,A: Normal value,F: Free,
dataflow,BIS:WS_SPP(1.0): Selected residential property prices,I,Q: Quarterly,IT: Italy,N: Nominal,"771: Year-on-year changes, in per cent",1974-Q3,54.1599,0: Units,,,,A: Normal value,F: Free,
dataflow,BIS:WS_SPP(1.0): Selected residential property prices,I,Q: Quarterly,IT: Italy,N: Nominal,"771: Year-on-year changes, in per cent",1974-Q4,44.8476,0: Units,,,,A: Normal value,F: Free,
dataflow,BIS:WS_SPP(1.0): Selected residential property prices,I,Q: Quarterly,IT: Italy,N: Nominal,"771: Year-on-year changes, in per cent",1975-Q1,32.8165,0: Units,,,,A: Normal value,F: Free,
dataflow,BIS:WS_SPP(1.0): Selected residential property prices,I,Q: Quarterly,IT: Italy,N: Nominal,"771: Year-on-year changes, in per cent",1975-Q2,20.9491,0: Units,,,,A: Normal value,F: Free,
dataflow,BIS:WS_SPP(1.0): Selected residential property prices,I,Q: Quarterly,IT: Italy,N: Nominal,"771: Year-on-year changes, in per cent",1975-Q3,13.8624,0: Units,,,,A: Normal value,F: Free,
dataflow,BIS:WS_SPP(1.0): Selected residential property prices,I,Q: Quarterly,IT: Italy,N: Nominal,"771: Year-on-year changes, in per cent",1975-Q4,11.8236,0: Units,,,,A: Normal value,F: Free,
dataflow,BIS:WS_SPP(1.0): Selected residential property prices,I,Q: Quarterly,IT: Italy,N: Nominal,"771: Year-on-year changes, in per cent",1976-Q1,12.7432,0: Units,,,,A: Normal value,F: Free,
dataflow,BIS:WS_SPP(1.0): Selected residential property prices,I,Q: Quarterly,IT: Italy,N: Nominal,"771: Year-on-year changes, in per cent",1976-Q2,15.5981,0: Units,,,,A: Normal value,F: Free,
dataflow,BIS:WS_SPP(1.0): Selected residential property prices,I,Q: Quarterly,IT: Italy,N: Nominal,"771: Year-on-year changes, in per cent",1976-Q3,17.4721,0: Units,,,,A: Normal value,F: Free,
dataflow,BIS:WS_SPP(1.0): Selected residential property prices,I,Q: Quarterly,IT: Italy,N: Nominal,"771: Year-on-year changes, in per cent",1976-Q4,17.6523,0: Units,,,,A: Normal value,F: Free,
dataflow,BIS:WS_SPP(1.0): Selected residential property prices,I,Q: Quarterly,IT: Italy,N: Nominal,"771: Year-on-year changes, in per cent",1977-Q1,15.7032,0: Units,,,,A: Normal value,F: Free,
dataflow,BIS:WS_SPP(1.0): Selected residential property prices,I,Q: Quarterly,IT: Italy,N: Nominal,"771: Year-on-year changes, in per cent",1977-Q2,12.9139,0: Units,,,,A: Normal value,F: Free,
dataflow,BIS:WS_SPP(1.0): Selected residential property prices,I,Q: Quarterly,IT: Italy,N: Nominal,"771: Year-on-year changes, in per cent",1977-Q3,9.6519,0: Units,,,,A: Normal value,F: Free,
dataflow,BIS:WS_SPP(1.0): Selected residential property prices,I,Q: Quarterly,IT: Italy,N: Nominal,"771: Year-on-year changes, in per cent",1977-Q4,7.3115,0: Units,,,,A: Normal value,F: Free,
dataflow,BIS:WS_SPP(1.0): Selected residential property prices,I,Q: Quarterly,IT: Italy,N: Nominal,"771: Year-on-year changes, in per cent",1978-Q1,7.9791,0: Units,,,,A: Normal value,F: Free,
dataflow,BIS:WS_SPP(1.0): Selected residential property prices,I,Q: Quarterly,IT: Italy,N: Nominal,"771: Year-on-year changes, in per cent",1978-Q2,12.1701,0: Units,,,,A: Normal value,F: Free,
dataflow,BIS:WS_SPP(1.0): Selected residential property prices,I,Q: Quarterly,IT: Italy,N: Nominal,"771: Year-on-year changes, in per cent",1978-Q3,17.3882,0: Units,,,,A: Normal value,F: Free,
dataflow,BIS:WS_SPP(1.0): Selected residential property prices,I,Q: Quarterly,IT: Italy,N: Nominal,"771: Year-on-year changes, in per cent",1978-Q4,21.3627,0: Units,,,,A: Normal value,F: Free,
dataflow,BIS:WS_SPP(1.0): Selected residential property prices,I,Q: Quarterly,IT: Italy,N: Nominal,"771: Year-on-year changes, in per cent",1979-Q1,23.0663,0: Units,,,,A: Normal value,F: Free,
dataflow,BIS:WS_SPP(1.0): Selected residential property prices,I,Q: Quarterly,IT: Italy,N: Nominal,"771: Year-on-year changes, in per cent",1979-Q2,20.5229,0: Units,,,,A: Normal value,F: Free,
dataflow,BIS:WS_SPP(1.0): Selected residential property prices,I,Q: Quarterly,IT: Italy,N: Nominal,"771: Year-on-year changes, in per cent",1979-Q3,17.5169,0: Units,,,,A: Normal value,F: Free,
dataflow,BIS:WS_SPP(1.0): Selected residential property prices,I,Q: Quarterly,IT: Italy,N: Nominal,"771: Year-on-year changes, in per cent",1979-Q4,16.8421,0: Units,,,,A: Normal value,F: Free,
dataflow,BIS:WS_SPP(1.0): Selected residential property prices,I,Q: Quarterly,IT: Italy,N: Nominal,"771: Year-on-year changes, in per cent",1980-Q1,20.0898,0: Units,,,,A: Normal value,F: Free,
dataflow,BIS:WS_SPP(1.0): Selected residential property prices,I,Q: Quarterly,IT: Italy,N: Nominal,"771: Year-on-year changes, in per cent",1980-Q2,28.6876,0: Units,,,,A: Normal value,F: Free,
dataflow,BIS:WS_SPP(1.0): Selected residential property prices,I,Q: Quarterly,IT: Italy,N: Nominal,"771: Year-on-year changes, in per cent",1980-Q3,38.2845,0: Units,,,,A: Normal value,F: Free,
dataflow,BIS:WS_SPP(1.0): Selected residential property prices,I,Q: Quarterly,IT: Italy,N: Nominal,"771: Year-on-year changes, in per cent",1980-Q4,44.8949,0: Units,,,,A: Normal value,F: Free,
dataflow,BIS:WS_SPP(1.0): Selected residential property prices,I,Q: Quarterly,IT: Italy,N: Nominal,"771: Year-on-year changes, in per cent",1981-Q1,46.028,0: Units,,,,A: Normal value,F: Free,
dataflow,BIS:WS_SPP(1.0): Selected residential property prices,I,Q: Quarterly,IT: Italy,N: Nominal,"771: Year-on-year changes, in per cent",1981-Q2,40.118,0: Units,,,,A: Normal value,F: Free,
dataflow,BIS:WS_SPP(1.0): Selected residential property prices,I,Q: Quarterly,IT: Italy,N: Nominal,"771: Year-on-year changes, in per cent",1981-Q3,31.2405,0: Units,,,,A: Normal value,F: Free,
dataflow,BIS:WS_SPP(1.0): Selected residential property prices,I,Q: Quarterly,IT: Italy,N: Nominal,"771: Year-on-year changes, in per cent",1981-Q4,22.3834,0: Units,,,,A: Normal value,F: Free,
dataflow,BIS:WS_SPP(1.0): Selected residential property prices,I,Q: Quarterly,IT: Italy,N: Nominal,"771: Year-on-year changes, in per cent",1982-Q1,15.296,0: Units,,,,A: Normal value,F: Free,
dataflow,BIS:WS_SPP(1.0): Selected residential property prices,I,Q: Quarterly,IT: Italy,N: Nominal,"771: Year-on-year changes, in per cent",1982-Q2,11.609,0: Units,,,,A: Normal value,F: Free,
dataflow,BIS:WS_SPP(1.0): Selected residential property prices,I,Q: Quarterly,IT: Italy,N: Nominal,"771: Year-on-year changes, in per cent",1982-Q3,9.9424,0: Units,,,,A: Normal value,F: Free,
dataflow,BIS:WS_SPP(1.0): Selected residential property prices,I,Q: Quarterly,IT: Italy,N: Nominal,"771: Year-on-year changes, in per cent",1982-Q4,10.1327,0: Units,,,,A: Normal value,F: Free,
dataflow,BIS:WS_SPP(1.0): Selected residential property prices,I,Q: Quarterly,IT: Italy,N: Nominal,"771: Year-on-year changes, in per cent",1983-Q1,10.2692,0: Units,,,,A: Normal value,F: Free,
dataflow,BIS:WS_SPP(1.0): Selected residential property prices,I,Q: Quarterly,IT: Italy,N: Nominal,"771: Year-on-year changes, in per cent",1983-Q2,8.7577,0: Units,,,,A: Normal value,F: Free,
dataflow,BIS:WS_SPP(1.0): Selected residential property prices,I,Q: Quarterly,IT: Italy,N: Nominal,"771: Year-on-year changes, in per cent",1983-Q3,7.1035,0: Units,,,,A: Normal value,F: Free,
dataflow,BIS:WS_SPP(1.0): Selected residential property prices,I,Q: Quarterly,IT: Italy,N: Nominal,"771: Year-on-year changes, in per cent",1983-Q4,5.5613,0: Units,,,,A: Normal value,F: Free,
dataflow,BIS:WS_SPP(1.0): Selected residential property prices,I,Q: Quarterly,IT: Italy,N: Nominal,"771: Year-on-year changes, in per cent",1984-Q1,4.2537,0: Units,,,,A: Normal value,F: Free,
dataflow,BIS:WS_SPP(1.0): Selected residential property prices,I,Q: Quarterly,IT: Italy,N: Nominal,"771: Year-on-year changes, in per cent",1984-Q2,2.9732,0: Units,,,,A: Normal value,F: Free,
dataflow,BIS:WS_SPP(1.0): Selected residential property prices,I,Q: Quarterly,IT: Italy,N: Nominal,"771: Year-on-year changes, in per cent",1984-Q3,2.0558,0: Units,,,,A: Normal value,F: Free,
dataflow,BIS:WS_SPP(1.0): Selected residential property prices,I,Q: Quarterly,IT: Italy,N: Nominal,"771: Year-on-year changes, in per cent",1984-Q4,1.6023,0: Units,,,,A: Normal value,F: Free,
dataflow,BIS:WS_SPP(1.0): Selected residential property prices,I,Q: Quarterly,IT: Italy,N: Nominal,"771: Year-on-year changes, in per cent",1985-Q1,1.5934,0: Units,,,,A: Normal value,F: Free,
dataflow,BIS:WS_SPP(1.0): Selected residential property prices,I,Q: Quarterly,IT: Italy,N: Nominal,"771: Year-on-year changes, in per cent",1985-Q2,1.7565,0: Units,,,,A: Normal value,F: Free,
dataflow,BIS:WS_SPP(1.0): Selected residential property prices,I,Q: Quarterly,IT: Italy,N: Nominal,"771: Year-on-year changes, in per cent",1985-Q3,2.1103,0: Units,,,,A: Normal value,F: Free,
dataflow,BIS:WS_SPP(1.0): Selected residential property prices,I,Q: Quarterly,IT: Italy,N: Nominal,"771: Year-on-year changes, in per cent",1985-Q4,2.1983,0: Units,,,,A: Normal value,F: Free,
dataflow,BIS:WS_SPP(1.0): Selected residential property prices,I,Q: Quarterly,IT: Italy,N: Nominal,"771: Year-on-year changes, in per cent",1986-Q1,2.4002,0: Units,,,,A: Normal value,F: Free,
dataflow,BIS:WS_SPP(1.0): Selected residential property prices,I,Q: Quarterly,IT: Italy,N: Nominal,"771: Year-on-year changes, in per cent",1986-Q2,2.8612,0: Units,,,,A: Normal value,F: Free,
dataflow,BIS:WS_SPP(1.0): Selected residential property prices,I,Q: Quarterly,IT: Italy,N: Nominal,"771: Year-on-year changes, in per cent",1986-Q3,2.9826,0: Units,,,,A: Normal value,F: Free,
dataflow,BIS:WS_SPP(1.0): Selected residential property prices,I,Q: Quarterly,IT: Italy,N: Nominal,"771: Year-on-year changes, in per cent",1986-Q4,3.1097,0: Units,,,,A: Normal value,F: Free,
dataflow,BIS:WS_SPP(1.0): Selected residential property prices,I,Q: Quarterly,IT: Italy,N: Nominal,"771: Year-on-year changes, in per cent",1987-Q1,3.7596,0: Units,,,,A: Normal value,F: Free,
dataflow,BIS:WS_SPP(1.0): Selected residential property prices,I,Q: Quarterly,IT: Italy,N: Nominal,"771: Year-on-year changes, in per cent",1987-Q2,4.9195,0: Units,,,,A: Normal value,F: Free,
dataflow,BIS:WS_SPP(1.0): Selected residential property prices,I,Q: Quarterly,IT: Italy,N: Nominal,"771: Year-on-year changes, in per cent",1987-Q3,6.3854,0: Units,,,,A: Normal value,F: Free,
dataflow,BIS:WS_SPP(1.0): Selected residential property prices,I,Q: Quarterly,IT: Italy,N: Nominal,"771: Year-on-year changes, in per cent",1987-Q4,7.9592,0: Units,,,,A: Normal value,F: Free,
dataflow,BIS:WS_SPP(1.0): Selected residential property prices,I,Q: Quarterly,IT: Italy,N: Nominal,"771: Year-on-year changes, in per cent",1988-Q1,9.5281,0: Units,,,,A: Normal value,F: Free,
dataflow,BIS:WS_SPP(1.0): Selected residential property prices,I,Q: Quarterly,IT: Italy,N: Nominal,"771: Year-on-year changes, in per cent",1988-Q2,11.9632,0: Units,,,,A: Normal value,F: Free,
dataflow,BIS:WS_SPP(1.0): Selected residential property prices,I,Q: Quarterly,IT: Italy,N: Nominal,"771: Year-on-year changes, in per cent",1988-Q3,14.0407,0: Units,,,,A: Normal value,F: Free,
dataflow,BIS:WS_SPP(1.0): Selected residential property prices,I,Q: Quarterly,IT: Italy,N: Nominal,"771: Year-on-year changes, in per cent",1988-Q4,15.774,0: Units,,,,A: Normal value,F: Free,
dataflow,BIS:WS_SPP(1.0): Selected residential property prices,I,Q: Quarterly,IT: Italy,N: Nominal,"771: Year-on-year changes, in per cent",1989-Q1,16.847,0: Units,,,,A: Normal value,F: Free,
dataflow,BIS:WS_SPP(1.0): Selected residential property prices,I,Q: Quarterly,IT: Italy,N: Nominal,"771: Year-on-year changes, in per cent",1989-Q2,17.5538,0: Units,,,,A: Normal value,F: Free,
dataflow,BIS:WS_SPP(1.0): Selected residential property prices,I,Q: Quarterly,IT: Italy,N: Nominal,"771: Year-on-year changes, in per cent",1989-Q3,18.2707,0: Units,,,,A: Normal value,F: Free,
dataflow,BIS:WS_SPP(1.0): Selected residential property prices,I,Q: Quarterly,IT: Italy,N: Nominal,"771: Year-on-year changes, in per cent",1989-Q4,18.7228,0: Units,,,,A: Normal value,F: Free,
dataflow,BIS:WS_SPP(1.0): Selected residential property prices,I,Q: Quarterly,IT: Italy,N: Nominal,"771: Year-on-year changes, in per cent",1990-Q1,18.9984,0: Units,,,,A: Normal value,F: Free,
dataflow,BIS:WS_SPP(1.0): Selected residential property prices,I,Q: Quarterly,IT: Italy,N: Nominal,"771: Year-on-year changes, in per cent",1990-Q2,17.9716,0: Units,,,,A: Normal value,F: Free,
dataflow,BIS:WS_SPP(1.0): Selected residential property prices,I,Q: Quarterly,IT: Italy,N: Nominal,"771: Year-on-year changes, in per cent",1990-Q3,16.0135,0: Units,,,,A: Normal value,F: Free,
dataflow,BIS:WS_SPP(1.0): Selected residential property prices,I,Q: Quarterly,IT: Italy,N: Nominal,"771: Year-on-year changes, in per cent",1990-Q4,16.2865,0: Units,,,,A: Normal value,F: Free,
dataflow,BIS:WS_SPP(1.0): Selected residential property prices,I,Q: Quarterly,IT: Italy,N: Nominal,"771: Year-on-year changes, in per cent",1991-Q1,17.6192,0: Units,,,,A: Normal value,F: Free,
dataflow,BIS:WS_SPP(1.0): Selected residential property prices,I,Q: Quarterly,IT: Italy,N: Nominal,"771: Year-on-year changes, in per cent",1991-Q2,17.182,0: Units,,,,A: Normal value,F: Free,
dataflow,BIS:WS_SPP(1.0): Selected residential property prices,I,Q: Quarterly,IT: Italy,N: Nominal,"771: Year-on-year changes, in per cent",1991-Q3,15.4544,0: Units,,,,A: Normal value,F: Free,
dataflow,BIS:WS_SPP(1.0): Selected residential property prices,I,Q: Quarterly,IT: Italy,N: Nominal,"771: Year-on-year changes, in per cent",1991-Q4,13.4201,0: Units,,,,A: Normal value,F: Free,
dataflow,BIS:WS_SPP(1.0): Selected residential property prices,I,Q: Quarterly,IT: Italy,N: Nominal,"771: Year-on-year changes, in per cent",1992-Q1,14.696,0: Units,,,,A: Normal value,F: Free,
dataflow,BIS:WS_SPP(1.0): Selected residential property prices,I,Q: Quarterly,IT: Italy,N: Nominal,"771: Year-on-year changes, in per cent",1992-Q2,15.1455,0: Units,,,,A: Normal value,F: Free,
dataflow,BIS:WS_SPP(1.0): Selected residential property prices,I,Q: Quarterly,IT: Italy,N: Nominal,"771: Year-on-year changes, in per cent",1992-Q3,15.6691,0: Units,,,,A: Normal value,F: Free,
dataflow,BIS:WS_SPP(1.0): Selected residential property prices,I,Q: Quarterly,IT: Italy,N: Nominal,"771: Year-on-year changes, in per cent",1992-Q4,14.1799,0: Units,,,,A: Normal value,F: Free,
dataflow,BIS:WS_SPP(1.0): Selected residential property prices,I,Q: Quarterly,IT: Italy,N: Nominal,"771: Year-on-year changes, in per cent",1993-Q1,8.4712,0: Units,,,,A: Normal value,F: Free,
dataflow,BIS:WS_SPP(1.0): Selected residential property prices,I,Q: Quarterly,IT: Italy,N: Nominal,"771: Year-on-year changes, in per cent",1993-Q2,5.0603,0: Units,,,,A: Normal value,F: Free,
dataflow,BIS:WS_SPP(1.0): Selected residential property prices,I,Q: Quarterly,IT: Italy,N: Nominal,"771: Year-on-year changes, in per cent",1993-Q3,4.0472,0: Units,,,,A: Normal value,F: Free,
dataflow,BIS:WS_SPP(1.0): Selected residential property prices,I,Q: Quarterly,IT: Italy,N: Nominal,"771: Year-on-year changes, in per cent",1993-Q4,1.811,0: Units,,,,A: Normal value,F: Free,
dataflow,BIS:WS_SPP(1.0): Selected residential property prices,I,Q: Quarterly,IT: Italy,N: Nominal,"771: Year-on-year changes, in per cent",1994-Q1,-0.0287,0: Units,,,,A: Normal value,F: Free,
dataflow,BIS:WS_SPP(1.0): Selected residential property prices,I,Q: Quarterly,IT: Italy,N: Nominal,"771: Year-on-year changes, in per cent",1994-Q2,-1.7017,0: Units,,,,A: Normal value,F: Free,
dataflow,BIS:WS_SPP(1.0): Selected residential property prices,I,Q: Quarterly,IT: Italy,N: Nominal,"771: Year-on-year changes, in per cent",1994-Q3,-1.8125,0: Units,,,,A: Normal value,F: Free,
dataflow,BIS:WS_SPP(1.0): Selected residential property prices,I,Q: Quarterly,IT: Italy,N: Nominal,"771: Year-on-year changes, in per cent",1994-Q4,-1.3863,0: Units,,,,A: Normal value,F: Free,
dataflow,BIS:WS_SPP(1.0): Selected residential property prices,I,Q: Quarterly,IT: Italy,N: Nominal,"771: Year-on-year changes, in per cent",1995-Q1,-1.2472,0: Units,,,,A: Normal value,F: Free,
dataflow,BIS:WS_SPP(1.0): Selected residential property prices,I,Q: Quarterly,IT: Italy,N: Nominal,"771: Year-on-year changes, in per cent",1995-Q2,0.6852,0: Units,,,,A: Normal value,F: Free,
dataflow,BIS:WS_SPP(1.0): Selected residential property prices,I,Q: Quarterly,IT: Italy,N: Nominal,"771: Year-on-year changes, in per cent",1995-Q3,1.0533,0: Units,,,,A: Normal value,F: Free,
dataflow,BIS:WS_SPP(1.0): Selected residential property prices,I,Q: Quarterly,IT: Italy,N: Nominal,"771: Year-on-year changes, in per cent",1995-Q4,2.6559,0: Units,,,,A: Normal value,F: Free,
dataflow,BIS:WS_SPP(1.0): Selected residential property prices,I,Q: Quarterly,IT: Italy,N: Nominal,"771: Year-on-year changes, in per cent",1996-Q1,4.2928,0: Units,,,,A: Normal value,F: Free,
dataflow,BIS:WS_SPP(1.0): Selected residential property prices,I,Q: Quarterly,IT: Italy,N: Nominal,"771: Year-on-year changes, in per cent",1996-Q2,3.6729,0: Units,,,,A: Normal value,F: Free,
dataflow,BIS:WS_SPP(1.0): Selected residential property prices,I,Q: Quarterly,IT: Italy,N: Nominal,"771: Year-on-year changes, in per cent",1996-Q3,3.6553,0: Units,,,,A: Normal value,F: Free,
dataflow,BIS:WS_SPP(1.0): Selected residential property prices,I,Q: Quarterly,IT: Italy,N: Nominal,"771: Year-on-year changes, in per cent",1996-Q4,3.7486,0: Units,,,,A: Normal value,F: Free,
dataflow,BIS:WS_SPP(1.0): Selected residential property prices,I,Q: Quarterly,IT: Italy,N: Nominal,"771: Year-on-year changes, in per cent",1997-Q1,4.3657,0: Units,,,,A: Normal value,F: Free,
dataflow,BIS:WS_SPP(1.0): Selected residential property prices,I,Q: Quarterly,IT: Italy,N: Nominal,"771: Year-on-year changes, in per cent",1997-Q2,4.0759,0: Units,,,,A: Normal value,F: Free,
dataflow,BIS:WS_SPP(1.0): Selected residential property prices,I,Q: Quarterly,IT: Italy,N: Nominal,"771: Year-on-year changes, in per cent",1997-Q3,2.888,0: Units,,,,A: Normal value,F: Free,
dataflow,BIS:WS_SPP(1.0): Selected residential property prices,I,Q: Quarterly,IT: Italy,N: Nominal,"771: Year-on-year changes, in per cent",1997-Q4,2.3204,0: Units,,,,A: Normal value,F: Free,
dataflow,BIS:WS_SPP(1.0): Selected residential property prices,I,Q: Quarterly,IT: Italy,N: Nominal,"771: Year-on-year changes, in per cent",1998-Q1,-0.6704,0: Units,,,,A: Normal value,F: Free,
dataflow,BIS:WS_SPP(1.0): Selected residential property prices,I,Q: Quarterly,IT: Italy,N: Nominal,"771: Year-on-year changes, in per cent",1998-Q2,0.2119,0: Units,,,,A: Normal value,F: Free,
dataflow,BIS:WS_SPP(1.0): Selected residential property prices,I,Q: Quarterly,IT: Italy,N: Nominal,"771: Year-on-year changes, in per cent",1998-Q3,0.3653,0: Units,,,,A: Normal value,F: Free,
dataflow,BIS:WS_SPP(1.0): Selected residential property prices,I,Q: Quarterly,IT: Italy,N: Nominal,"771: Year-on-year changes, in per cent",1998-Q4,-0.0681,0: Units,,,,A: Normal value,F: Free,
dataflow,BIS:WS_SPP(1.0): Selected residential property prices,I,Q: Quarterly,IT: Italy,N: Nominal,"771: Year-on-year changes, in per cent",1999-Q1,1.1008,0: Units,,,,A: Normal value,F: Free,
dataflow,BIS:WS_SPP(1.0): Selected residential property prices,I,Q: Quarterly,IT: Italy,N: Nominal,"771: Year-on-year changes, in per cent",1999-Q2,0.6594,0: Units,,,,A: Normal value,F: Free,
dataflow,BIS:WS_SPP(1.0): Selected residential property prices,I,Q: Quarterly,IT: Italy,N: Nominal,"771: Year-on-year changes, in per cent",1999-Q3,0.9489,0: Units,,,,A: Normal value,F: Free,
dataflow,BIS:WS_SPP(1.0): Selected residential property prices,I,Q: Quarterly,IT: Italy,N: Nominal,"771: Year-on-year changes, in per cent",1999-Q4,1.4885,0: Units,,,,A: Normal value,F: Free,
dataflow,BIS:WS_SPP(1.0): Selected residential property prices,I,Q: Quarterly,IT: Italy,N: Nominal,"771: Year-on-year changes, in per cent",2000-Q1,3.1499,0: Units,,,,A: Normal value,F: Free,
dataflow,BIS:WS_SPP(1.0): Selected residential property prices,I,Q: Quarterly,IT: Italy,N: Nominal,"771: Year-on-year changes, in per cent",2000-Q2,3.3597,0: Units,,,,A: Normal value,F: Free,
dataflow,BIS:WS_SPP(1.0): Selected residential property prices,I,Q: Quarterly,IT: Italy,N: Nominal,"771: Year-on-year changes, in per cent",2000-Q3,4.2635,0: Units,,,,A: Normal value,F: Free,
dataflow,BIS:WS_SPP(1.0): Selected residential property prices,I,Q: Quarterly,IT: Italy,N: Nominal,"771: Year-on-year changes, in per cent",2000-Q4,4.8732,0: Units,,,,A: Normal value,F: Free,
dataflow,BIS:WS_SPP(1.0): Selected residential property prices,I,Q: Quarterly,IT: Italy,N: Nominal,"771: Year-on-year changes, in per cent",2001-Q1,4.5999,0: Units,,,,A: Normal value,F: Free,
dataflow,BIS:WS_SPP(1.0): Selected residential property prices,I,Q: Quarterly,IT: Italy,N: Nominal,"771: Year-on-year changes, in per cent",2001-Q2,5.0366,0: Units,,,,A: Normal value,F: Free,
dataflow,BIS:WS_SPP(1.0): Selected residential property prices,I,Q: Quarterly,IT: Italy,N: Nominal,"771: Year-on-year changes, in per cent",2001-Q3,5.8417,0: Units,,,,A: Normal value,F: Free,
dataflow,BIS:WS_SPP(1.0): Selected residential property prices,I,Q: Quarterly,IT: Italy,N: Nominal,"771: Year-on-year changes, in per cent",2001-Q4,7.433,0: Units,,,,A: Normal value,F: Free,
dataflow,BIS:WS_SPP(1.0): Selected residential property prices,I,Q: Quarterly,IT: Italy,N: Nominal,"771: Year-on-year changes, in per cent",2002-Q1,12.2963,0: Units,,,,A: Normal value,F: Free,
dataflow,BIS:WS_SPP(1.0): Selected residential property prices,I,Q: Quarterly,IT: Italy,N: Nominal,"771: Year-on-year changes, in per cent",2002-Q2,13.2257,0: Units,,,,A: Normal value,F: Free,
dataflow,BIS:WS_SPP(1.0): Selected residential property prices,I,Q: Quarterly,IT: Italy,N: Nominal,"771: Year-on-year changes, in per cent",2002-Q3,12.1812,0: Units,,,,A: Normal value,F: Free,
dataflow,BIS:WS_SPP(1.0): Selected residential property prices,I,Q: Quarterly,IT: Italy,N: Nominal,"771: Year-on-year changes, in per cent",2002-Q4,10.0744,0: Units,,,,A: Normal value,F: Free,
dataflow,BIS:WS_SPP(1.0): Selected residential property prices,I,Q: Quarterly,IT: Italy,N: Nominal,"771: Year-on-year changes, in per cent",2003-Q1,6.4595,0: Units,,,,A: Normal value,F: Free,
dataflow,BIS:WS_SPP(1.0): Selected residential property prices,I,Q: Quarterly,IT: Italy,N: Nominal,"771: Year-on-year changes, in per cent",2003-Q2,5.6587,0: Units,,,,A: Normal value,F: Free,
dataflow,BIS:WS_SPP(1.0): Selected residential property prices,I,Q: Quarterly,IT: Italy,N: Nominal,"771: Year-on-year changes, in per cent",2003-Q3,6.3388,0: Units,,,,A: Normal value,F: Free,
dataflow,BIS:WS_SPP(1.0): Selected residential property prices,I,Q: Quarterly,IT: Italy,N: Nominal,"771: Year-on-year changes, in per cent",2003-Q4,6.2102,0: Units,,,,A: Normal value,F: Free,
dataflow,BIS:WS_SPP(1.0): Selected residential property prices,I,Q: Quarterly,IT: Italy,N: Nominal,"771: Year-on-year changes, in per cent",2004-Q1,4.933,0: Units,,,,A: Normal value,F: Free,
dataflow,BIS:WS_SPP(1.0): Selected residential property prices,I,Q: Quarterly,IT: Italy,N: Nominal,"771: Year-on-year changes, in per cent",2004-Q2,5.6397,0: Units,,,,A: Normal value,F: Free,
dataflow,BIS:WS_SPP(1.0): Selected residential property prices,I,Q: Quarterly,IT: Italy,N: Nominal,"771: Year-on-year changes, in per cent",2004-Q3,6.4336,0: Units,,,,A: Normal value,F: Free,
dataflow,BIS:WS_SPP(1.0): Selected residential property prices,I,Q: Quarterly,IT: Italy,N: Nominal,"771: Year-on-year changes, in per cent",2004-Q4,7.3981,0: Units,,,,A: Normal value,F: Free,
dataflow,BIS:WS_SPP(1.0): Selected residential property prices,I,Q: Quarterly,IT: Italy,N: Nominal,"771: Year-on-year changes, in per cent",2005-Q1,8.3235,0: Units,,,,A: Normal value,F: Free,
dataflow,BIS:WS_SPP(1.0): Selected residential property prices,I,Q: Quarterly,IT: Italy,N: Nominal,"771: Year-on-year changes, in per cent",2005-Q2,8.1393,0: Units,,,,A: Normal value,F: Free,
dataflow,BIS:WS_SPP(1.0): Selected residential property prices,I,Q: Quarterly,IT: Italy,N: Nominal,"771: Year-on-year changes, in per cent",2005-Q3,7.4346,0: Units,,,,A: Normal value,F: Free,
dataflow,BIS:WS_SPP(1.0): Selected residential property prices,I,Q: Quarterly,IT: Italy,N: Nominal,"771: Year-on-year changes, in per cent",2005-Q4,6.7658,0: Units,,,,A: Normal value,F: Free,
dataflow,BIS:WS_SPP(1.0): Selected residential property prices,I,Q: Quarterly,IT: Italy,N: Nominal,"771: Year-on-year changes, in per cent",2006-Q1,5.8978,0: Units,,,,A: Normal value,F: Free,
dataflow,BIS:WS_SPP(1.0): Selected residential property prices,I,Q: Quarterly,IT: Italy,N: Nominal,"771: Year-on-year changes, in per cent",2006-Q2,5.9915,0: Units,,,,A: Normal value,F: Free,
dataflow,BIS:WS_SPP(1.0): Selected residential property prices,I,Q: Quarterly,IT: Italy,N: Nominal,"771: Year-on-year changes, in per cent",2006-Q3,5.8517,0: Units,,,,A: Normal value,F: Free,
dataflow,BIS:WS_SPP(1.0): Selected residential property prices,I,Q: Quarterly,IT: Italy,N: Nominal,"771: Year-on-year changes, in per cent",2006-Q4,5.612,0: Units,,,,A: Normal value,F: Free,
dataflow,BIS:WS_SPP(1.0): Selected residential property prices,I,Q: Quarterly,IT: Italy,N: Nominal,"771: Year-on-year changes, in per cent",2007-Q1,5.8631,0: Units,,,,A: Normal value,F: Free,
dataflow,BIS:WS_SPP(1.0): Selected residential property prices,I,Q: Quarterly,IT: Italy,N: Nominal,"771: Year-on-year changes, in per cent",2007-Q2,5.0385,0: Units,,,,A: Normal value,F: Free,
dataflow,BIS:WS_SPP(1.0): Selected residential property prices,I,Q: Quarterly,IT: Italy,N: Nominal,"771: Year-on-year changes, in per cent",2007-Q3,4.5839,0: Units,,,,A: Normal value,F: Free,
dataflow,BIS:WS_SPP(1.0): Selected residential property prices,I,Q: Quarterly,IT: Italy,N: Nominal,"771: Year-on-year changes, in per cent",2007-Q4,4.4333,0: Units,,,,A: Normal value,F: Free,
dataflow,BIS:WS_SPP(1.0): Selected residential property prices,I,Q: Quarterly,IT: Italy,N: Nominal,"771: Year-on-year changes, in per cent",2008-Q1,3.7345,0: Units,,,,A: Normal value,F: Free,
dataflow,BIS:WS_SPP(1.0): Selected residential property prices,I,Q: Quarterly,IT: Italy,N: Nominal,"771: Year-on-year changes, in per cent",2008-Q2,3.5841,0: Units,,,,A: Normal value,F: Free,
dataflow,BIS:WS_SPP(1.0): Selected residential property prices,I,Q: Quarterly,IT: Italy,N: Nominal,"771: Year-on-year changes, in per cent",2008-Q3,2.6158,0: Units,,,,A: Normal value,F: Free,
dataflow,BIS:WS_SPP(1.0): Selected residential property prices,I,Q: Quarterly,IT: Italy,N: Nominal,"771: Year-on-year changes, in per cent",2008-Q4,0.5247,0: Units,,,,A: Normal value,F: Free,
dataflow,BIS:WS_SPP(1.0): Selected residential property prices,I,Q: Quarterly,IT: Italy,N: Nominal,"771: Year-on-year changes, in per cent",2009-Q1,0.2382,0: Units,,,,A: Normal value,F: Free,
dataflow,BIS:WS_SPP(1.0): Selected residential property prices,I,Q: Quarterly,IT: Italy,N: Nominal,"771: Year-on-year changes, in per cent",2009-Q2,-0.8556,0: Units,,,,A: Normal value,F: Free,
dataflow,BIS:WS_SPP(1.0): Selected residential property prices,I,Q: Quarterly,IT: Italy,N: Nominal,"771: Year-on-year changes, in per cent",2009-Q3,-1.1311,0: Units,,,,A: Normal value,F: Free,
dataflow,BIS:WS_SPP(1.0): Selected residential property prices,I,Q: Quarterly,IT: Italy,N: Nominal,"771: Year-on-year changes, in per cent",2009-Q4,-0.2571,0: Units,,,,A: Normal value,F: Free,
dataflow,BIS:WS_SPP(1.0): Selected residential property prices,I,Q: Quarterly,IT: Italy,N: Nominal,"771: Year-on-year changes, in per cent",2010-Q1,-2.104,0: Units,,,,A: Normal value,F: Free,
dataflow,BIS:WS_SPP(1.0): Selected residential property prices,I,Q: Quarterly,IT: Italy,N: Nominal,"771: Year-on-year changes, in per cent",2010-Q2,-1.0258,0: Units,,,,A: Normal value,F: Free,
dataflow,BIS:WS_SPP(1.0): Selected residential property prices,I,Q: Quarterly,IT: Italy,N: Nominal,"771: Year-on-year changes, in per cent",2010-Q3,-0.3943,0: Units,,,,A: Normal value,F: Free,
dataflow,BIS:WS_SPP(1.0): Selected residential property prices,I,Q: Quarterly,IT: Italy,N: Nominal,"771: Year-on-year changes, in per cent",2010-Q4,0.3567,0: Units,,,,A: Normal value,F: Free,
dataflow,BIS:WS_SPP(1.0): Selected residential property prices,I,Q: Quarterly,IT: Italy,N: Nominal,"771: Year-on-year changes, in per cent",2011-Q1,1.2935,0: Units,,,,A: Normal value,F: Free,
dataflow,BIS:WS_SPP(1.0): Selected residential property prices,I,Q: Quarterly,IT: Italy,N: Nominal,"771: Year-on-year changes, in per cent",2011-Q2,2.3645,0: Units,,,,A: Normal value,F: Free,
dataflow,BIS:WS_SPP(1.0): Selected residential property prices,I,Q: Quarterly,IT: Italy,N: Nominal,"771: Year-on-year changes, in per cent",2011-Q3,1.173,0: Units,,,,A: Normal value,F: Free,
dataflow,BIS:WS_SPP(1.0): Selected residential property prices,I,Q: Quarterly,IT: Italy,N: Nominal,"771: Year-on-year changes, in per cent",2011-Q4,0.4883,0: Units,,,,A: Normal value,F: Free,
dataflow,BIS:WS_SPP(1.0): Selected residential property prices,I,Q: Quarterly,IT: Italy,N: Nominal,"771: Year-on-year changes, in per cent",2012-Q1,0.5894,0: Units,,,,A: Normal value,F: Free,
dataflow,BIS:WS_SPP(1.0): Selected residential property prices,I,Q: Quarterly,IT: Italy,N: Nominal,"771: Year-on-year changes, in per cent",2012-Q2,-2.2137,0: Units,,,,A: Normal value,F: Free,
dataflow,BIS:WS_SPP(1.0): Selected residential property prices,I,Q: Quarterly,IT: Italy,N: Nominal,"771: Year-on-year changes, in per cent",2012-Q3,-3.5749,0: Units,,,,A: Normal value,F: Free,
dataflow,BIS:WS_SPP(1.0): Selected residential property prices,I,Q: Quarterly,IT: Italy,N: Nominal,"771: Year-on-year changes, in per cent",2012-Q4,-4.9563,0: Units,,,,A: Normal value,F: Free,
dataflow,BIS:WS_SPP(1.0): Selected residential property prices,I,Q: Quarterly,IT: Italy,N: Nominal,"771: Year-on-year changes, in per cent",2013-Q1,-7.1289,0: Units,,,,A: Normal value,F: Free,
dataflow,BIS:WS_SPP(1.0): Selected residential property prices,I,Q: Quarterly,IT: Italy,N: Nominal,"771: Year-on-year changes, in per cent",2013-Q2,-6.6929,0: Units,,,,A: Normal value,F: Free,
dataflow,BIS:WS_SPP(1.0): Selected residential property prices,I,Q: Quarterly,IT: Italy,N: Nominal,"771: Year-on-year changes, in per cent",2013-Q3,-6.4128,0: Units,,,,A: Normal value,F: Free,
dataflow,BIS:WS_SPP(1.0): Selected residential property prices,I,Q: Quarterly,IT: Italy,N: Nominal,"771: Year-on-year changes, in per cent",2013-Q4,-5.8282,0: Units,,,,A: Normal value,F: Free,
dataflow,BIS:WS_SPP(1.0): Selected residential property prices,I,Q: Quarterly,IT: Italy,N: Nominal,"771: Year-on-year changes, in per cent",2014-Q1,-4.3113,0: Units,,,,A: Normal value,F: Free,
dataflow,BIS:WS_SPP(1.0): Selected residential property prices,I,Q: Quarterly,IT: Italy,N: Nominal,"771: Year-on-year changes, in per cent",2014-Q2,-4.9578,0: Units,,,,A: Normal value,F: Free,
dataflow,BIS:WS_SPP(1.0): Selected residential property prices,I,Q: Quarterly,IT: Italy,N: Nominal,"771: Year-on-year changes, in per cent",2014-Q3,-4.6039,0: Units,,,,A: Normal value,F: Free,
dataflow,BIS:WS_SPP(1.0): Selected residential property prices,I,Q: Quarterly,IT: Italy,N: Nominal,"771: Year-on-year changes, in per cent",2014-Q4,-4.7774,0: Units,,,,A: Normal value,F: Free,
dataflow,BIS:WS_SPP(1.0): Selected residential property prices,I,Q: Quarterly,IT: Italy,N: Nominal,"771: Year-on-year changes, in per cent",2015-Q1,-5.7143,0: Units,,,,A: Normal value,F: Free,
dataflow,BIS:WS_SPP(1.0): Selected residential property prices,I,Q: Quarterly,IT: Italy,N: Nominal,"771: Year-on-year changes, in per cent",2015-Q2,-4.6615,0: Units,,,,A: Normal value,F: Free,
dataflow,BIS:WS_SPP(1.0): Selected residential property prices,I,Q: Quarterly,IT: Italy,N: Nominal,"771: Year-on-year changes, in per cent",2015-Q3,-2.6936,0: Units,,,,A: Normal value,F: Free,
dataflow,BIS:WS_SPP(1.0): Selected residential property prices,I,Q: Quarterly,IT: Italy,N: Nominal,"771: Year-on-year changes, in per cent",2015-Q4,-2.0525,0: Units,,,,A: Normal value,F: Free,
dataflow,BIS:WS_SPP(1.0): Selected residential property prices,I,Q: Quarterly,IT: Italy,N: Nominal,"771: Year-on-year changes, in per cent",2016-Q1,0.1166,0: Units,,,,A: Normal value,F: Free,
dataflow,BIS:WS_SPP(1.0): Selected residential property prices,I,Q: Quarterly,IT: Italy,N: Nominal,"771: Year-on-year changes, in per cent",2016-Q2,0.6985,0: Units,,,,A: Normal value,F: Free,
dataflow,BIS:WS_SPP(1.0): Selected residential property prices,I,Q: Quarterly,IT: Italy,N: Nominal,"771: Year-on-year changes, in per cent",2016-Q3,0,0: Units,,,,A: Normal value,F: Free,
dataflow,BIS:WS_SPP(1.0): Selected residential property prices,I,Q: Quarterly,IT: Italy,N: Nominal,"771: Year-on-year changes, in per cent",2016-Q4,0.2328,0: Units,,,,A: Normal value,F: Free,
dataflow,BIS:WS_SPP(1.0): Selected residential property prices,I,Q: Quarterly,IT: Italy,N: Nominal,"771: Year-on-year changes, in per cent",2017-Q1,-0.6985,0: Units,,,,A: Normal value,F: Free,
dataflow,BIS:WS_SPP(1.0): Selected residential property prices,I,Q: Quarterly,IT: Italy,N: Nominal,"771: Year-on-year changes, in per cent",2017-Q2,-0.9249,0: Units,,,,A: Normal value,F: Free,
dataflow,BIS:WS_SPP(1.0): Selected residential property prices,I,Q: Quarterly,IT: Italy,N: Nominal,"771: Year-on-year changes, in per cent",2017-Q3,-1.4994,0: Units,,,,A: Normal value,F: Free,
dataflow,BIS:WS_SPP(1.0): Selected residential property prices,I,Q: Quarterly,IT: Italy,N: Nominal,"771: Year-on-year changes, in per cent",2017-Q4,-1.2776,0: Units,,,,A: Normal value,F: Free,
dataflow,BIS:WS_SPP(1.0): Selected residential property prices,I,Q: Quarterly,IT: Italy,N: Nominal,"771: Year-on-year changes, in per cent",2018-Q1,-0.5862,0: Units,,,,A: Normal value,F: Free,
dataflow,BIS:WS_SPP(1.0): Selected residential property prices,I,Q: Quarterly,IT: Italy,N: Nominal,"771: Year-on-year changes, in per cent",2018-Q2,-0.3501,0: Units,,,,A: Normal value,F: Free,
dataflow,BIS:WS_SPP(1.0): Selected residential property prices,I,Q: Quarterly,IT: Italy,N: Nominal,"771: Year-on-year changes, in per cent",2018-Q3,-0.8197,0: Units,,,,A: Normal value,F: Free,
dataflow,BIS:WS_SPP(1.0): Selected residential property prices,I,Q: Quarterly,IT: Italy,N: Nominal,"771: Year-on-year changes, in per cent",2018-Q4,-0.4706,0: Units,,,,A: Normal value,F: Free,
dataflow,BIS:WS_SPP(1.0): Selected residential property prices,I,Q: Quarterly,IT: Italy,N: Nominal,"771: Year-on-year changes, in per cent",2019-Q1,-0.8255,0: Units,,,,A: Normal value,F: Free,
dataflow,BIS:WS_SPP(1.0): Selected residential property prices,I,Q: Quarterly,IT: Italy,N: Nominal,"771: Year-on-year changes, in per cent",2019-Q2,-0.1171,0: Units,,,,A: Normal value,F: Free,
dataflow,BIS:WS_SPP(1.0): Selected residential property prices,I,Q: Quarterly,IT: Italy,N: Nominal,"771: Year-on-year changes, in per cent",2019-Q3,0.3542,0: Units,,,,A: Normal value,F: Free,
dataflow,BIS:WS_SPP(1.0): Selected residential property prices,I,Q: Quarterly,IT: Italy,N: Nominal,"771: Year-on-year changes, in per cent",2019-Q4,0.2364,0: Units,,,,A: Normal value,F: Free,
dataflow,BIS:WS_SPP(1.0): Selected residential property prices,I,Q: Quarterly,IT: Italy,N: Nominal,"771: Year-on-year changes, in per cent",2020-Q1,1.6647,0: Units,,,,A: Normal value,F: Free,
dataflow,BIS:WS_SPP(1.0): Selected residential property prices,I,Q: Quarterly,IT: Italy,N: Nominal,"771: Year-on-year changes, in per cent",2020-Q2,3.3998,0: Units,,,,A: Normal value,F: Free,
dataflow,BIS:WS_SPP(1.0): Selected residential property prices,I,Q: Quarterly,IT: Italy,N: Nominal,"771: Year-on-year changes, in per cent",2020-Q3,1.0588,0: Units,,,,A: Normal value,F: Free,
dataflow,BIS:WS_SPP(1.0): Selected residential property prices,I,Q: Quarterly,IT: Italy,N: Nominal,"771: Year-on-year changes, in per cent",2020-Q4,1.533,0: Units,,,,A: Normal value,F: Free,
dataflow,BIS:WS_SPP(1.0): Selected residential property prices,I,Q: Quarterly,IT: Italy,N: Nominal,"771: Year-on-year changes, in per cent",2021-Q1,1.7544,0: Units,,,,A: Normal value,F: Free,
dataflow,BIS:WS_SPP(1.0): Selected residential property prices,I,Q: Quarterly,IT: Italy,N: Nominal,"771: Year-on-year changes, in per cent",2021-Q2,0.2268,0: Units,,,,A: Normal value,F: Free,
dataflow,BIS:WS_SPP(1.0): Selected residential property prices,I,Q: Quarterly,IT: Italy,N: Nominal,"771: Year-on-year changes, in per cent",2021-Q3,4.0745,0: Units,,,,A: Normal value,F: Free,
dataflow,BIS:WS_SPP(1.0): Selected residential property prices,I,Q: Quarterly,IT: Italy,N: Nominal,"771: Year-on-year changes, in per cent",2021-Q4,3.9489,0: Units,,,,A: Normal value,F: Free,
dataflow,BIS:WS_SPP(1.0): Selected residential property prices,I,Q: Quarterly,IT: Italy,N: Nominal,"771: Year-on-year changes, in per cent",2022-Q1,4.5977,0: Units,,,,A: Normal value,F: Free,
dataflow,BIS:WS_SPP(1.0): Selected residential property prices,I,Q: Quarterly,IT: Italy,N: Nominal,"771: Year-on-year changes, in per cent",2022-Q2,5.2036,0: Units,,,,A: Normal value,F: Free,
dataflow,BIS:WS_SPP(1.0): Selected residential property prices,I,Q: Quarterly,IT: Italy,N: Nominal,"771: Year-on-year changes, in per cent",2022-Q3,2.9083,0: Units,,,,A: Normal value,F: Free,
dataflow,BIS:WS_SPP(1.0): Selected residential property prices,I,Q: Quarterly,IT: Italy,N: Nominal,"771: Year-on-year changes, in per cent",2022-Q4,2.6816,0: Units,,,,A: Normal value,F: Free,
dataflow,BIS:WS_SPP(1.0): Selected residential property prices,I,Q: Quarterly,IT: Italy,N: Nominal,"771: Year-on-year changes, in per cent",2023-Q1,0.989,0: Units,,,,A: Normal value,F: Free,
dataflow,BIS:WS_SPP(1.0): Selected residential property prices,I,Q: Quarterly,IT: Italy,N: Nominal,"771: Year-on-year changes, in per cent",2023-Q2,0.7527,0: Units,,,,A: Normal value,F: Free,
dataflow,BIS:WS_SPP(1.0): Selected residential property prices,I,Q: Quarterly,IT: Italy,N: Nominal,"771: Year-on-year changes, in per cent",2023-Q3,1.7391,0: Units,,,,A: Normal value,F: Free,
dataflow,BIS:WS_SPP(1.0): Selected residential property prices,I,Q: Quarterly,IT: Italy,N: Nominal,"771: Year-on-year changes, in per cent",2023-Q4,1.741,0: Units,,,,A: Normal value,F: Free,
dataflow,BIS:WS_SPP(1.0): Selected residential property prices,I,Q: Quarterly,IT: Italy,N: Nominal,"771: Year-on-year changes, in per cent",2024-Q1,1.6322,0: Units,,,,A: Normal value,F: Free,
dataflow,BIS:WS_SPP(1.0): Selected residential property prices,I,Q: Quarterly,IT: Italy,N: Nominal,"771: Year-on-year changes, in per cent",2024-Q2,2.8815,0: Units,,,,A: Normal value,F: Free,
dataflow,BIS:WS_SPP(1.0): Selected residential property prices,I,Q: Quarterly,IT: Italy,N: Nominal,"771: Year-on-year changes, in per cent",2024-Q3,3.7393,0: Units,,,,A: Normal value,F: Free,
dataflow,BIS:WS_SPP(1.0): Selected residential property prices,I,Q: Quarterly,IT: Italy,N: Nominal,"771: Year-on-year changes, in per cent",2024-Q4,4.492,0: Units,,,,A: Normal value,F: Free,
dataflow,BIS:WS_SPP(1.0): Selected residential property prices,I,Q: Quarterly,IT: Italy,N: Nominal,"771: Year-on-year changes, in per cent",2025-Q1,4.3897,0: Units,,,,A: Normal value,F: Free,
dataflow,BIS:WS_SPP(1.0): Selected residential property prices,I,Q: Quarterly,IT: Italy,N: Nominal,"771: Year-on-year changes, in per cent",2025-Q2,3.9419,0: Units,,,,A: Normal value,F: Free,
dataflow,BIS:WS_SPP(1.0): Selected residential property prices,I,Q: Quarterly,IT: Italy,N: Nominal,"771: Year-on-year changes, in per cent",2025-Q3,3.7075,0: Units,,,,A: Normal value,F: Free,
dataflow,BIS:WS_SPP(1.0): Selected residential property prices,I,Q: Quarterly,IT: Italy,N: Nominal,"771: Year-on-year changes, in per cent",2025-Q4,3.9918,0: Units,,,,A: Normal value,F: Free,
dataflow,BIS:WS_SPP(1.0): Selected residential property prices,I,Q: Quarterly,IT: Italy,N: Nominal,"771: Year-on-year changes, in per cent",2026-Q1,5.2308,0: Units,,,,A: Normal value,F: Free,
dataflow,BIS:WS_SPP(1.0): Selected residential property prices,I,Q: Quarterly,IN: India,N: Nominal,"628: Index, 2010 = 100",2009-Q1,78.5736,0: Units,,,,A: Normal value,F: Free,
dataflow,BIS:WS_SPP(1.0): Selected residential property prices,I,Q: Quarterly,IN: India,N: Nominal,"628: Index, 2010 = 100",2009-Q2,82.5022,0: Units,,,,A: Normal value,F: Free,
dataflow,BIS:WS_SPP(1.0): Selected residential property prices,I,Q: Quarterly,IN: India,N: Nominal,"628: Index, 2010 = 100",2009-Q3,86.0381,0: Units,,,,A: Normal value,F: Free,
dataflow,BIS:WS_SPP(1.0): Selected residential property prices,I,Q: Quarterly,IN: India,N: Nominal,"628: Index, 2010 = 100",2009-Q4,89.4167,0: Units,,,,A: Normal value,F: Free,
dataflow,BIS:WS_SPP(1.0): Selected residential property prices,I,Q: Quarterly,IN: India,N: Nominal,"628: Index, 2010 = 100",2010-Q1,93.1097,0: Units,,,,A: Normal value,F: Free,
dataflow,BIS:WS_SPP(1.0): Selected residential property prices,I,Q: Quarterly,IN: India,N: Nominal,"628: Index, 2010 = 100",2010-Q2,98.5312,0: Units,,,,A: Normal value,F: Free,
dataflow,BIS:WS_SPP(1.0): Selected residential property prices,I,Q: Quarterly,IN: India,N: Nominal,"628: Index, 2010 = 100",2010-Q3,104.3887,0: Units,,,,A: Normal value,F: Free,
dataflow,BIS:WS_SPP(1.0): Selected residential property prices,I,Q: Quarterly,IN: India,N: Nominal,"628: Index, 2010 = 100",2010-Q4,103.9703,0: Units,,,,A: Normal value,F: Free,
dataflow,BIS:WS_SPP(1.0): Selected residential property prices,I,Q: Quarterly,IN: India,N: Nominal,"628: Index, 2010 = 100",2011-Q1,111.5014,0: Units,,,,A: Normal value,F: Free,
dataflow,BIS:WS_SPP(1.0): Selected residential property prices,I,Q: Quarterly,IN: India,N: Nominal,"628: Index, 2010 = 100",2011-Q2,121.3336,0: Units,,,,A: Normal value,F: Free,
dataflow,BIS:WS_SPP(1.0): Selected residential property prices,I,Q: Quarterly,IN: India,N: Nominal,"628: Index, 2010 = 100",2011-Q3,124.8899,0: Units,,,,A: Normal value,F: Free,
dataflow,BIS:WS_SPP(1.0): Selected residential property prices,I,Q: Quarterly,IN: India,N: Nominal,"628: Index, 2010 = 100",2011-Q4,131.2704,0: Units,,,,A: Normal value,F: Free,
dataflow,BIS:WS_SPP(1.0): Selected residential property prices,I,Q: Quarterly,IN: India,N: Nominal,"628: Index, 2010 = 100",2012-Q1,140.2658,0: Units,,,,A: Normal value,F: Free,
dataflow,BIS:WS_SPP(1.0): Selected residential property prices,I,Q: Quarterly,IN: India,N: Nominal,"628: Index, 2010 = 100",2012-Q2,149.1566,0: Units,,,,A: Normal value,F: Free,
dataflow,BIS:WS_SPP(1.0): Selected residential property prices,I,Q: Quarterly,IN: India,N: Nominal,"628: Index, 2010 = 100",2012-Q3,153.8636,0: Units,,,,A: Normal value,F: Free,
dataflow,BIS:WS_SPP(1.0): Selected residential property prices,I,Q: Quarterly,IN: India,N: Nominal,"628: Index, 2010 = 100",2012-Q4,164.2187,0: Units,,,,A: Normal value,F: Free,
dataflow,BIS:WS_SPP(1.0): Selected residential property prices,I,Q: Quarterly,IN: India,N: Nominal,"628: Index, 2010 = 100",2013-Q1,168.1935,0: Units,,,,A: Normal value,F: Free,
dataflow,BIS:WS_SPP(1.0): Selected residential property prices,I,Q: Quarterly,IN: India,N: Nominal,"628: Index, 2010 = 100",2013-Q2,169.7624,0: Units,,,,A: Normal value,F: Free,
dataflow,BIS:WS_SPP(1.0): Selected residential property prices,I,Q: Quarterly,IN: India,N: Nominal,"628: Index, 2010 = 100",2013-Q3,176.9797,0: Units,,,,A: Normal value,F: Free,
dataflow,BIS:WS_SPP(1.0): Selected residential property prices,I,Q: Quarterly,IN: India,N: Nominal,"628: Index, 2010 = 100",2013-Q4,180.7452,0: Units,,,,A: Normal value,F: Free,
dataflow,BIS:WS_SPP(1.0): Selected residential property prices,I,Q: Quarterly,IN: India,N: Nominal,"628: Index, 2010 = 100",2014-Q1,188.7993,0: Units,,,,A: Normal value,F: Free,
dataflow,BIS:WS_SPP(1.0): Selected residential property prices,I,Q: Quarterly,IN: India,N: Nominal,"628: Index, 2010 = 100",2014-Q2,196.6441,0: Units,,,,A: Normal value,F: Free,
dataflow,BIS:WS_SPP(1.0): Selected residential property prices,I,Q: Quarterly,IN: India,N: Nominal,"628: Index, 2010 = 100",2014-Q3,201.874,0: Units,,,,A: Normal value,F: Free,
dataflow,BIS:WS_SPP(1.0): Selected residential property prices,I,Q: Quarterly,IN: India,N: Nominal,"628: Index, 2010 = 100",2014-Q4,211.2878,0: Units,,,,A: Normal value,F: Free,
dataflow,BIS:WS_SPP(1.0): Selected residential property prices,I,Q: Quarterly,IN: India,N: Nominal,"628: Index, 2010 = 100",2015-Q1,221.8522,0: Units,,,,A: Normal value,F: Free,
dataflow,BIS:WS_SPP(1.0): Selected residential property prices,I,Q: Quarterly,IN: India,N: Nominal,"628: Index, 2010 = 100",2015-Q2,225.1993,0: Units,,,,A: Normal value,F: Free,
dataflow,BIS:WS_SPP(1.0): Selected residential property prices,I,Q: Quarterly,IN: India,N: Nominal,"628: Index, 2010 = 100",2015-Q3,228.2327,0: Units,,,,A: Normal value,F: Free,
dataflow,BIS:WS_SPP(1.0): Selected residential property prices,I,Q: Quarterly,IN: India,N: Nominal,"628: Index, 2010 = 100",2015-Q4,231.8936,0: Units,,,,A: Normal value,F: Free,
dataflow,BIS:WS_SPP(1.0): Selected residential property prices,I,Q: Quarterly,IN: India,N: Nominal,"628: Index, 2010 = 100",2016-Q1,229.1741,0: Units,,,,A: Normal value,F: Free,
dataflow,BIS:WS_SPP(1.0): Selected residential property prices,I,Q: Quarterly,IN: India,N: Nominal,"628: Index, 2010 = 100",2016-Q2,241.7106,0: Units,,,,A: Normal value,F: Free,
dataflow,BIS:WS_SPP(1.0): Selected residential property prices,I,Q: Quarterly,IN: India,N: Nominal,"628: Index, 2010 = 100",2016-Q3,245.7005,0: Units,,,,A: Normal value,F: Free,
dataflow,BIS:WS_SPP(1.0): Selected residential property prices,I,Q: Quarterly,IN: India,N: Nominal,"628: Index, 2010 = 100",2016-Q4,251.2442,0: Units,,,,A: Normal value,F: Free,
dataflow,BIS:WS_SPP(1.0): Selected residential property prices,I,Q: Quarterly,IN: India,N: Nominal,"628: Index, 2010 = 100",2017-Q1,253.1299,0: Units,,,,A: Normal value,F: Free,
dataflow,BIS:WS_SPP(1.0): Selected residential property prices,I,Q: Quarterly,IN: India,N: Nominal,"628: Index, 2010 = 100",2017-Q2,262.75,0: Units,,,,A: Normal value,F: Free,
dataflow,BIS:WS_SPP(1.0): Selected residential property prices,I,Q: Quarterly,IN: India,N: Nominal,"628: Index, 2010 = 100",2017-Q3,264.0052,0: Units,,,,A: Normal value,F: Free,
dataflow,BIS:WS_SPP(1.0): Selected residential property prices,I,Q: Quarterly,IN: India,N: Nominal,"628: Index, 2010 = 100",2017-Q4,269.3397,0: Units,,,,A: Normal value,F: Free,
dataflow,BIS:WS_SPP(1.0): Selected residential property prices,I,Q: Quarterly,IN: India,N: Nominal,"628: Index, 2010 = 100",2018-Q1,270.1032,0: Units,,,,A: Normal value,F: Free,
dataflow,BIS:WS_SPP(1.0): Selected residential property prices,I,Q: Quarterly,IN: India,N: Nominal,"628: Index, 2010 = 100",2018-Q2,276.7452,0: Units,,,,A: Normal value,F: Free,
dataflow,BIS:WS_SPP(1.0): Selected residential property prices,I,Q: Quarterly,IN: India,N: Nominal,"628: Index, 2010 = 100",2018-Q3,279.0045,0: Units,,,,A: Normal value,F: Free,
dataflow,BIS:WS_SPP(1.0): Selected residential property prices,I,Q: Quarterly,IN: India,N: Nominal,"628: Index, 2010 = 100",2018-Q4,283.1675,0: Units,,,,A: Normal value,F: Free,
dataflow,BIS:WS_SPP(1.0): Selected residential property prices,I,Q: Quarterly,IN: India,N: Nominal,"628: Index, 2010 = 100",2019-Q1,279.9041,0: Units,,,,A: Normal value,F: Free,
dataflow,BIS:WS_SPP(1.0): Selected residential property prices,I,Q: Quarterly,IN: India,N: Nominal,"628: Index, 2010 = 100",2019-Q2,286.2845,0: Units,,,,A: Normal value,F: Free,
dataflow,BIS:WS_SPP(1.0): Selected residential property prices,I,Q: Quarterly,IN: India,N: Nominal,"628: Index, 2010 = 100",2019-Q3,288.0732,0: Units,,,,A: Normal value,F: Free,
dataflow,BIS:WS_SPP(1.0): Selected residential property prices,I,Q: Quarterly,IN: India,N: Nominal,"628: Index, 2010 = 100",2019-Q4,291.5876,0: Units,,,,A: Normal value,F: Free,
dataflow,BIS:WS_SPP(1.0): Selected residential property prices,I,Q: Quarterly,IN: India,N: Nominal,"628: Index, 2010 = 100",2020-Q1,290.8659,0: Units,,,,A: Normal value,F: Free,
dataflow,BIS:WS_SPP(1.0): Selected residential property prices,I,Q: Quarterly,IN: India,N: Nominal,"628: Index, 2010 = 100",2020-Q2,294.37,0: Units,,,,A: Normal value,F: Free,
dataflow,BIS:WS_SPP(1.0): Selected residential property prices,I,Q: Quarterly,IN: India,N: Nominal,"628: Index, 2010 = 100",2020-Q3,291.2529,0: Units,,,,A: Normal value,F: Free,
dataflow,BIS:WS_SPP(1.0): Selected residential property prices,I,Q: Quarterly,IN: India,N: Nominal,"628: Index, 2010 = 100",2020-Q4,297.9786,0: Units,,,,A: Normal value,F: Free,
dataflow,BIS:WS_SPP(1.0): Selected residential property prices,I,Q: Quarterly,IN: India,N: Nominal,"628: Index, 2010 = 100",2021-Q1,298.5957,0: Units,,,,A: Normal value,F: Free,
dataflow,BIS:WS_SPP(1.0): Selected residential property prices,I,Q: Quarterly,IN: India,N: Nominal,"628: Index, 2010 = 100",2021-Q2,300.1751,0: Units,,,,A: Normal value,F: Free,
dataflow,BIS:WS_SPP(1.0): Selected residential property prices,I,Q: Quarterly,IN: India,N: Nominal,"628: Index, 2010 = 100",2021-Q3,298.1878,0: Units,,,,A: Normal value,F: Free,
dataflow,BIS:WS_SPP(1.0): Selected residential property prices,I,Q: Quarterly,IN: India,N: Nominal,"628: Index, 2010 = 100",2021-Q4,307.2983,0: Units,,,,A: Normal value,F: Free,
dataflow,BIS:WS_SPP(1.0): Selected residential property prices,I,Q: Quarterly,IN: India,N: Nominal,"628: Index, 2010 = 100",2022-Q1,303.9616,0: Units,,,,A: Normal value,F: Free,
dataflow,BIS:WS_SPP(1.0): Selected residential property prices,I,Q: Quarterly,IN: India,N: Nominal,"628: Index, 2010 = 100",2022-Q2,310.2479,0: Units,,,,A: Normal value,F: Free,
dataflow,BIS:WS_SPP(1.0): Selected residential property prices,I,Q: Quarterly,IN: India,N: Nominal,"628: Index, 2010 = 100",2022-Q3,318.0057,0: Units,,,,A: Normal value,F: Free,
dataflow,BIS:WS_SPP(1.0): Selected residential property prices,I,Q: Quarterly,IN: India,N: Nominal,"628: Index, 2010 = 100",2022-Q4,321.1405,0: Units,,,,A: Normal value,F: Free,
dataflow,BIS:WS_SPP(1.0): Selected residential property prices,I,Q: Quarterly,IN: India,N: Nominal,"628: Index, 2010 = 100",2023-Q1,317.1603,0: Units,,,,A: Normal value,F: Free,
dataflow,BIS:WS_SPP(1.0): Selected residential property prices,I,Q: Quarterly,IN: India,N: Nominal,"628: Index, 2010 = 100",2023-Q2,321.7928,0: Units,,,,A: Normal value,F: Free,
dataflow,BIS:WS_SPP(1.0): Selected residential property prices,I,Q: Quarterly,IN: India,N: Nominal,"628: Index, 2010 = 100",2023-Q3,326.3556,0: Units,,,,A: Normal value,F: Free,
dataflow,BIS:WS_SPP(1.0): Selected residential property prices,I,Q: Quarterly,IN: India,N: Nominal,"628: Index, 2010 = 100",2023-Q4,330.6303,0: Units,,,,A: Normal value,F: Free,
dataflow,BIS:WS_SPP(1.0): Selected residential property prices,I,Q: Quarterly,IN: India,N: Nominal,"628: Index, 2010 = 100",2024-Q1,339.0122,0: Units,,,,A: Normal value,F: Free,
dataflow,BIS:WS_SPP(1.0): Selected residential property prices,I,Q: Quarterly,IN: India,N: Nominal,"628: Index, 2010 = 100",2024-Q2,346.3127,0: Units,,,,A: Normal value,F: Free,
dataflow,BIS:WS_SPP(1.0): Selected residential property prices,I,Q: Quarterly,IN: India,N: Nominal,"628: Index, 2010 = 100",2024-Q3,349.1572,0: Units,,,,A: Normal value,F: Free,
dataflow,BIS:WS_SPP(1.0): Selected residential property prices,I,Q: Quarterly,IN: India,N: Nominal,"628: Index, 2010 = 100",2024-Q4,353.3663,0: Units,,,,A: Normal value,F: Free,
dataflow,BIS:WS_SPP(1.0): Selected residential property prices,I,Q: Quarterly,IN: India,N: Nominal,"628: Index, 2010 = 100",2025-Q1,352.0088,0: Units,,,,A: Normal value,F: Free,
dataflow,BIS:WS_SPP(1.0): Selected residential property prices,I,Q: Quarterly,IN: India,N: Nominal,"628: Index, 2010 = 100",2025-Q2,358.9313,0: Units,,,,A: Normal value,F: Free,
dataflow,BIS:WS_SPP(1.0): Selected residential property prices,I,Q: Quarterly,IN: India,N: Nominal,"628: Index, 2010 = 100",2025-Q3,361.5015,0: Units,,,,A: Normal value,F: Free,
dataflow,BIS:WS_SPP(1.0): Selected residential property prices,I,Q: Quarterly,IN: India,N: Nominal,"628: Index, 2010 = 100",2025-Q4,366.002,0: Units,,,,A: Normal value,F: Free,
dataflow,BIS:WS_SPP(1.0): Selected residential property prices,I,Q: Quarterly,IN: India,N: Nominal,"628: Index, 2010 = 100",2026-Q1,366.8395,0: Units,,,,A: Normal value,F: Free,
dataflow,BIS:WS_SPP(1.0): Selected residential property prices,I,Q: Quarterly,IN: India,N: Nominal,"771: Year-on-year changes, in per cent",2010-Q1,18.5,0: Units,,,,A: Normal value,F: Free,
dataflow,BIS:WS_SPP(1.0): Selected residential property prices,I,Q: Quarterly,IN: India,N: Nominal,"771: Year-on-year changes, in per cent",2010-Q2,19.4286,0: Units,,,,A: Normal value,F: Free,
dataflow,BIS:WS_SPP(1.0): Selected residential property prices,I,Q: Quarterly,IN: India,N: Nominal,"771: Year-on-year changes, in per cent",2010-Q3,21.3285,0: Units,,,,A: Normal value,F: Free,
dataflow,BIS:WS_SPP(1.0): Selected residential property prices,I,Q: Quarterly,IN: India,N: Nominal,"771: Year-on-year changes, in per cent",2010-Q4,16.2762,0: Units,,,,A: Normal value,F: Free,
dataflow,BIS:WS_SPP(1.0): Selected residential property prices,I,Q: Quarterly,IN: India,N: Nominal,"771: Year-on-year changes, in per cent",2011-Q1,19.7527,0: Units,,,,A: Normal value,F: Free,
dataflow,BIS:WS_SPP(1.0): Selected residential property prices,I,Q: Quarterly,IN: India,N: Nominal,"771: Year-on-year changes, in per cent",2011-Q2,23.1423,0: Units,,,,A: Normal value,F: Free,
dataflow,BIS:WS_SPP(1.0): Selected residential property prices,I,Q: Quarterly,IN: India,N: Nominal,"771: Year-on-year changes, in per cent",2011-Q3,19.6393,0: Units,,,,A: Normal value,F: Free,
dataflow,BIS:WS_SPP(1.0): Selected residential property prices,I,Q: Quarterly,IN: India,N: Nominal,"771: Year-on-year changes, in per cent",2011-Q4,26.2576,0: Units,,,,A: Normal value,F: Free,
dataflow,BIS:WS_SPP(1.0): Selected residential property prices,I,Q: Quarterly,IN: India,N: Nominal,"771: Year-on-year changes, in per cent",2012-Q1,25.7973,0: Units,,,,A: Normal value,F: Free,
dataflow,BIS:WS_SPP(1.0): Selected residential property prices,I,Q: Quarterly,IN: India,N: Nominal,"771: Year-on-year changes, in per cent",2012-Q2,22.931,0: Units,,,,A: Normal value,F: Free,
dataflow,BIS:WS_SPP(1.0): Selected residential property prices,I,Q: Quarterly,IN: India,N: Nominal,"771: Year-on-year changes, in per cent",2012-Q3,23.1994,0: Units,,,,A: Normal value,F: Free,
dataflow,BIS:WS_SPP(1.0): Selected residential property prices,I,Q: Quarterly,IN: India,N: Nominal,"771: Year-on-year changes, in per cent",2012-Q4,25.0996,0: Units,,,,A: Normal value,F: Free,
dataflow,BIS:WS_SPP(1.0): Selected residential property prices,I,Q: Quarterly,IN: India,N: Nominal,"771: Year-on-year changes, in per cent",2013-Q1,19.9106,0: Units,,,,A: Normal value,F: Free,
dataflow,BIS:WS_SPP(1.0): Selected residential property prices,I,Q: Quarterly,IN: India,N: Nominal,"771: Year-on-year changes, in per cent",2013-Q2,13.8149,0: Units,,,,A: Normal value,F: Free,
dataflow,BIS:WS_SPP(1.0): Selected residential property prices,I,Q: Quarterly,IN: India,N: Nominal,"771: Year-on-year changes, in per cent",2013-Q3,15.0238,0: Units,,,,A: Normal value,F: Free,
dataflow,BIS:WS_SPP(1.0): Selected residential property prices,I,Q: Quarterly,IN: India,N: Nominal,"771: Year-on-year changes, in per cent",2013-Q4,10.0637,0: Units,,,,A: Normal value,F: Free,
dataflow,BIS:WS_SPP(1.0): Selected residential property prices,I,Q: Quarterly,IN: India,N: Nominal,"771: Year-on-year changes, in per cent",2014-Q1,12.2512,0: Units,,,,A: Normal value,F: Free,
dataflow,BIS:WS_SPP(1.0): Selected residential property prices,I,Q: Quarterly,IN: India,N: Nominal,"771: Year-on-year changes, in per cent",2014-Q2,15.8349,0: Units,,,,A: Normal value,F: Free,
dataflow,BIS:WS_SPP(1.0): Selected residential property prices,I,Q: Quarterly,IN: India,N: Nominal,"771: Year-on-year changes, in per cent",2014-Q3,14.0662,0: Units,,,,A: Normal value,F: Free,
dataflow,BIS:WS_SPP(1.0): Selected residential property prices,I,Q: Quarterly,IN: India,N: Nominal,"771: Year-on-year changes, in per cent",2014-Q4,16.8982,0: Units,,,,A: Normal value,F: Free,
dataflow,BIS:WS_SPP(1.0): Selected residential property prices,I,Q: Quarterly,IN: India,N: Nominal,"771: Year-on-year changes, in per cent",2015-Q1,17.5069,0: Units,,,,A: Normal value,F: Free,
dataflow,BIS:WS_SPP(1.0): Selected residential property prices,I,Q: Quarterly,IN: India,N: Nominal,"771: Year-on-year changes, in per cent",2015-Q2,14.5213,0: Units,,,,A: Normal value,F: Free,
dataflow,BIS:WS_SPP(1.0): Selected residential property prices,I,Q: Quarterly,IN: India,N: Nominal,"771: Year-on-year changes, in per cent",2015-Q3,13.057,0: Units,,,,A: Normal value,F: Free,
dataflow,BIS:WS_SPP(1.0): Selected residential property prices,I,Q: Quarterly,IN: India,N: Nominal,"771: Year-on-year changes, in per cent",2015-Q4,9.7525,0: Units,,,,A: Normal value,F: Free,
dataflow,BIS:WS_SPP(1.0): Selected residential property prices,I,Q: Quarterly,IN: India,N: Nominal,"771: Year-on-year changes, in per cent",2016-Q1,3.3004,0: Units,,,,A: Normal value,F: Free,
dataflow,BIS:WS_SPP(1.0): Selected residential property prices,I,Q: Quarterly,IN: India,N: Nominal,"771: Year-on-year changes, in per cent",2016-Q2,7.3319,0: Units,,,,A: Normal value,F: Free,
dataflow,BIS:WS_SPP(1.0): Selected residential property prices,I,Q: Quarterly,IN: India,N: Nominal,"771: Year-on-year changes, in per cent",2016-Q3,7.6535,0: Units,,,,A: Normal value,F: Free,
dataflow,BIS:WS_SPP(1.0): Selected residential property prices,I,Q: Quarterly,IN: India,N: Nominal,"771: Year-on-year changes, in per cent",2016-Q4,8.3446,0: Units,,,,A: Normal value,F: Free,
dataflow,BIS:WS_SPP(1.0): Selected residential property prices,I,Q: Quarterly,IN: India,N: Nominal,"771: Year-on-year changes, in per cent",2017-Q1,10.4531,0: Units,,,,A: Normal value,F: Free,
dataflow,BIS:WS_SPP(1.0): Selected residential property prices,I,Q: Quarterly,IN: India,N: Nominal,"771: Year-on-year changes, in per cent",2017-Q2,8.7044,0: Units,,,,A: Normal value,F: Free,
dataflow,BIS:WS_SPP(1.0): Selected residential property prices,I,Q: Quarterly,IN: India,N: Nominal,"771: Year-on-year changes, in per cent",2017-Q3,7.45,0: Units,,,,A: Normal value,F: Free,
dataflow,BIS:WS_SPP(1.0): Selected residential property prices,I,Q: Quarterly,IN: India,N: Nominal,"771: Year-on-year changes, in per cent",2017-Q4,7.2024,0: Units,,,,A: Normal value,F: Free,
dataflow,BIS:WS_SPP(1.0): Selected residential property prices,I,Q: Quarterly,IN: India,N: Nominal,"771: Year-on-year changes, in per cent",2018-Q1,6.7054,0: Units,,,,A: Normal value,F: Free,
dataflow,BIS:WS_SPP(1.0): Selected residential property prices,I,Q: Quarterly,IN: India,N: Nominal,"771: Year-on-year changes, in per cent",2018-Q2,5.3264,0: Units,,,,A: Normal value,F: Free,
dataflow,BIS:WS_SPP(1.0): Selected residential property prices,I,Q: Quarterly,IN: India,N: Nominal,"771: Year-on-year changes, in per cent",2018-Q3,5.6814,0: Units,,,,A: Normal value,F: Free,
dataflow,BIS:WS_SPP(1.0): Selected residential property prices,I,Q: Quarterly,IN: India,N: Nominal,"771: Year-on-year changes, in per cent",2018-Q4,5.134,0: Units,,,,A: Normal value,F: Free,
dataflow,BIS:WS_SPP(1.0): Selected residential property prices,I,Q: Quarterly,IN: India,N: Nominal,"771: Year-on-year changes, in per cent",2019-Q1,3.6286,0: Units,,,,A: Normal value,F: Free,
dataflow,BIS:WS_SPP(1.0): Selected residential property prices,I,Q: Quarterly,IN: India,N: Nominal,"771: Year-on-year changes, in per cent",2019-Q2,3.447,0: Units,,,,A: Normal value,F: Free,
dataflow,BIS:WS_SPP(1.0): Selected residential property prices,I,Q: Quarterly,IN: India,N: Nominal,"771: Year-on-year changes, in per cent",2019-Q3,3.2504,0: Units,,,,A: Normal value,F: Free,
dataflow,BIS:WS_SPP(1.0): Selected residential property prices,I,Q: Quarterly,IN: India,N: Nominal,"771: Year-on-year changes, in per cent",2019-Q4,2.9735,0: Units,,,,A: Normal value,F: Free,
dataflow,BIS:WS_SPP(1.0): Selected residential property prices,I,Q: Quarterly,IN: India,N: Nominal,"771: Year-on-year changes, in per cent",2020-Q1,3.9163,0: Units,,,,A: Normal value,F: Free,
dataflow,BIS:WS_SPP(1.0): Selected residential property prices,I,Q: Quarterly,IN: India,N: Nominal,"771: Year-on-year changes, in per cent",2020-Q2,2.8243,0: Units,,,,A: Normal value,F: Free,
dataflow,BIS:WS_SPP(1.0): Selected residential property prices,I,Q: Quarterly,IN: India,N: Nominal,"771: Year-on-year changes, in per cent",2020-Q3,1.1038,0: Units,,,,A: Normal value,F: Free,
dataflow,BIS:WS_SPP(1.0): Selected residential property prices,I,Q: Quarterly,IN: India,N: Nominal,"771: Year-on-year changes, in per cent",2020-Q4,2.1918,0: Units,,,,A: Normal value,F: Free,
dataflow,BIS:WS_SPP(1.0): Selected residential property prices,I,Q: Quarterly,IN: India,N: Nominal,"771: Year-on-year changes, in per cent",2021-Q1,2.6575,0: Units,,,,A: Normal value,F: Free,
dataflow,BIS:WS_SPP(1.0): Selected residential property prices,I,Q: Quarterly,IN: India,N: Nominal,"771: Year-on-year changes, in per cent",2021-Q2,1.972,0: Units,,,,A: Normal value,F: Free,
dataflow,BIS:WS_SPP(1.0): Selected residential property prices,I,Q: Quarterly,IN: India,N: Nominal,"771: Year-on-year changes, in per cent",2021-Q3,2.3811,0: Units,,,,A: Normal value,F: Free,
dataflow,BIS:WS_SPP(1.0): Selected residential property prices,I,Q: Quarterly,IN: India,N: Nominal,"771: Year-on-year changes, in per cent",2021-Q4,3.1276,0: Units,,,,A: Normal value,F: Free,
dataflow,BIS:WS_SPP(1.0): Selected residential property prices,I,Q: Quarterly,IN: India,N: Nominal,"771: Year-on-year changes, in per cent",2022-Q1,1.797,0: Units,,,,A: Normal value,F: Free,
dataflow,BIS:WS_SPP(1.0): Selected residential property prices,I,Q: Quarterly,IN: India,N: Nominal,"771: Year-on-year changes, in per cent",2022-Q2,3.3556,0: Units,,,,A: Normal value,F: Free,
dataflow,BIS:WS_SPP(1.0): Selected residential property prices,I,Q: Quarterly,IN: India,N: Nominal,"771: Year-on-year changes, in per cent",2022-Q3,6.6461,0: Units,,,,A: Normal value,F: Free,
dataflow,BIS:WS_SPP(1.0): Selected residential property prices,I,Q: Quarterly,IN: India,N: Nominal,"771: Year-on-year changes, in per cent",2022-Q4,4.5045,0: Units,,,,A: Normal value,F: Free,
dataflow,BIS:WS_SPP(1.0): Selected residential property prices,I,Q: Quarterly,IN: India,N: Nominal,"771: Year-on-year changes, in per cent",2023-Q1,4.3422,0: Units,,,,A: Normal value,F: Free,
dataflow,BIS:WS_SPP(1.0): Selected residential property prices,I,Q: Quarterly,IN: India,N: Nominal,"771: Year-on-year changes, in per cent",2023-Q2,3.7212,0: Units,,,,A: Normal value,F: Free,
dataflow,BIS:WS_SPP(1.0): Selected residential property prices,I,Q: Quarterly,IN: India,N: Nominal,"771: Year-on-year changes, in per cent",2023-Q3,2.6257,0: Units,,,,A: Normal value,F: Free,
dataflow,BIS:WS_SPP(1.0): Selected residential property prices,I,Q: Quarterly,IN: India,N: Nominal,"771: Year-on-year changes, in per cent",2023-Q4,2.955,0: Units,,,,A: Normal value,F: Free,
dataflow,BIS:WS_SPP(1.0): Selected residential property prices,I,Q: Quarterly,IN: India,N: Nominal,"771: Year-on-year changes, in per cent",2024-Q1,6.8899,0: Units,,,,A: Normal value,F: Free,
dataflow,BIS:WS_SPP(1.0): Selected residential property prices,I,Q: Quarterly,IN: India,N: Nominal,"771: Year-on-year changes, in per cent",2024-Q2,7.6198,0: Units,,,,A: Normal value,F: Free,
dataflow,BIS:WS_SPP(1.0): Selected residential property prices,I,Q: Quarterly,IN: India,N: Nominal,"771: Year-on-year changes, in per cent",2024-Q3,6.9867,0: Units,,,,A: Normal value,F: Free,
dataflow,BIS:WS_SPP(1.0): Selected residential property prices,I,Q: Quarterly,IN: India,N: Nominal,"771: Year-on-year changes, in per cent",2024-Q4,6.8766,0: Units,,,,A: Normal value,F: Free,
dataflow,BIS:WS_SPP(1.0): Selected residential property prices,I,Q: Quarterly,IN: India,N: Nominal,"771: Year-on-year changes, in per cent",2025-Q1,3.8337,0: Units,,,,A: Normal value,F: Free,
dataflow,BIS:WS_SPP(1.0): Selected residential property prices,I,Q: Quarterly,IN: India,N: Nominal,"771: Year-on-year changes, in per cent",2025-Q2,3.6437,0: Units,,,,A: Normal value,F: Free,
dataflow,BIS:WS_SPP(1.0): Selected residential property prices,I,Q: Quarterly,IN: India,N: Nominal,"771: Year-on-year changes, in per cent",2025-Q3,3.5355,0: Units,,,,A: Normal value,F: Free,
dataflow,BIS:WS_SPP(1.0): Selected residential property prices,I,Q: Quarterly,IN: India,N: Nominal,"771: Year-on-year changes, in per cent",2025-Q4,3.5758,0: Units,,,,A: Normal value,F: Free,
dataflow,BIS:WS_SPP(1.0): Selected residential property prices,I,Q: Quarterly,IN: India,N: Nominal,"771: Year-on-year changes, in per cent",2026-Q1,4.2132,0: Units,,,,A: Normal value,F: Free,
dataflow,BIS:WS_SPP(1.0): Selected residential property prices,I,Q: Quarterly,DE: Germany,R: Real,"628: Index, 2010 = 100",1970-Q1,118.9348,0: Units,,,,A: Normal value,F: Free,
dataflow,BIS:WS_SPP(1.0): Selected residential property prices,I,Q: Quarterly,DE: Germany,R: Real,"628: Index, 2010 = 100",1970-Q2,123.2036,0: Units,,,,A: Normal value,F: Free,
dataflow,BIS:WS_SPP(1.0): Selected residential property prices,I,Q: Quarterly,DE: Germany,R: Real,"628: Index, 2010 = 100",1970-Q3,124.272,0: Units,,,,A: Normal value,F: Free,
dataflow,BIS:WS_SPP(1.0): Selected residential property prices,I,Q: Quarterly,DE: Germany,R: Real,"628: Index, 2010 = 100",1970-Q4,124.6461,0: Units,,,,A: Normal value,F: Free,
dataflow,BIS:WS_SPP(1.0): Selected residential property prices,I,Q: Quarterly,DE: Germany,R: Real,"628: Index, 2010 = 100",1971-Q1,125.6578,0: Units,,,,A: Normal value,F: Free,
dataflow,BIS:WS_SPP(1.0): Selected residential property prices,I,Q: Quarterly,DE: Germany,R: Real,"628: Index, 2010 = 100",1971-Q2,129.7677,0: Units,,,,A: Normal value,F: Free,
dataflow,BIS:WS_SPP(1.0): Selected residential property prices,I,Q: Quarterly,DE: Germany,R: Real,"628: Index, 2010 = 100",1971-Q3,130.4602,0: Units,,,,A: Normal value,F: Free,
dataflow,BIS:WS_SPP(1.0): Selected residential property prices,I,Q: Quarterly,DE: Germany,R: Real,"628: Index, 2010 = 100",1971-Q4,129.6777,0: Units,,,,A: Normal value,F: Free,
dataflow,BIS:WS_SPP(1.0): Selected residential property prices,I,Q: Quarterly,DE: Germany,R: Real,"628: Index, 2010 = 100",1972-Q1,129.6411,0: Units,,,,A: Normal value,F: Free,
dataflow,BIS:WS_SPP(1.0): Selected residential property prices,I,Q: Quarterly,DE: Germany,R: Real,"628: Index, 2010 = 100",1972-Q2,131.3815,0: Units,,,,A: Normal value,F: Free,
dataflow,BIS:WS_SPP(1.0): Selected residential property prices,I,Q: Quarterly,DE: Germany,R: Real,"628: Index, 2010 = 100",1972-Q3,130.9691,0: Units,,,,A: Normal value,F: Free,
dataflow,BIS:WS_SPP(1.0): Selected residential property prices,I,Q: Quarterly,DE: Germany,R: Real,"628: Index, 2010 = 100",1972-Q4,129.7638,0: Units,,,,A: Normal value,F: Free,
dataflow,BIS:WS_SPP(1.0): Selected residential property prices,I,Q: Quarterly,DE: Germany,R: Real,"628: Index, 2010 = 100",1973-Q1,128.7788,0: Units,,,,A: Normal value,F: Free,
dataflow,BIS:WS_SPP(1.0): Selected residential property prices,I,Q: Quarterly,DE: Germany,R: Real,"628: Index, 2010 = 100",1973-Q2,132.117,0: Units,,,,A: Normal value,F: Free,
dataflow,BIS:WS_SPP(1.0): Selected residential property prices,I,Q: Quarterly,DE: Germany,R: Real,"628: Index, 2010 = 100",1973-Q3,132.1275,0: Units,,,,A: Normal value,F: Free,
dataflow,BIS:WS_SPP(1.0): Selected residential property prices,I,Q: Quarterly,DE: Germany,R: Real,"628: Index, 2010 = 100",1973-Q4,129.6601,0: Units,,,,A: Normal value,F: Free,
dataflow,BIS:WS_SPP(1.0): Selected residential property prices,I,Q: Quarterly,DE: Germany,R: Real,"628: Index, 2010 = 100",1974-Q1,129.3671,0: Units,,,,A: Normal value,F: Free,
dataflow,BIS:WS_SPP(1.0): Selected residential property prices,I,Q: Quarterly,DE: Germany,R: Real,"628: Index, 2010 = 100",1974-Q2,132.5272,0: Units,,,,A: Normal value,F: Free,
dataflow,BIS:WS_SPP(1.0): Selected residential property prices,I,Q: Quarterly,DE: Germany,R: Real,"628: Index, 2010 = 100",1974-Q3,132.5333,0: Units,,,,A: Normal value,F: Free,
dataflow,BIS:WS_SPP(1.0): Selected residential property prices,I,Q: Quarterly,DE: Germany,R: Real,"628: Index, 2010 = 100",1974-Q4,130.0095,0: Units,,,,A: Normal value,F: Free,
dataflow,BIS:WS_SPP(1.0): Selected residential property prices,I,Q: Quarterly,DE: Germany,R: Real,"628: Index, 2010 = 100",1975-Q1,127.9296,0: Units,,,,A: Normal value,F: Free,
dataflow,BIS:WS_SPP(1.0): Selected residential property prices,I,Q: Quarterly,DE: Germany,R: Real,"628: Index, 2010 = 100",1975-Q2,127.334,0: Units,,,,A: Normal value,F: Free,
dataflow,BIS:WS_SPP(1.0): Selected residential property prices,I,Q: Quarterly,DE: Germany,R: Real,"628: Index, 2010 = 100",1975-Q3,126.4136,0: Units,,,,A: Normal value,F: Free,
dataflow,BIS:WS_SPP(1.0): Selected residential property prices,I,Q: Quarterly,DE: Germany,R: Real,"628: Index, 2010 = 100",1975-Q4,125.1653,0: Units,,,,A: Normal value,F: Free,
dataflow,BIS:WS_SPP(1.0): Selected residential property prices,I,Q: Quarterly,DE: Germany,R: Real,"628: Index, 2010 = 100",1976-Q1,123.3973,0: Units,,,,A: Normal value,F: Free,
dataflow,BIS:WS_SPP(1.0): Selected residential property prices,I,Q: Quarterly,DE: Germany,R: Real,"628: Index, 2010 = 100",1976-Q2,124.0868,0: Units,,,,A: Normal value,F: Free,
dataflow,BIS:WS_SPP(1.0): Selected residential property prices,I,Q: Quarterly,DE: Germany,R: Real,"628: Index, 2010 = 100",1976-Q3,124.4031,0: Units,,,,A: Normal value,F: Free,
dataflow,BIS:WS_SPP(1.0): Selected residential property prices,I,Q: Quarterly,DE: Germany,R: Real,"628: Index, 2010 = 100",1976-Q4,125.4301,0: Units,,,,A: Normal value,F: Free,
dataflow,BIS:WS_SPP(1.0): Selected residential property prices,I,Q: Quarterly,DE: Germany,R: Real,"628: Index, 2010 = 100",1977-Q1,124.2546,0: Units,,,,A: Normal value,F: Free,
dataflow,BIS:WS_SPP(1.0): Selected residential property prices,I,Q: Quarterly,DE: Germany,R: Real,"628: Index, 2010 = 100",1977-Q2,125.8292,0: Units,,,,A: Normal value,F: Free,
dataflow,BIS:WS_SPP(1.0): Selected residential property prices,I,Q: Quarterly,DE: Germany,R: Real,"628: Index, 2010 = 100",1977-Q3,127.2739,0: Units,,,,A: Normal value,F: Free,
dataflow,BIS:WS_SPP(1.0): Selected residential property prices,I,Q: Quarterly,DE: Germany,R: Real,"628: Index, 2010 = 100",1977-Q4,128.196,0: Units,,,,A: Normal value,F: Free,
dataflow,BIS:WS_SPP(1.0): Selected residential property prices,I,Q: Quarterly,DE: Germany,R: Real,"628: Index, 2010 = 100",1978-Q1,128.8973,0: Units,,,,A: Normal value,F: Free,
dataflow,BIS:WS_SPP(1.0): Selected residential property prices,I,Q: Quarterly,DE: Germany,R: Real,"628: Index, 2010 = 100",1978-Q2,130.8149,0: Units,,,,A: Normal value,F: Free,
dataflow,BIS:WS_SPP(1.0): Selected residential property prices,I,Q: Quarterly,DE: Germany,R: Real,"628: Index, 2010 = 100",1978-Q3,133.4302,0: Units,,,,A: Normal value,F: Free,
dataflow,BIS:WS_SPP(1.0): Selected residential property prices,I,Q: Quarterly,DE: Germany,R: Real,"628: Index, 2010 = 100",1978-Q4,135.028,0: Units,,,,A: Normal value,F: Free,
dataflow,BIS:WS_SPP(1.0): Selected residential property prices,I,Q: Quarterly,DE: Germany,R: Real,"628: Index, 2010 = 100",1979-Q1,135.4804,0: Units,,,,A: Normal value,F: Free,
dataflow,BIS:WS_SPP(1.0): Selected residential property prices,I,Q: Quarterly,DE: Germany,R: Real,"628: Index, 2010 = 100",1979-Q2,138.9936,0: Units,,,,A: Normal value,F: Free,
dataflow,BIS:WS_SPP(1.0): Selected residential property prices,I,Q: Quarterly,DE: Germany,R: Real,"628: Index, 2010 = 100",1979-Q3,139.8806,0: Units,,,,A: Normal value,F: Free,
dataflow,BIS:WS_SPP(1.0): Selected residential property prices,I,Q: Quarterly,DE: Germany,R: Real,"628: Index, 2010 = 100",1979-Q4,139.383,0: Units,,,,A: Normal value,F: Free,
dataflow,BIS:WS_SPP(1.0): Selected residential property prices,I,Q: Quarterly,DE: Germany,R: Real,"628: Index, 2010 = 100",1980-Q1,139.295,0: Units,,,,A: Normal value,F: Free,
dataflow,BIS:WS_SPP(1.0): Selected residential property prices,I,Q: Quarterly,DE: Germany,R: Real,"628: Index, 2010 = 100",1980-Q2,140.4303,0: Units,,,,A: Normal value,F: Free,
dataflow,BIS:WS_SPP(1.0): Selected residential property prices,I,Q: Quarterly,DE: Germany,R: Real,"628: Index, 2010 = 100",1980-Q3,141.3255,0: Units,,,,A: Normal value,F: Free,
dataflow,BIS:WS_SPP(1.0): Selected residential property prices,I,Q: Quarterly,DE: Germany,R: Real,"628: Index, 2010 = 100",1980-Q4,142.5041,0: Units,,,,A: Normal value,F: Free,
dataflow,BIS:WS_SPP(1.0): Selected residential property prices,I,Q: Quarterly,DE: Germany,R: Real,"628: Index, 2010 = 100",1981-Q1,141.4196,0: Units,,,,A: Normal value,F: Free,
dataflow,BIS:WS_SPP(1.0): Selected residential property prices,I,Q: Quarterly,DE: Germany,R: Real,"628: Index, 2010 = 100",1981-Q2,143.3298,0: Units,,,,A: Normal value,F: Free,
dataflow,BIS:WS_SPP(1.0): Selected residential property prices,I,Q: Quarterly,DE: Germany,R: Real,"628: Index, 2010 = 100",1981-Q3,142.5402,0: Units,,,,A: Normal value,F: Free,
dataflow,BIS:WS_SPP(1.0): Selected residential property prices,I,Q: Quarterly,DE: Germany,R: Real,"628: Index, 2010 = 100",1981-Q4,140.0098,0: Units,,,,A: Normal value,F: Free,
dataflow,BIS:WS_SPP(1.0): Selected residential property prices,I,Q: Quarterly,DE: Germany,R: Real,"628: Index, 2010 = 100",1982-Q1,138.4887,0: Units,,,,A: Normal value,F: Free,
dataflow,BIS:WS_SPP(1.0): Selected residential property prices,I,Q: Quarterly,DE: Germany,R: Real,"628: Index, 2010 = 100",1982-Q2,136.7914,0: Units,,,,A: Normal value,F: Free,
dataflow,BIS:WS_SPP(1.0): Selected residential property prices,I,Q: Quarterly,DE: Germany,R: Real,"628: Index, 2010 = 100",1982-Q3,135.3009,0: Units,,,,A: Normal value,F: Free,
dataflow,BIS:WS_SPP(1.0): Selected residential property prices,I,Q: Quarterly,DE: Germany,R: Real,"628: Index, 2010 = 100",1982-Q4,133.4894,0: Units,,,,A: Normal value,F: Free,
dataflow,BIS:WS_SPP(1.0): Selected residential property prices,I,Q: Quarterly,DE: Germany,R: Real,"628: Index, 2010 = 100",1983-Q1,132.6041,0: Units,,,,A: Normal value,F: Free,
dataflow,BIS:WS_SPP(1.0): Selected residential property prices,I,Q: Quarterly,DE: Germany,R: Real,"628: Index, 2010 = 100",1983-Q2,133.0407,0: Units,,,,A: Normal value,F: Free,
dataflow,BIS:WS_SPP(1.0): Selected residential property prices,I,Q: Quarterly,DE: Germany,R: Real,"628: Index, 2010 = 100",1983-Q3,131.98,0: Units,,,,A: Normal value,F: Free,
dataflow,BIS:WS_SPP(1.0): Selected residential property prices,I,Q: Quarterly,DE: Germany,R: Real,"628: Index, 2010 = 100",1983-Q4,130.2099,0: Units,,,,A: Normal value,F: Free,
dataflow,BIS:WS_SPP(1.0): Selected residential property prices,I,Q: Quarterly,DE: Germany,R: Real,"628: Index, 2010 = 100",1984-Q1,127.8209,0: Units,,,,A: Normal value,F: Free,
dataflow,BIS:WS_SPP(1.0): Selected residential property prices,I,Q: Quarterly,DE: Germany,R: Real,"628: Index, 2010 = 100",1984-Q2,126.7251,0: Units,,,,A: Normal value,F: Free,
dataflow,BIS:WS_SPP(1.0): Selected residential property prices,I,Q: Quarterly,DE: Germany,R: Real,"628: Index, 2010 = 100",1984-Q3,125.9502,0: Units,,,,A: Normal value,F: Free,
dataflow,BIS:WS_SPP(1.0): Selected residential property prices,I,Q: Quarterly,DE: Germany,R: Real,"628: Index, 2010 = 100",1984-Q4,124.5522,0: Units,,,,A: Normal value,F: Free,
dataflow,BIS:WS_SPP(1.0): Selected residential property prices,I,Q: Quarterly,DE: Germany,R: Real,"628: Index, 2010 = 100",1985-Q1,122.8752,0: Units,,,,A: Normal value,F: Free,
dataflow,BIS:WS_SPP(1.0): Selected residential property prices,I,Q: Quarterly,DE: Germany,R: Real,"628: Index, 2010 = 100",1985-Q2,121.7517,0: Units,,,,A: Normal value,F: Free,
dataflow,BIS:WS_SPP(1.0): Selected residential property prices,I,Q: Quarterly,DE: Germany,R: Real,"628: Index, 2010 = 100",1985-Q3,122.3859,0: Units,,,,A: Normal value,F: Free,
dataflow,BIS:WS_SPP(1.0): Selected residential property prices,I,Q: Quarterly,DE: Germany,R: Real,"628: Index, 2010 = 100",1985-Q4,122.1211,0: Units,,,,A: Normal value,F: Free,
dataflow,BIS:WS_SPP(1.0): Selected residential property prices,I,Q: Quarterly,DE: Germany,R: Real,"628: Index, 2010 = 100",1986-Q1,121.7679,0: Units,,,,A: Normal value,F: Free,
dataflow,BIS:WS_SPP(1.0): Selected residential property prices,I,Q: Quarterly,DE: Germany,R: Real,"628: Index, 2010 = 100",1986-Q2,122.8449,0: Units,,,,A: Normal value,F: Free,
dataflow,BIS:WS_SPP(1.0): Selected residential property prices,I,Q: Quarterly,DE: Germany,R: Real,"628: Index, 2010 = 100",1986-Q3,123.2364,0: Units,,,,A: Normal value,F: Free,
dataflow,BIS:WS_SPP(1.0): Selected residential property prices,I,Q: Quarterly,DE: Germany,R: Real,"628: Index, 2010 = 100",1986-Q4,123.0557,0: Units,,,,A: Normal value,F: Free,
dataflow,BIS:WS_SPP(1.0): Selected residential property prices,I,Q: Quarterly,DE: Germany,R: Real,"628: Index, 2010 = 100",1987-Q1,121.7648,0: Units,,,,A: Normal value,F: Free,
dataflow,BIS:WS_SPP(1.0): Selected residential property prices,I,Q: Quarterly,DE: Germany,R: Real,"628: Index, 2010 = 100",1987-Q2,121.3406,0: Units,,,,A: Normal value,F: Free,
dataflow,BIS:WS_SPP(1.0): Selected residential property prices,I,Q: Quarterly,DE: Germany,R: Real,"628: Index, 2010 = 100",1987-Q3,121.4214,0: Units,,,,A: Normal value,F: Free,
dataflow,BIS:WS_SPP(1.0): Selected residential property prices,I,Q: Quarterly,DE: Germany,R: Real,"628: Index, 2010 = 100",1987-Q4,121.7521,0: Units,,,,A: Normal value,F: Free,
dataflow,BIS:WS_SPP(1.0): Selected residential property prices,I,Q: Quarterly,DE: Germany,R: Real,"628: Index, 2010 = 100",1988-Q1,121.1222,0: Units,,,,A: Normal value,F: Free,
dataflow,BIS:WS_SPP(1.0): Selected residential property prices,I,Q: Quarterly,DE: Germany,R: Real,"628: Index, 2010 = 100",1988-Q2,121.9064,0: Units,,,,A: Normal value,F: Free,
dataflow,BIS:WS_SPP(1.0): Selected residential property prices,I,Q: Quarterly,DE: Germany,R: Real,"628: Index, 2010 = 100",1988-Q3,122.6417,0: Units,,,,A: Normal value,F: Free,
dataflow,BIS:WS_SPP(1.0): Selected residential property prices,I,Q: Quarterly,DE: Germany,R: Real,"628: Index, 2010 = 100",1988-Q4,122.2853,0: Units,,,,A: Normal value,F: Free,
dataflow,BIS:WS_SPP(1.0): Selected residential property prices,I,Q: Quarterly,DE: Germany,R: Real,"628: Index, 2010 = 100",1989-Q1,121.3797,0: Units,,,,A: Normal value,F: Free,
dataflow,BIS:WS_SPP(1.0): Selected residential property prices,I,Q: Quarterly,DE: Germany,R: Real,"628: Index, 2010 = 100",1989-Q2,121.3958,0: Units,,,,A: Normal value,F: Free,
dataflow,BIS:WS_SPP(1.0): Selected residential property prices,I,Q: Quarterly,DE: Germany,R: Real,"628: Index, 2010 = 100",1989-Q3,122.9781,0: Units,,,,A: Normal value,F: Free,
dataflow,BIS:WS_SPP(1.0): Selected residential property prices,I,Q: Quarterly,DE: Germany,R: Real,"628: Index, 2010 = 100",1989-Q4,124.1551,0: Units,,,,A: Normal value,F: Free,
dataflow,BIS:WS_SPP(1.0): Selected residential property prices,I,Q: Quarterly,DE: Germany,R: Real,"628: Index, 2010 = 100",1990-Q1,126.2463,0: Units,,,,A: Normal value,F: Free,
dataflow,BIS:WS_SPP(1.0): Selected residential property prices,I,Q: Quarterly,DE: Germany,R: Real,"628: Index, 2010 = 100",1990-Q2,129.1848,0: Units,,,,A: Normal value,F: Free,
dataflow,BIS:WS_SPP(1.0): Selected residential property prices,I,Q: Quarterly,DE: Germany,R: Real,"628: Index, 2010 = 100",1990-Q3,130.2448,0: Units,,,,A: Normal value,F: Free,
dataflow,BIS:WS_SPP(1.0): Selected residential property prices,I,Q: Quarterly,DE: Germany,R: Real,"628: Index, 2010 = 100",1990-Q4,129.4247,0: Units,,,,A: Normal value,F: Free,
dataflow,BIS:WS_SPP(1.0): Selected residential property prices,I,Q: Quarterly,DE: Germany,R: Real,"628: Index, 2010 = 100",1991-Q1,129.7501,0: Units,,,,A: Normal value,F: Free,
dataflow,BIS:WS_SPP(1.0): Selected residential property prices,I,Q: Quarterly,DE: Germany,R: Real,"628: Index, 2010 = 100",1991-Q2,131.4477,0: Units,,,,A: Normal value,F: Free,
dataflow,BIS:WS_SPP(1.0): Selected residential property prices,I,Q: Quarterly,DE: Germany,R: Real,"628: Index, 2010 = 100",1991-Q3,130.3459,0: Units,,,,A: Normal value,F: Free,
dataflow,BIS:WS_SPP(1.0): Selected residential property prices,I,Q: Quarterly,DE: Germany,R: Real,"628: Index, 2010 = 100",1991-Q4,129.0533,0: Units,,,,A: Normal value,F: Free,
dataflow,BIS:WS_SPP(1.0): Selected residential property prices,I,Q: Quarterly,DE: Germany,R: Real,"628: Index, 2010 = 100",1992-Q1,129.2736,0: Units,,,,A: Normal value,F: Free,
dataflow,BIS:WS_SPP(1.0): Selected residential property prices,I,Q: Quarterly,DE: Germany,R: Real,"628: Index, 2010 = 100",1992-Q2,130.0583,0: Units,,,,A: Normal value,F: Free,
dataflow,BIS:WS_SPP(1.0): Selected residential property prices,I,Q: Quarterly,DE: Germany,R: Real,"628: Index, 2010 = 100",1992-Q3,130.7718,0: Units,,,,A: Normal value,F: Free,
dataflow,BIS:WS_SPP(1.0): Selected residential property prices,I,Q: Quarterly,DE: Germany,R: Real,"628: Index, 2010 = 100",1992-Q4,130.7086,0: Units,,,,A: Normal value,F: Free,
dataflow,BIS:WS_SPP(1.0): Selected residential property prices,I,Q: Quarterly,DE: Germany,R: Real,"628: Index, 2010 = 100",1993-Q1,129.3562,0: Units,,,,A: Normal value,F: Free,
dataflow,BIS:WS_SPP(1.0): Selected residential property prices,I,Q: Quarterly,DE: Germany,R: Real,"628: Index, 2010 = 100",1993-Q2,129.6901,0: Units,,,,A: Normal value,F: Free,
dataflow,BIS:WS_SPP(1.0): Selected residential property prices,I,Q: Quarterly,DE: Germany,R: Real,"628: Index, 2010 = 100",1993-Q3,129.9942,0: Units,,,,A: Normal value,F: Free,
dataflow,BIS:WS_SPP(1.0): Selected residential property prices,I,Q: Quarterly,DE: Germany,R: Real,"628: Index, 2010 = 100",1993-Q4,130.7803,0: Units,,,,A: Normal value,F: Free,
dataflow,BIS:WS_SPP(1.0): Selected residential property prices,I,Q: Quarterly,DE: Germany,R: Real,"628: Index, 2010 = 100",1994-Q1,130.4561,0: Units,,,,A: Normal value,F: Free,
dataflow,BIS:WS_SPP(1.0): Selected residential property prices,I,Q: Quarterly,DE: Germany,R: Real,"628: Index, 2010 = 100",1994-Q2,131.4258,0: Units,,,,A: Normal value,F: Free,
dataflow,BIS:WS_SPP(1.0): Selected residential property prices,I,Q: Quarterly,DE: Germany,R: Real,"628: Index, 2010 = 100",1994-Q3,131.845,0: Units,,,,A: Normal value,F: Free,
dataflow,BIS:WS_SPP(1.0): Selected residential property prices,I,Q: Quarterly,DE: Germany,R: Real,"628: Index, 2010 = 100",1994-Q4,131.707,0: Units,,,,A: Normal value,F: Free,
dataflow,BIS:WS_SPP(1.0): Selected residential property prices,I,Q: Quarterly,DE: Germany,R: Real,"628: Index, 2010 = 100",1995-Q1,130.7782,0: Units,,,,A: Normal value,F: Free,
dataflow,BIS:WS_SPP(1.0): Selected residential property prices,I,Q: Quarterly,DE: Germany,R: Real,"628: Index, 2010 = 100",1995-Q2,130.8824,0: Units,,,,A: Normal value,F: Free,
dataflow,BIS:WS_SPP(1.0): Selected residential property prices,I,Q: Quarterly,DE: Germany,R: Real,"628: Index, 2010 = 100",1995-Q3,130.0103,0: Units,,,,A: Normal value,F: Free,
dataflow,BIS:WS_SPP(1.0): Selected residential property prices,I,Q: Quarterly,DE: Germany,R: Real,"628: Index, 2010 = 100",1995-Q4,129.8385,0: Units,,,,A: Normal value,F: Free,
dataflow,BIS:WS_SPP(1.0): Selected residential property prices,I,Q: Quarterly,DE: Germany,R: Real,"628: Index, 2010 = 100",1996-Q1,128.1854,0: Units,,,,A: Normal value,F: Free,
dataflow,BIS:WS_SPP(1.0): Selected residential property prices,I,Q: Quarterly,DE: Germany,R: Real,"628: Index, 2010 = 100",1996-Q2,127.2073,0: Units,,,,A: Normal value,F: Free,
dataflow,BIS:WS_SPP(1.0): Selected residential property prices,I,Q: Quarterly,DE: Germany,R: Real,"628: Index, 2010 = 100",1996-Q3,126.4526,0: Units,,,,A: Normal value,F: Free,
dataflow,BIS:WS_SPP(1.0): Selected residential property prices,I,Q: Quarterly,DE: Germany,R: Real,"628: Index, 2010 = 100",1996-Q4,125.531,0: Units,,,,A: Normal value,F: Free,
dataflow,BIS:WS_SPP(1.0): Selected residential property prices,I,Q: Quarterly,DE: Germany,R: Real,"628: Index, 2010 = 100",1997-Q1,123.7082,0: Units,,,,A: Normal value,F: Free,
dataflow,BIS:WS_SPP(1.0): Selected residential property prices,I,Q: Quarterly,DE: Germany,R: Real,"628: Index, 2010 = 100",1997-Q2,122.9023,0: Units,,,,A: Normal value,F: Free,
dataflow,BIS:WS_SPP(1.0): Selected residential property prices,I,Q: Quarterly,DE: Germany,R: Real,"628: Index, 2010 = 100",1997-Q3,121.3856,0: Units,,,,A: Normal value,F: Free,
dataflow,BIS:WS_SPP(1.0): Selected residential property prices,I,Q: Quarterly,DE: Germany,R: Real,"628: Index, 2010 = 100",1997-Q4,121.0479,0: Units,,,,A: Normal value,F: Free,
dataflow,BIS:WS_SPP(1.0): Selected residential property prices,I,Q: Quarterly,DE: Germany,R: Real,"628: Index, 2010 = 100",1998-Q1,120.2755,0: Units,,,,A: Normal value,F: Free,
dataflow,BIS:WS_SPP(1.0): Selected residential property prices,I,Q: Quarterly,DE: Germany,R: Real,"628: Index, 2010 = 100",1998-Q2,120.2632,0: Units,,,,A: Normal value,F: Free,
dataflow,BIS:WS_SPP(1.0): Selected residential property prices,I,Q: Quarterly,DE: Germany,R: Real,"628: Index, 2010 = 100",1998-Q3,119.7382,0: Units,,,,A: Normal value,F: Free,
dataflow,BIS:WS_SPP(1.0): Selected residential property prices,I,Q: Quarterly,DE: Germany,R: Real,"628: Index, 2010 = 100",1998-Q4,120.2751,0: Units,,,,A: Normal value,F: Free,
dataflow,BIS:WS_SPP(1.0): Selected residential property prices,I,Q: Quarterly,DE: Germany,R: Real,"628: Index, 2010 = 100",1999-Q1,120.0224,0: Units,,,,A: Normal value,F: Free,
dataflow,BIS:WS_SPP(1.0): Selected residential property prices,I,Q: Quarterly,DE: Germany,R: Real,"628: Index, 2010 = 100",1999-Q2,119.3726,0: Units,,,,A: Normal value,F: Free,
dataflow,BIS:WS_SPP(1.0): Selected residential property prices,I,Q: Quarterly,DE: Germany,R: Real,"628: Index, 2010 = 100",1999-Q3,118.9959,0: Units,,,,A: Normal value,F: Free,
dataflow,BIS:WS_SPP(1.0): Selected residential property prices,I,Q: Quarterly,DE: Germany,R: Real,"628: Index, 2010 = 100",1999-Q4,119.1512,0: Units,,,,A: Normal value,F: Free,
dataflow,BIS:WS_SPP(1.0): Selected residential property prices,I,Q: Quarterly,DE: Germany,R: Real,"628: Index, 2010 = 100",2000-Q1,118.7667,0: Units,,,,A: Normal value,F: Free,
dataflow,BIS:WS_SPP(1.0): Selected residential property prices,I,Q: Quarterly,DE: Germany,R: Real,"628: Index, 2010 = 100",2000-Q2,118.8579,0: Units,,,,A: Normal value,F: Free,
dataflow,BIS:WS_SPP(1.0): Selected residential property prices,I,Q: Quarterly,DE: Germany,R: Real,"628: Index, 2010 = 100",2000-Q3,118.0871,0: Units,,,,A: Normal value,F: Free,
dataflow,BIS:WS_SPP(1.0): Selected residential property prices,I,Q: Quarterly,DE: Germany,R: Real,"628: Index, 2010 = 100",2000-Q4,117.7555,0: Units,,,,A: Normal value,F: Free,
dataflow,BIS:WS_SPP(1.0): Selected residential property prices,I,Q: Quarterly,DE: Germany,R: Real,"628: Index, 2010 = 100",2001-Q1,117.0161,0: Units,,,,A: Normal value,F: Free,
dataflow,BIS:WS_SPP(1.0): Selected residential property prices,I,Q: Quarterly,DE: Germany,R: Real,"628: Index, 2010 = 100",2001-Q2,116.0348,0: Units,,,,A: Normal value,F: Free,
dataflow,BIS:WS_SPP(1.0): Selected residential property prices,I,Q: Quarterly,DE: Germany,R: Real,"628: Index, 2010 = 100",2001-Q3,115.7494,0: Units,,,,A: Normal value,F: Free,
dataflow,BIS:WS_SPP(1.0): Selected residential property prices,I,Q: Quarterly,DE: Germany,R: Real,"628: Index, 2010 = 100",2001-Q4,115.3014,0: Units,,,,A: Normal value,F: Free,
dataflow,BIS:WS_SPP(1.0): Selected residential property prices,I,Q: Quarterly,DE: Germany,R: Real,"628: Index, 2010 = 100",2002-Q1,114.1562,0: Units,,,,A: Normal value,F: Free,
dataflow,BIS:WS_SPP(1.0): Selected residential property prices,I,Q: Quarterly,DE: Germany,R: Real,"628: Index, 2010 = 100",2002-Q2,113.8046,0: Units,,,,A: Normal value,F: Free,
dataflow,BIS:WS_SPP(1.0): Selected residential property prices,I,Q: Quarterly,DE: Germany,R: Real,"628: Index, 2010 = 100",2002-Q3,113.3968,0: Units,,,,A: Normal value,F: Free,
dataflow,BIS:WS_SPP(1.0): Selected residential property prices,I,Q: Quarterly,DE: Germany,R: Real,"628: Index, 2010 = 100",2002-Q4,112.9731,0: Units,,,,A: Normal value,F: Free,
dataflow,BIS:WS_SPP(1.0): Selected residential property prices,I,Q: Quarterly,DE: Germany,R: Real,"628: Index, 2010 = 100",2003-Q1,111.6944,0: Units,,,,A: Normal value,F: Free,
dataflow,BIS:WS_SPP(1.0): Selected residential property prices,I,Q: Quarterly,DE: Germany,R: Real,"628: Index, 2010 = 100",2003-Q2,111.3735,0: Units,,,,A: Normal value,F: Free,
dataflow,BIS:WS_SPP(1.0): Selected residential property prices,I,Q: Quarterly,DE: Germany,R: Real,"628: Index, 2010 = 100",2003-Q3,110.5217,0: Units,,,,A: Normal value,F: Free,
dataflow,BIS:WS_SPP(1.0): Selected residential property prices,I,Q: Quarterly,DE: Germany,R: Real,"628: Index, 2010 = 100",2003-Q4,109.7931,0: Units,,,,A: Normal value,F: Free,
dataflow,BIS:WS_SPP(1.0): Selected residential property prices,I,Q: Quarterly,DE: Germany,R: Real,"628: Index, 2010 = 100",2004-Q1,108.3843,0: Units,,,,A: Normal value,F: Free,
dataflow,BIS:WS_SPP(1.0): Selected residential property prices,I,Q: Quarterly,DE: Germany,R: Real,"628: Index, 2010 = 100",2004-Q2,108.0694,0: Units,,,,A: Normal value,F: Free,
dataflow,BIS:WS_SPP(1.0): Selected residential property prices,I,Q: Quarterly,DE: Germany,R: Real,"628: Index, 2010 = 100",2004-Q3,107.4243,0: Units,,,,A: Normal value,F: Free,
dataflow,BIS:WS_SPP(1.0): Selected residential property prices,I,Q: Quarterly,DE: Germany,R: Real,"628: Index, 2010 = 100",2004-Q4,106.7541,0: Units,,,,A: Normal value,F: Free,
dataflow,BIS:WS_SPP(1.0): Selected residential property prices,I,Q: Quarterly,DE: Germany,R: Real,"628: Index, 2010 = 100",2005-Q1,106.2822,0: Units,,,,A: Normal value,F: Free,
dataflow,BIS:WS_SPP(1.0): Selected residential property prices,I,Q: Quarterly,DE: Germany,R: Real,"628: Index, 2010 = 100",2005-Q2,105.3522,0: Units,,,,A: Normal value,F: Free,
dataflow,BIS:WS_SPP(1.0): Selected residential property prices,I,Q: Quarterly,DE: Germany,R: Real,"628: Index, 2010 = 100",2005-Q3,104.374,0: Units,,,,A: Normal value,F: Free,
dataflow,BIS:WS_SPP(1.0): Selected residential property prices,I,Q: Quarterly,DE: Germany,R: Real,"628: Index, 2010 = 100",2005-Q4,104.1981,0: Units,,,,A: Normal value,F: Free,
dataflow,BIS:WS_SPP(1.0): Selected residential property prices,I,Q: Quarterly,DE: Germany,R: Real,"628: Index, 2010 = 100",2006-Q1,102.6332,0: Units,,,,A: Normal value,F: Free,
dataflow,BIS:WS_SPP(1.0): Selected residential property prices,I,Q: Quarterly,DE: Germany,R: Real,"628: Index, 2010 = 100",2006-Q2,103.5386,0: Units,,,,A: Normal value,F: Free,
dataflow,BIS:WS_SPP(1.0): Selected residential property prices,I,Q: Quarterly,DE: Germany,R: Real,"628: Index, 2010 = 100",2006-Q3,104.4304,0: Units,,,,A: Normal value,F: Free,
dataflow,BIS:WS_SPP(1.0): Selected residential property prices,I,Q: Quarterly,DE: Germany,R: Real,"628: Index, 2010 = 100",2006-Q4,103.0161,0: Units,,,,A: Normal value,F: Free,
dataflow,BIS:WS_SPP(1.0): Selected residential property prices,I,Q: Quarterly,DE: Germany,R: Real,"628: Index, 2010 = 100",2007-Q1,101.7374,0: Units,,,,A: Normal value,F: Free,
dataflow,BIS:WS_SPP(1.0): Selected residential property prices,I,Q: Quarterly,DE: Germany,R: Real,"628: Index, 2010 = 100",2007-Q2,100.7472,0: Units,,,,A: Normal value,F: Free,
dataflow,BIS:WS_SPP(1.0): Selected residential property prices,I,Q: Quarterly,DE: Germany,R: Real,"628: Index, 2010 = 100",2007-Q3,100.7906,0: Units,,,,A: Normal value,F: Free,
dataflow,BIS:WS_SPP(1.0): Selected residential property prices,I,Q: Quarterly,DE: Germany,R: Real,"628: Index, 2010 = 100",2007-Q4,100.1115,0: Units,,,,A: Normal value,F: Free,
dataflow,BIS:WS_SPP(1.0): Selected residential property prices,I,Q: Quarterly,DE: Germany,R: Real,"628: Index, 2010 = 100",2008-Q1,101.6117,0: Units,,,,A: Normal value,F: Free,
dataflow,BIS:WS_SPP(1.0): Selected residential property prices,I,Q: Quarterly,DE: Germany,R: Real,"628: Index, 2010 = 100",2008-Q2,101.9611,0: Units,,,,A: Normal value,F: Free,
dataflow,BIS:WS_SPP(1.0): Selected residential property prices,I,Q: Quarterly,DE: Germany,R: Real,"628: Index, 2010 = 100",2008-Q3,100.6432,0: Units,,,,A: Normal value,F: Free,
dataflow,BIS:WS_SPP(1.0): Selected residential property prices,I,Q: Quarterly,DE: Germany,R: Real,"628: Index, 2010 = 100",2008-Q4,101.9472,0: Units,,,,A: Normal value,F: Free,
dataflow,BIS:WS_SPP(1.0): Selected residential property prices,I,Q: Quarterly,DE: Germany,R: Real,"628: Index, 2010 = 100",2009-Q1,101.7013,0: Units,,,,A: Normal value,F: Free,
dataflow,BIS:WS_SPP(1.0): Selected residential property prices,I,Q: Quarterly,DE: Germany,R: Real,"628: Index, 2010 = 100",2009-Q2,100.1994,0: Units,,,,A: Normal value,F: Free,
dataflow,BIS:WS_SPP(1.0): Selected residential property prices,I,Q: Quarterly,DE: Germany,R: Real,"628: Index, 2010 = 100",2009-Q3,99.9698,0: Units,,,,A: Normal value,F: Free,
dataflow,BIS:WS_SPP(1.0): Selected residential property prices,I,Q: Quarterly,DE: Germany,R: Real,"628: Index, 2010 = 100",2009-Q4,100.2548,0: Units,,,,A: Normal value,F: Free,
dataflow,BIS:WS_SPP(1.0): Selected residential property prices,I,Q: Quarterly,DE: Germany,R: Real,"628: Index, 2010 = 100",2010-Q1,99.1917,0: Units,,,,A: Normal value,F: Free,
dataflow,BIS:WS_SPP(1.0): Selected residential property prices,I,Q: Quarterly,DE: Germany,R: Real,"628: Index, 2010 = 100",2010-Q2,99.7786,0: Units,,,,A: Normal value,F: Free,
dataflow,BIS:WS_SPP(1.0): Selected residential property prices,I,Q: Quarterly,DE: Germany,R: Real,"628: Index, 2010 = 100",2010-Q3,100.5221,0: Units,,,,A: Normal value,F: Free,
dataflow,BIS:WS_SPP(1.0): Selected residential property prices,I,Q: Quarterly,DE: Germany,R: Real,"628: Index, 2010 = 100",2010-Q4,100.5002,0: Units,,,,A: Normal value,F: Free,
dataflow,BIS:WS_SPP(1.0): Selected residential property prices,I,Q: Quarterly,DE: Germany,R: Real,"628: Index, 2010 = 100",2011-Q1,100.2425,0: Units,,,,A: Normal value,F: Free,
dataflow,BIS:WS_SPP(1.0): Selected residential property prices,I,Q: Quarterly,DE: Germany,R: Real,"628: Index, 2010 = 100",2011-Q2,99.9615,0: Units,,,,A: Normal value,F: Free,
dataflow,BIS:WS_SPP(1.0): Selected residential property prices,I,Q: Quarterly,DE: Germany,R: Real,"628: Index, 2010 = 100",2011-Q3,100.7799,0: Units,,,,A: Normal value,F: Free,
dataflow,BIS:WS_SPP(1.0): Selected residential property prices,I,Q: Quarterly,DE: Germany,R: Real,"628: Index, 2010 = 100",2011-Q4,100.4089,0: Units,,,,A: Normal value,F: Free,
dataflow,BIS:WS_SPP(1.0): Selected residential property prices,I,Q: Quarterly,DE: Germany,R: Real,"628: Index, 2010 = 100",2012-Q1,100.75,0: Units,,,,A: Normal value,F: Free,
dataflow,BIS:WS_SPP(1.0): Selected residential property prices,I,Q: Quarterly,DE: Germany,R: Real,"628: Index, 2010 = 100",2012-Q2,101.5903,0: Units,,,,A: Normal value,F: Free,
dataflow,BIS:WS_SPP(1.0): Selected residential property prices,I,Q: Quarterly,DE: Germany,R: Real,"628: Index, 2010 = 100",2012-Q3,101.2097,0: Units,,,,A: Normal value,F: Free,
dataflow,BIS:WS_SPP(1.0): Selected residential property prices,I,Q: Quarterly,DE: Germany,R: Real,"628: Index, 2010 = 100",2012-Q4,101.7357,0: Units,,,,A: Normal value,F: Free,
dataflow,BIS:WS_SPP(1.0): Selected residential property prices,I,Q: Quarterly,DE: Germany,R: Real,"628: Index, 2010 = 100",2013-Q1,102.2951,0: Units,,,,A: Normal value,F: Free,
dataflow,BIS:WS_SPP(1.0): Selected residential property prices,I,Q: Quarterly,DE: Germany,R: Real,"628: Index, 2010 = 100",2013-Q2,103.1172,0: Units,,,,A: Normal value,F: Free,
dataflow,BIS:WS_SPP(1.0): Selected residential property prices,I,Q: Quarterly,DE: Germany,R: Real,"628: Index, 2010 = 100",2013-Q3,103.2994,0: Units,,,,A: Normal value,F: Free,
dataflow,BIS:WS_SPP(1.0): Selected residential property prices,I,Q: Quarterly,DE: Germany,R: Real,"628: Index, 2010 = 100",2013-Q4,102.7198,0: Units,,,,A: Normal value,F: Free,
dataflow,BIS:WS_SPP(1.0): Selected residential property prices,I,Q: Quarterly,DE: Germany,R: Real,"628: Index, 2010 = 100",2014-Q1,103.4158,0: Units,,,,A: Normal value,F: Free,
dataflow,BIS:WS_SPP(1.0): Selected residential property prices,I,Q: Quarterly,DE: Germany,R: Real,"628: Index, 2010 = 100",2014-Q2,105.3804,0: Units,,,,A: Normal value,F: Free,
dataflow,BIS:WS_SPP(1.0): Selected residential property prices,I,Q: Quarterly,DE: Germany,R: Real,"628: Index, 2010 = 100",2014-Q3,105.4355,0: Units,,,,A: Normal value,F: Free,
dataflow,BIS:WS_SPP(1.0): Selected residential property prices,I,Q: Quarterly,DE: Germany,R: Real,"628: Index, 2010 = 100",2014-Q4,105.6971,0: Units,,,,A: Normal value,F: Free,
dataflow,BIS:WS_SPP(1.0): Selected residential property prices,I,Q: Quarterly,DE: Germany,R: Real,"628: Index, 2010 = 100",2015-Q1,107.7566,0: Units,,,,A: Normal value,F: Free,
dataflow,BIS:WS_SPP(1.0): Selected residential property prices,I,Q: Quarterly,DE: Germany,R: Real,"628: Index, 2010 = 100",2015-Q2,109.003,0: Units,,,,A: Normal value,F: Free,
dataflow,BIS:WS_SPP(1.0): Selected residential property prices,I,Q: Quarterly,DE: Germany,R: Real,"628: Index, 2010 = 100",2015-Q3,109.3101,0: Units,,,,A: Normal value,F: Free,
dataflow,BIS:WS_SPP(1.0): Selected residential property prices,I,Q: Quarterly,DE: Germany,R: Real,"628: Index, 2010 = 100",2015-Q4,111.3915,0: Units,,,,A: Normal value,F: Free,
dataflow,BIS:WS_SPP(1.0): Selected residential property prices,I,Q: Quarterly,DE: Germany,R: Real,"628: Index, 2010 = 100",2016-Q1,114.1666,0: Units,,,,A: Normal value,F: Free,
dataflow,BIS:WS_SPP(1.0): Selected residential property prices,I,Q: Quarterly,DE: Germany,R: Real,"628: Index, 2010 = 100",2016-Q2,116.3282,0: Units,,,,A: Normal value,F: Free,
dataflow,BIS:WS_SPP(1.0): Selected residential property prices,I,Q: Quarterly,DE: Germany,R: Real,"628: Index, 2010 = 100",2016-Q3,117.7027,0: Units,,,,A: Normal value,F: Free,
dataflow,BIS:WS_SPP(1.0): Selected residential property prices,I,Q: Quarterly,DE: Germany,R: Real,"628: Index, 2010 = 100",2016-Q4,119.6046,0: Units,,,,A: Normal value,F: Free,
dataflow,BIS:WS_SPP(1.0): Selected residential property prices,I,Q: Quarterly,DE: Germany,R: Real,"628: Index, 2010 = 100",2017-Q1,120.1404,0: Units,,,,A: Normal value,F: Free,
dataflow,BIS:WS_SPP(1.0): Selected residential property prices,I,Q: Quarterly,DE: Germany,R: Real,"628: Index, 2010 = 100",2017-Q2,121.4367,0: Units,,,,A: Normal value,F: Free,
dataflow,BIS:WS_SPP(1.0): Selected residential property prices,I,Q: Quarterly,DE: Germany,R: Real,"628: Index, 2010 = 100",2017-Q3,122.5549,0: Units,,,,A: Normal value,F: Free,
dataflow,BIS:WS_SPP(1.0): Selected residential property prices,I,Q: Quarterly,DE: Germany,R: Real,"628: Index, 2010 = 100",2017-Q4,125.2546,0: Units,,,,A: Normal value,F: Free,
dataflow,BIS:WS_SPP(1.0): Selected residential property prices,I,Q: Quarterly,DE: Germany,R: Real,"628: Index, 2010 = 100",2018-Q1,126.3962,0: Units,,,,A: Normal value,F: Free,
dataflow,BIS:WS_SPP(1.0): Selected residential property prices,I,Q: Quarterly,DE: Germany,R: Real,"628: Index, 2010 = 100",2018-Q2,127.2211,0: Units,,,,A: Normal value,F: Free,
dataflow,BIS:WS_SPP(1.0): Selected residential property prices,I,Q: Quarterly,DE: Germany,R: Real,"628: Index, 2010 = 100",2018-Q3,128.7033,0: Units,,,,A: Normal value,F: Free,
dataflow,BIS:WS_SPP(1.0): Selected residential property prices,I,Q: Quarterly,DE: Germany,R: Real,"628: Index, 2010 = 100",2018-Q4,130.4761,0: Units,,,,A: Normal value,F: Free,
dataflow,BIS:WS_SPP(1.0): Selected residential property prices,I,Q: Quarterly,DE: Germany,R: Real,"628: Index, 2010 = 100",2019-Q1,131.2742,0: Units,,,,A: Normal value,F: Free,
dataflow,BIS:WS_SPP(1.0): Selected residential property prices,I,Q: Quarterly,DE: Germany,R: Real,"628: Index, 2010 = 100",2019-Q2,132.5803,0: Units,,,,A: Normal value,F: Free,
dataflow,BIS:WS_SPP(1.0): Selected residential property prices,I,Q: Quarterly,DE: Germany,R: Real,"628: Index, 2010 = 100",2019-Q3,133.676,0: Units,,,,A: Normal value,F: Free,
dataflow,BIS:WS_SPP(1.0): Selected residential property prices,I,Q: Quarterly,DE: Germany,R: Real,"628: Index, 2010 = 100",2019-Q4,137.2816,0: Units,,,,A: Normal value,F: Free,
dataflow,BIS:WS_SPP(1.0): Selected residential property prices,I,Q: Quarterly,DE: Germany,R: Real,"628: Index, 2010 = 100",2020-Q1,138.157,0: Units,,,,A: Normal value,F: Free,
dataflow,BIS:WS_SPP(1.0): Selected residential property prices,I,Q: Quarterly,DE: Germany,R: Real,"628: Index, 2010 = 100",2020-Q2,140.1668,0: Units,,,,A: Normal value,F: Free,
dataflow,BIS:WS_SPP(1.0): Selected residential property prices,I,Q: Quarterly,DE: Germany,R: Real,"628: Index, 2010 = 100",2020-Q3,145.4717,0: Units,,,,A: Normal value,F: Free,
dataflow,BIS:WS_SPP(1.0): Selected residential property prices,I,Q: Quarterly,DE: Germany,R: Real,"628: Index, 2010 = 100",2020-Q4,149.4374,0: Units,,,,A: Normal value,F: Free,
dataflow,BIS:WS_SPP(1.0): Selected residential property prices,I,Q: Quarterly,DE: Germany,R: Real,"628: Index, 2010 = 100",2021-Q1,148.8581,0: Units,,,,A: Normal value,F: Free,
dataflow,BIS:WS_SPP(1.0): Selected residential property prices,I,Q: Quarterly,DE: Germany,R: Real,"628: Index, 2010 = 100",2021-Q2,153.0005,0: Units,,,,A: Normal value,F: Free,
dataflow,BIS:WS_SPP(1.0): Selected residential property prices,I,Q: Quarterly,DE: Germany,R: Real,"628: Index, 2010 = 100",2021-Q3,157.8694,0: Units,,,,A: Normal value,F: Free,
dataflow,BIS:WS_SPP(1.0): Selected residential property prices,I,Q: Quarterly,DE: Germany,R: Real,"628: Index, 2010 = 100",2021-Q4,160.839,0: Units,,,,A: Normal value,F: Free,
dataflow,BIS:WS_SPP(1.0): Selected residential property prices,I,Q: Quarterly,DE: Germany,R: Real,"628: Index, 2010 = 100",2022-Q1,159.4002,0: Units,,,,A: Normal value,F: Free,
dataflow,BIS:WS_SPP(1.0): Selected residential property prices,I,Q: Quarterly,DE: Germany,R: Real,"628: Index, 2010 = 100",2022-Q2,158.0108,0: Units,,,,A: Normal value,F: Free,
dataflow,BIS:WS_SPP(1.0): Selected residential property prices,I,Q: Quarterly,DE: Germany,R: Real,"628: Index, 2010 = 100",2022-Q3,154.508,0: Units,,,,A: Normal value,F: Free,
dataflow,BIS:WS_SPP(1.0): Selected residential property prices,I,Q: Quarterly,DE: Germany,R: Real,"628: Index, 2010 = 100",2022-Q4,144.3734,0: Units,,,,A: Normal value,F: Free,
dataflow,BIS:WS_SPP(1.0): Selected residential property prices,I,Q: Quarterly,DE: Germany,R: Real,"628: Index, 2010 = 100",2023-Q1,137.9542,0: Units,,,,A: Normal value,F: Free,
dataflow,BIS:WS_SPP(1.0): Selected residential property prices,I,Q: Quarterly,DE: Germany,R: Real,"628: Index, 2010 = 100",2023-Q2,134.3645,0: Units,,,,A: Normal value,F: Free,
dataflow,BIS:WS_SPP(1.0): Selected residential property prices,I,Q: Quarterly,DE: Germany,R: Real,"628: Index, 2010 = 100",2023-Q3,131.396,0: Units,,,,A: Normal value,F: Free,
dataflow,BIS:WS_SPP(1.0): Selected residential property prices,I,Q: Quarterly,DE: Germany,R: Real,"628: Index, 2010 = 100",2023-Q4,128.8068,0: Units,,,,A: Normal value,F: Free,
dataflow,BIS:WS_SPP(1.0): Selected residential property prices,I,Q: Quarterly,DE: Germany,R: Real,"628: Index, 2010 = 100",2024-Q1,127.6179,0: Units,,,,A: Normal value,F: Free,
dataflow,BIS:WS_SPP(1.0): Selected residential property prices,I,Q: Quarterly,DE: Germany,R: Real,"628: Index, 2010 = 100",2024-Q2,128.054,0: Units,,,,A: Normal value,F: Free,
dataflow,BIS:WS_SPP(1.0): Selected residential property prices,I,Q: Quarterly,DE: Germany,R: Real,"628: Index, 2010 = 100",2024-Q3,128.645,0: Units,,,,A: Normal value,F: Free,
dataflow,BIS:WS_SPP(1.0): Selected residential property prices,I,Q: Quarterly,DE: Germany,R: Real,"628: Index, 2010 = 100",2024-Q4,128.2768,0: Units,,,,A: Normal value,F: Free,
dataflow,BIS:WS_SPP(1.0): Selected residential property prices,I,Q: Quarterly,DE: Germany,R: Real,"628: Index, 2010 = 100",2025-Q1,129.5044,0: Units,,,,A: Normal value,F: Free,
dataflow,BIS:WS_SPP(1.0): Selected residential property prices,I,Q: Quarterly,DE: Germany,R: Real,"628: Index, 2010 = 100",2025-Q2,129.6074,0: Units,,,,A: Normal value,F: Free,
dataflow,BIS:WS_SPP(1.0): Selected residential property prices,I,Q: Quarterly,DE: Germany,R: Real,"628: Index, 2010 = 100",2025-Q3,129.8747,0: Units,,,,A: Normal value,F: Free,
dataflow,BIS:WS_SPP(1.0): Selected residential property prices,I,Q: Quarterly,DE: Germany,R: Real,"628: Index, 2010 = 100",2025-Q4,128.7738,0: Units,,,,A: Normal value,F: Free,
dataflow,BIS:WS_SPP(1.0): Selected residential property prices,I,Q: Quarterly,DE: Germany,R: Real,"628: Index, 2010 = 100",2026-Q1,128.4619,0: Units,,,,A: Normal value,F: Free,
dataflow,BIS:WS_SPP(1.0): Selected residential property prices,I,Q: Quarterly,DE: Germany,R: Real,"771: Year-on-year changes, in per cent",1971-Q1,5.6526,0: Units,,,,A: Normal value,F: Free,
dataflow,BIS:WS_SPP(1.0): Selected residential property prices,I,Q: Quarterly,DE: Germany,R: Real,"771: Year-on-year changes, in per cent",1971-Q2,5.3278,0: Units,,,,A: Normal value,F: Free,
dataflow,BIS:WS_SPP(1.0): Selected residential property prices,I,Q: Quarterly,DE: Germany,R: Real,"771: Year-on-year changes, in per cent",1971-Q3,4.9795,0: Units,,,,A: Normal value,F: Free,
dataflow,BIS:WS_SPP(1.0): Selected residential property prices,I,Q: Quarterly,DE: Germany,R: Real,"771: Year-on-year changes, in per cent",1971-Q4,4.0367,0: Units,,,,A: Normal value,F: Free,
dataflow,BIS:WS_SPP(1.0): Selected residential property prices,I,Q: Quarterly,DE: Germany,R: Real,"771: Year-on-year changes, in per cent",1972-Q1,3.17,0: Units,,,,A: Normal value,F: Free,
dataflow,BIS:WS_SPP(1.0): Selected residential property prices,I,Q: Quarterly,DE: Germany,R: Real,"771: Year-on-year changes, in per cent",1972-Q2,1.2436,0: Units,,,,A: Normal value,F: Free,
dataflow,BIS:WS_SPP(1.0): Selected residential property prices,I,Q: Quarterly,DE: Germany,R: Real,"771: Year-on-year changes, in per cent",1972-Q3,0.3901,0: Units,,,,A: Normal value,F: Free,
dataflow,BIS:WS_SPP(1.0): Selected residential property prices,I,Q: Quarterly,DE: Germany,R: Real,"771: Year-on-year changes, in per cent",1972-Q4,0.0664,0: Units,,,,A: Normal value,F: Free,
dataflow,BIS:WS_SPP(1.0): Selected residential property prices,I,Q: Quarterly,DE: Germany,R: Real,"771: Year-on-year changes, in per cent",1973-Q1,-0.6651,0: Units,,,,A: Normal value,F: Free,
dataflow,BIS:WS_SPP(1.0): Selected residential property prices,I,Q: Quarterly,DE: Germany,R: Real,"771: Year-on-year changes, in per cent",1973-Q2,0.5598,0: Units,,,,A: Normal value,F: Free,
dataflow,BIS:WS_SPP(1.0): Selected residential property prices,I,Q: Quarterly,DE: Germany,R: Real,"771: Year-on-year changes, in per cent",1973-Q3,0.8845,0: Units,,,,A: Normal value,F: Free,
dataflow,BIS:WS_SPP(1.0): Selected residential property prices,I,Q: Quarterly,DE: Germany,R: Real,"771: Year-on-year changes, in per cent",1973-Q4,-0.0799,0: Units,,,,A: Normal value,F: Free,
dataflow,BIS:WS_SPP(1.0): Selected residential property prices,I,Q: Quarterly,DE: Germany,R: Real,"771: Year-on-year changes, in per cent",1974-Q1,0.4568,0: Units,,,,A: Normal value,F: Free,
dataflow,BIS:WS_SPP(1.0): Selected residential property prices,I,Q: Quarterly,DE: Germany,R: Real,"771: Year-on-year changes, in per cent",1974-Q2,0.3105,0: Units,,,,A: Normal value,F: Free,
dataflow,BIS:WS_SPP(1.0): Selected residential property prices,I,Q: Quarterly,DE: Germany,R: Real,"771: Year-on-year changes, in per cent",1974-Q3,0.3071,0: Units,,,,A: Normal value,F: Free,
dataflow,BIS:WS_SPP(1.0): Selected residential property prices,I,Q: Quarterly,DE: Germany,R: Real,"771: Year-on-year changes, in per cent",1974-Q4,0.2695,0: Units,,,,A: Normal value,F: Free,
dataflow,BIS:WS_SPP(1.0): Selected residential property prices,I,Q: Quarterly,DE: Germany,R: Real,"771: Year-on-year changes, in per cent",1975-Q1,-1.1112,0: Units,,,,A: Normal value,F: Free,
dataflow,BIS:WS_SPP(1.0): Selected residential property prices,I,Q: Quarterly,DE: Germany,R: Real,"771: Year-on-year changes, in per cent",1975-Q2,-3.9186,0: Units,,,,A: Normal value,F: Free,
dataflow,BIS:WS_SPP(1.0): Selected residential property prices,I,Q: Quarterly,DE: Germany,R: Real,"771: Year-on-year changes, in per cent",1975-Q3,-4.6175,0: Units,,,,A: Normal value,F: Free,
dataflow,BIS:WS_SPP(1.0): Selected residential property prices,I,Q: Quarterly,DE: Germany,R: Real,"771: Year-on-year changes, in per cent",1975-Q4,-3.7261,0: Units,,,,A: Normal value,F: Free,
dataflow,BIS:WS_SPP(1.0): Selected residential property prices,I,Q: Quarterly,DE: Germany,R: Real,"771: Year-on-year changes, in per cent",1976-Q1,-3.5428,0: Units,,,,A: Normal value,F: Free,
dataflow,BIS:WS_SPP(1.0): Selected residential property prices,I,Q: Quarterly,DE: Germany,R: Real,"771: Year-on-year changes, in per cent",1976-Q2,-2.5501,0: Units,,,,A: Normal value,F: Free,
dataflow,BIS:WS_SPP(1.0): Selected residential property prices,I,Q: Quarterly,DE: Germany,R: Real,"771: Year-on-year changes, in per cent",1976-Q3,-1.5904,0: Units,,,,A: Normal value,F: Free,
dataflow,BIS:WS_SPP(1.0): Selected residential property prices,I,Q: Quarterly,DE: Germany,R: Real,"771: Year-on-year changes, in per cent",1976-Q4,0.2116,0: Units,,,,A: Normal value,F: Free,
dataflow,BIS:WS_SPP(1.0): Selected residential property prices,I,Q: Quarterly,DE: Germany,R: Real,"771: Year-on-year changes, in per cent",1977-Q1,0.6947,0: Units,,,,A: Normal value,F: Free,
dataflow,BIS:WS_SPP(1.0): Selected residential property prices,I,Q: Quarterly,DE: Germany,R: Real,"771: Year-on-year changes, in per cent",1977-Q2,1.4042,0: Units,,,,A: Normal value,F: Free,
dataflow,BIS:WS_SPP(1.0): Selected residential property prices,I,Q: Quarterly,DE: Germany,R: Real,"771: Year-on-year changes, in per cent",1977-Q3,2.3077,0: Units,,,,A: Normal value,F: Free,
dataflow,BIS:WS_SPP(1.0): Selected residential property prices,I,Q: Quarterly,DE: Germany,R: Real,"771: Year-on-year changes, in per cent",1977-Q4,2.2051,0: Units,,,,A: Normal value,F: Free,
dataflow,BIS:WS_SPP(1.0): Selected residential property prices,I,Q: Quarterly,DE: Germany,R: Real,"771: Year-on-year changes, in per cent",1978-Q1,3.7365,0: Units,,,,A: Normal value,F: Free,
dataflow,BIS:WS_SPP(1.0): Selected residential property prices,I,Q: Quarterly,DE: Germany,R: Real,"771: Year-on-year changes, in per cent",1978-Q2,3.9623,0: Units,,,,A: Normal value,F: Free,
dataflow,BIS:WS_SPP(1.0): Selected residential property prices,I,Q: Quarterly,DE: Germany,R: Real,"771: Year-on-year changes, in per cent",1978-Q3,4.837,0: Units,,,,A: Normal value,F: Free,
dataflow,BIS:WS_SPP(1.0): Selected residential property prices,I,Q: Quarterly,DE: Germany,R: Real,"771: Year-on-year changes, in per cent",1978-Q4,5.3293,0: Units,,,,A: Normal value,F: Free,
dataflow,BIS:WS_SPP(1.0): Selected residential property prices,I,Q: Quarterly,DE: Germany,R: Real,"771: Year-on-year changes, in per cent",1979-Q1,5.1072,0: Units,,,,A: Normal value,F: Free,
dataflow,BIS:WS_SPP(1.0): Selected residential property prices,I,Q: Quarterly,DE: Germany,R: Real,"771: Year-on-year changes, in per cent",1979-Q2,6.2521,0: Units,,,,A: Normal value,F: Free,
dataflow,BIS:WS_SPP(1.0): Selected residential property prices,I,Q: Quarterly,DE: Germany,R: Real,"771: Year-on-year changes, in per cent",1979-Q3,4.8343,0: Units,,,,A: Normal value,F: Free,
dataflow,BIS:WS_SPP(1.0): Selected residential property prices,I,Q: Quarterly,DE: Germany,R: Real,"771: Year-on-year changes, in per cent",1979-Q4,3.2253,0: Units,,,,A: Normal value,F: Free,
dataflow,BIS:WS_SPP(1.0): Selected residential property prices,I,Q: Quarterly,DE: Germany,R: Real,"771: Year-on-year changes, in per cent",1980-Q1,2.8157,0: Units,,,,A: Normal value,F: Free,
dataflow,BIS:WS_SPP(1.0): Selected residential property prices,I,Q: Quarterly,DE: Germany,R: Real,"771: Year-on-year changes, in per cent",1980-Q2,1.0337,0: Units,,,,A: Normal value,F: Free,
dataflow,BIS:WS_SPP(1.0): Selected residential property prices,I,Q: Quarterly,DE: Germany,R: Real,"771: Year-on-year changes, in per cent",1980-Q3,1.033,0: Units,,,,A: Normal value,F: Free,
dataflow,BIS:WS_SPP(1.0): Selected residential property prices,I,Q: Quarterly,DE: Germany,R: Real,"771: Year-on-year changes, in per cent",1980-Q4,2.2392,0: Units,,,,A: Normal value,F: Free,
dataflow,BIS:WS_SPP(1.0): Selected residential property prices,I,Q: Quarterly,DE: Germany,R: Real,"771: Year-on-year changes, in per cent",1981-Q1,1.5253,0: Units,,,,A: Normal value,F: Free,
dataflow,BIS:WS_SPP(1.0): Selected residential property prices,I,Q: Quarterly,DE: Germany,R: Real,"771: Year-on-year changes, in per cent",1981-Q2,2.0647,0: Units,,,,A: Normal value,F: Free,
dataflow,BIS:WS_SPP(1.0): Selected residential property prices,I,Q: Quarterly,DE: Germany,R: Real,"771: Year-on-year changes, in per cent",1981-Q3,0.8595,0: Units,,,,A: Normal value,F: Free,
dataflow,BIS:WS_SPP(1.0): Selected residential property prices,I,Q: Quarterly,DE: Germany,R: Real,"771: Year-on-year changes, in per cent",1981-Q4,-1.7503,0: Units,,,,A: Normal value,F: Free,
dataflow,BIS:WS_SPP(1.0): Selected residential property prices,I,Q: Quarterly,DE: Germany,R: Real,"771: Year-on-year changes, in per cent",1982-Q1,-2.0725,0: Units,,,,A: Normal value,F: Free,
dataflow,BIS:WS_SPP(1.0): Selected residential property prices,I,Q: Quarterly,DE: Germany,R: Real,"771: Year-on-year changes, in per cent",1982-Q2,-4.5618,0: Units,,,,A: Normal value,F: Free,
dataflow,BIS:WS_SPP(1.0): Selected residential property prices,I,Q: Quarterly,DE: Germany,R: Real,"771: Year-on-year changes, in per cent",1982-Q3,-5.0788,0: Units,,,,A: Normal value,F: Free,
dataflow,BIS:WS_SPP(1.0): Selected residential property prices,I,Q: Quarterly,DE: Germany,R: Real,"771: Year-on-year changes, in per cent",1982-Q4,-4.6571,0: Units,,,,A: Normal value,F: Free,
dataflow,BIS:WS_SPP(1.0): Selected residential property prices,I,Q: Quarterly,DE: Germany,R: Real,"771: Year-on-year changes, in per cent",1983-Q1,-4.2491,0: Units,,,,A: Normal value,F: Free,
dataflow,BIS:WS_SPP(1.0): Selected residential property prices,I,Q: Quarterly,DE: Germany,R: Real,"771: Year-on-year changes, in per cent",1983-Q2,-2.7419,0: Units,,,,A: Normal value,F: Free,
dataflow,BIS:WS_SPP(1.0): Selected residential property prices,I,Q: Quarterly,DE: Germany,R: Real,"771: Year-on-year changes, in per cent",1983-Q3,-2.4545,0: Units,,,,A: Normal value,F: Free,
dataflow,BIS:WS_SPP(1.0): Selected residential property prices,I,Q: Quarterly,DE: Germany,R: Real,"771: Year-on-year changes, in per cent",1983-Q4,-2.4568,0: Units,,,,A: Normal value,F: Free,
dataflow,BIS:WS_SPP(1.0): Selected residential property prices,I,Q: Quarterly,DE: Germany,R: Real,"771: Year-on-year changes, in per cent",1984-Q1,-3.6072,0: Units,,,,A: Normal value,F: Free,
dataflow,BIS:WS_SPP(1.0): Selected residential property prices,I,Q: Quarterly,DE: Germany,R: Real,"771: Year-on-year changes, in per cent",1984-Q2,-4.7471,0: Units,,,,A: Normal value,F: Free,
dataflow,BIS:WS_SPP(1.0): Selected residential property prices,I,Q: Quarterly,DE: Germany,R: Real,"771: Year-on-year changes, in per cent",1984-Q3,-4.5687,0: Units,,,,A: Normal value,F: Free,
dataflow,BIS:WS_SPP(1.0): Selected residential property prices,I,Q: Quarterly,DE: Germany,R: Real,"771: Year-on-year changes, in per cent",1984-Q4,-4.3451,0: Units,,,,A: Normal value,F: Free,
dataflow,BIS:WS_SPP(1.0): Selected residential property prices,I,Q: Quarterly,DE: Germany,R: Real,"771: Year-on-year changes, in per cent",1985-Q1,-3.8692,0: Units,,,,A: Normal value,F: Free,
dataflow,BIS:WS_SPP(1.0): Selected residential property prices,I,Q: Quarterly,DE: Germany,R: Real,"771: Year-on-year changes, in per cent",1985-Q2,-3.9245,0: Units,,,,A: Normal value,F: Free,
dataflow,BIS:WS_SPP(1.0): Selected residential property prices,I,Q: Quarterly,DE: Germany,R: Real,"771: Year-on-year changes, in per cent",1985-Q3,-2.8299,0: Units,,,,A: Normal value,F: Free,
dataflow,BIS:WS_SPP(1.0): Selected residential property prices,I,Q: Quarterly,DE: Germany,R: Real,"771: Year-on-year changes, in per cent",1985-Q4,-1.9519,0: Units,,,,A: Normal value,F: Free,
dataflow,BIS:WS_SPP(1.0): Selected residential property prices,I,Q: Quarterly,DE: Germany,R: Real,"771: Year-on-year changes, in per cent",1986-Q1,-0.9011,0: Units,,,,A: Normal value,F: Free,
dataflow,BIS:WS_SPP(1.0): Selected residential property prices,I,Q: Quarterly,DE: Germany,R: Real,"771: Year-on-year changes, in per cent",1986-Q2,0.8979,0: Units,,,,A: Normal value,F: Free,
dataflow,BIS:WS_SPP(1.0): Selected residential property prices,I,Q: Quarterly,DE: Germany,R: Real,"771: Year-on-year changes, in per cent",1986-Q3,0.6949,0: Units,,,,A: Normal value,F: Free,
dataflow,BIS:WS_SPP(1.0): Selected residential property prices,I,Q: Quarterly,DE: Germany,R: Real,"771: Year-on-year changes, in per cent",1986-Q4,0.7653,0: Units,,,,A: Normal value,F: Free,
dataflow,BIS:WS_SPP(1.0): Selected residential property prices,I,Q: Quarterly,DE: Germany,R: Real,"771: Year-on-year changes, in per cent",1987-Q1,-0.0026,0: Units,,,,A: Normal value,F: Free,
dataflow,BIS:WS_SPP(1.0): Selected residential property prices,I,Q: Quarterly,DE: Germany,R: Real,"771: Year-on-year changes, in per cent",1987-Q2,-1.2245,0: Units,,,,A: Normal value,F: Free,
dataflow,BIS:WS_SPP(1.0): Selected residential property prices,I,Q: Quarterly,DE: Germany,R: Real,"771: Year-on-year changes, in per cent",1987-Q3,-1.4728,0: Units,,,,A: Normal value,F: Free,
dataflow,BIS:WS_SPP(1.0): Selected residential property prices,I,Q: Quarterly,DE: Germany,R: Real,"771: Year-on-year changes, in per cent",1987-Q4,-1.0593,0: Units,,,,A: Normal value,F: Free,
dataflow,BIS:WS_SPP(1.0): Selected residential property prices,I,Q: Quarterly,DE: Germany,R: Real,"771: Year-on-year changes, in per cent",1988-Q1,-0.5277,0: Units,,,,A: Normal value,F: Free,
dataflow,BIS:WS_SPP(1.0): Selected residential property prices,I,Q: Quarterly,DE: Germany,R: Real,"771: Year-on-year changes, in per cent",1988-Q2,0.4663,0: Units,,,,A: Normal value,F: Free,
dataflow,BIS:WS_SPP(1.0): Selected residential property prices,I,Q: Quarterly,DE: Germany,R: Real,"771: Year-on-year changes, in per cent",1988-Q3,1.005,0: Units,,,,A: Normal value,F: Free,
dataflow,BIS:WS_SPP(1.0): Selected residential property prices,I,Q: Quarterly,DE: Germany,R: Real,"771: Year-on-year changes, in per cent",1988-Q4,0.4379,0: Units,,,,A: Normal value,F: Free,
dataflow,BIS:WS_SPP(1.0): Selected residential property prices,I,Q: Quarterly,DE: Germany,R: Real,"771: Year-on-year changes, in per cent",1989-Q1,0.2125,0: Units,,,,A: Normal value,F: Free,
dataflow,BIS:WS_SPP(1.0): Selected residential property prices,I,Q: Quarterly,DE: Germany,R: Real,"771: Year-on-year changes, in per cent",1989-Q2,-0.4188,0: Units,,,,A: Normal value,F: Free,
dataflow,BIS:WS_SPP(1.0): Selected residential property prices,I,Q: Quarterly,DE: Germany,R: Real,"771: Year-on-year changes, in per cent",1989-Q3,0.2743,0: Units,,,,A: Normal value,F: Free,
dataflow,BIS:WS_SPP(1.0): Selected residential property prices,I,Q: Quarterly,DE: Germany,R: Real,"771: Year-on-year changes, in per cent",1989-Q4,1.529,0: Units,,,,A: Normal value,F: Free,
dataflow,BIS:WS_SPP(1.0): Selected residential property prices,I,Q: Quarterly,DE: Germany,R: Real,"771: Year-on-year changes, in per cent",1990-Q1,4.0094,0: Units,,,,A: Normal value,F: Free,
dataflow,BIS:WS_SPP(1.0): Selected residential property prices,I,Q: Quarterly,DE: Germany,R: Real,"771: Year-on-year changes, in per cent",1990-Q2,6.4162,0: Units,,,,A: Normal value,F: Free,
dataflow,BIS:WS_SPP(1.0): Selected residential property prices,I,Q: Quarterly,DE: Germany,R: Real,"771: Year-on-year changes, in per cent",1990-Q3,5.9089,0: Units,,,,A: Normal value,F: Free,
dataflow,BIS:WS_SPP(1.0): Selected residential property prices,I,Q: Quarterly,DE: Germany,R: Real,"771: Year-on-year changes, in per cent",1990-Q4,4.2444,0: Units,,,,A: Normal value,F: Free,
dataflow,BIS:WS_SPP(1.0): Selected residential property prices,I,Q: Quarterly,DE: Germany,R: Real,"771: Year-on-year changes, in per cent",1991-Q1,2.7754,0: Units,,,,A: Normal value,F: Free,
dataflow,BIS:WS_SPP(1.0): Selected residential property prices,I,Q: Quarterly,DE: Germany,R: Real,"771: Year-on-year changes, in per cent",1991-Q2,1.7517,0: Units,,,,A: Normal value,F: Free,
dataflow,BIS:WS_SPP(1.0): Selected residential property prices,I,Q: Quarterly,DE: Germany,R: Real,"771: Year-on-year changes, in per cent",1991-Q3,0.0777,0: Units,,,,A: Normal value,F: Free,
dataflow,BIS:WS_SPP(1.0): Selected residential property prices,I,Q: Quarterly,DE: Germany,R: Real,"771: Year-on-year changes, in per cent",1991-Q4,-0.287,0: Units,,,,A: Normal value,F: Free,
dataflow,BIS:WS_SPP(1.0): Selected residential property prices,I,Q: Quarterly,DE: Germany,R: Real,"771: Year-on-year changes, in per cent",1992-Q1,-0.3672,0: Units,,,,A: Normal value,F: Free,
dataflow,BIS:WS_SPP(1.0): Selected residential property prices,I,Q: Quarterly,DE: Germany,R: Real,"771: Year-on-year changes, in per cent",1992-Q2,-1.057,0: Units,,,,A: Normal value,F: Free,
dataflow,BIS:WS_SPP(1.0): Selected residential property prices,I,Q: Quarterly,DE: Germany,R: Real,"771: Year-on-year changes, in per cent",1992-Q3,0.3268,0: Units,,,,A: Normal value,F: Free,
dataflow,BIS:WS_SPP(1.0): Selected residential property prices,I,Q: Quarterly,DE: Germany,R: Real,"771: Year-on-year changes, in per cent",1992-Q4,1.2827,0: Units,,,,A: Normal value,F: Free,
dataflow,BIS:WS_SPP(1.0): Selected residential property prices,I,Q: Quarterly,DE: Germany,R: Real,"771: Year-on-year changes, in per cent",1993-Q1,0.0639,0: Units,,,,A: Normal value,F: Free,
dataflow,BIS:WS_SPP(1.0): Selected residential property prices,I,Q: Quarterly,DE: Germany,R: Real,"771: Year-on-year changes, in per cent",1993-Q2,-0.283,0: Units,,,,A: Normal value,F: Free,
dataflow,BIS:WS_SPP(1.0): Selected residential property prices,I,Q: Quarterly,DE: Germany,R: Real,"771: Year-on-year changes, in per cent",1993-Q3,-0.5946,0: Units,,,,A: Normal value,F: Free,
dataflow,BIS:WS_SPP(1.0): Selected residential property prices,I,Q: Quarterly,DE: Germany,R: Real,"771: Year-on-year changes, in per cent",1993-Q4,0.0549,0: Units,,,,A: Normal value,F: Free,
dataflow,BIS:WS_SPP(1.0): Selected residential property prices,I,Q: Quarterly,DE: Germany,R: Real,"771: Year-on-year changes, in per cent",1994-Q1,0.8503,0: Units,,,,A: Normal value,F: Free,
dataflow,BIS:WS_SPP(1.0): Selected residential property prices,I,Q: Quarterly,DE: Germany,R: Real,"771: Year-on-year changes, in per cent",1994-Q2,1.3383,0: Units,,,,A: Normal value,F: Free,
dataflow,BIS:WS_SPP(1.0): Selected residential property prices,I,Q: Quarterly,DE: Germany,R: Real,"771: Year-on-year changes, in per cent",1994-Q3,1.4238,0: Units,,,,A: Normal value,F: Free,
dataflow,BIS:WS_SPP(1.0): Selected residential property prices,I,Q: Quarterly,DE: Germany,R: Real,"771: Year-on-year changes, in per cent",1994-Q4,0.7086,0: Units,,,,A: Normal value,F: Free,
dataflow,BIS:WS_SPP(1.0): Selected residential property prices,I,Q: Quarterly,DE: Germany,R: Real,"771: Year-on-year changes, in per cent",1995-Q1,0.2469,0: Units,,,,A: Normal value,F: Free,
dataflow,BIS:WS_SPP(1.0): Selected residential property prices,I,Q: Quarterly,DE: Germany,R: Real,"771: Year-on-year changes, in per cent",1995-Q2,-0.4135,0: Units,,,,A: Normal value,F: Free,
dataflow,BIS:WS_SPP(1.0): Selected residential property prices,I,Q: Quarterly,DE: Germany,R: Real,"771: Year-on-year changes, in per cent",1995-Q3,-1.3916,0: Units,,,,A: Normal value,F: Free,
dataflow,BIS:WS_SPP(1.0): Selected residential property prices,I,Q: Quarterly,DE: Germany,R: Real,"771: Year-on-year changes, in per cent",1995-Q4,-1.4187,0: Units,,,,A: Normal value,F: Free,
dataflow,BIS:WS_SPP(1.0): Selected residential property prices,I,Q: Quarterly,DE: Germany,R: Real,"771: Year-on-year changes, in per cent",1996-Q1,-1.9826,0: Units,,,,A: Normal value,F: Free,
dataflow,BIS:WS_SPP(1.0): Selected residential property prices,I,Q: Quarterly,DE: Germany,R: Real,"771: Year-on-year changes, in per cent",1996-Q2,-2.8079,0: Units,,,,A: Normal value,F: Free,
dataflow,BIS:WS_SPP(1.0): Selected residential property prices,I,Q: Quarterly,DE: Germany,R: Real,"771: Year-on-year changes, in per cent",1996-Q3,-2.7365,0: Units,,,,A: Normal value,F: Free,
dataflow,BIS:WS_SPP(1.0): Selected residential property prices,I,Q: Quarterly,DE: Germany,R: Real,"771: Year-on-year changes, in per cent",1996-Q4,-3.3176,0: Units,,,,A: Normal value,F: Free,
dataflow,BIS:WS_SPP(1.0): Selected residential property prices,I,Q: Quarterly,DE: Germany,R: Real,"771: Year-on-year changes, in per cent",1997-Q1,-3.4928,0: Units,,,,A: Normal value,F: Free,
dataflow,BIS:WS_SPP(1.0): Selected residential property prices,I,Q: Quarterly,DE: Germany,R: Real,"771: Year-on-year changes, in per cent",1997-Q2,-3.3843,0: Units,,,,A: Normal value,F: Free,
dataflow,BIS:WS_SPP(1.0): Selected residential property prices,I,Q: Quarterly,DE: Germany,R: Real,"771: Year-on-year changes, in per cent",1997-Q3,-4.007,0: Units,,,,A: Normal value,F: Free,
dataflow,BIS:WS_SPP(1.0): Selected residential property prices,I,Q: Quarterly,DE: Germany,R: Real,"771: Year-on-year changes, in per cent",1997-Q4,-3.5713,0: Units,,,,A: Normal value,F: Free,
dataflow,BIS:WS_SPP(1.0): Selected residential property prices,I,Q: Quarterly,DE: Germany,R: Real,"771: Year-on-year changes, in per cent",1998-Q1,-2.7748,0: Units,,,,A: Normal value,F: Free,
dataflow,BIS:WS_SPP(1.0): Selected residential property prices,I,Q: Quarterly,DE: Germany,R: Real,"771: Year-on-year changes, in per cent",1998-Q2,-2.1473,0: Units,,,,A: Normal value,F: Free,
dataflow,BIS:WS_SPP(1.0): Selected residential property prices,I,Q: Quarterly,DE: Germany,R: Real,"771: Year-on-year changes, in per cent",1998-Q3,-1.3572,0: Units,,,,A: Normal value,F: Free,
dataflow,BIS:WS_SPP(1.0): Selected residential property prices,I,Q: Quarterly,DE: Germany,R: Real,"771: Year-on-year changes, in per cent",1998-Q4,-0.6384,0: Units,,,,A: Normal value,F: Free,
dataflow,BIS:WS_SPP(1.0): Selected residential property prices,I,Q: Quarterly,DE: Germany,R: Real,"771: Year-on-year changes, in per cent",1999-Q1,-0.2104,0: Units,,,,A: Normal value,F: Free,
dataflow,BIS:WS_SPP(1.0): Selected residential property prices,I,Q: Quarterly,DE: Germany,R: Real,"771: Year-on-year changes, in per cent",1999-Q2,-0.7406,0: Units,,,,A: Normal value,F: Free,
dataflow,BIS:WS_SPP(1.0): Selected residential property prices,I,Q: Quarterly,DE: Germany,R: Real,"771: Year-on-year changes, in per cent",1999-Q3,-0.6199,0: Units,,,,A: Normal value,F: Free,
dataflow,BIS:WS_SPP(1.0): Selected residential property prices,I,Q: Quarterly,DE: Germany,R: Real,"771: Year-on-year changes, in per cent",1999-Q4,-0.9344,0: Units,,,,A: Normal value,F: Free,
dataflow,BIS:WS_SPP(1.0): Selected residential property prices,I,Q: Quarterly,DE: Germany,R: Real,"771: Year-on-year changes, in per cent",2000-Q1,-1.0463,0: Units,,,,A: Normal value,F: Free,
dataflow,BIS:WS_SPP(1.0): Selected residential property prices,I,Q: Quarterly,DE: Germany,R: Real,"771: Year-on-year changes, in per cent",2000-Q2,-0.4312,0: Units,,,,A: Normal value,F: Free,
dataflow,BIS:WS_SPP(1.0): Selected residential property prices,I,Q: Quarterly,DE: Germany,R: Real,"771: Year-on-year changes, in per cent",2000-Q3,-0.7638,0: Units,,,,A: Normal value,F: Free,
dataflow,BIS:WS_SPP(1.0): Selected residential property prices,I,Q: Quarterly,DE: Germany,R: Real,"771: Year-on-year changes, in per cent",2000-Q4,-1.1714,0: Units,,,,A: Normal value,F: Free,
dataflow,BIS:WS_SPP(1.0): Selected residential property prices,I,Q: Quarterly,DE: Germany,R: Real,"771: Year-on-year changes, in per cent",2001-Q1,-1.474,0: Units,,,,A: Normal value,F: Free,
dataflow,BIS:WS_SPP(1.0): Selected residential property prices,I,Q: Quarterly,DE: Germany,R: Real,"771: Year-on-year changes, in per cent",2001-Q2,-2.3751,0: Units,,,,A: Normal value,F: Free,
dataflow,BIS:WS_SPP(1.0): Selected residential property prices,I,Q: Quarterly,DE: Germany,R: Real,"771: Year-on-year changes, in per cent",2001-Q3,-1.9796,0: Units,,,,A: Normal value,F: Free,
dataflow,BIS:WS_SPP(1.0): Selected residential property prices,I,Q: Quarterly,DE: Germany,R: Real,"771: Year-on-year changes, in per cent",2001-Q4,-2.084,0: Units,,,,A: Normal value,F: Free,
dataflow,BIS:WS_SPP(1.0): Selected residential property prices,I,Q: Quarterly,DE: Germany,R: Real,"771: Year-on-year changes, in per cent",2002-Q1,-2.444,0: Units,,,,A: Normal value,F: Free,
dataflow,BIS:WS_SPP(1.0): Selected residential property prices,I,Q: Quarterly,DE: Germany,R: Real,"771: Year-on-year changes, in per cent",2002-Q2,-1.922,0: Units,,,,A: Normal value,F: Free,
dataflow,BIS:WS_SPP(1.0): Selected residential property prices,I,Q: Quarterly,DE: Germany,R: Real,"771: Year-on-year changes, in per cent",2002-Q3,-2.0325,0: Units,,,,A: Normal value,F: Free,
dataflow,BIS:WS_SPP(1.0): Selected residential property prices,I,Q: Quarterly,DE: Germany,R: Real,"771: Year-on-year changes, in per cent",2002-Q4,-2.0194,0: Units,,,,A: Normal value,F: Free,
dataflow,BIS:WS_SPP(1.0): Selected residential property prices,I,Q: Quarterly,DE: Germany,R: Real,"771: Year-on-year changes, in per cent",2003-Q1,-2.1565,0: Units,,,,A: Normal value,F: Free,
dataflow,BIS:WS_SPP(1.0): Selected residential property prices,I,Q: Quarterly,DE: Germany,R: Real,"771: Year-on-year changes, in per cent",2003-Q2,-2.1363,0: Units,,,,A: Normal value,F: Free,
dataflow,BIS:WS_SPP(1.0): Selected residential property prices,I,Q: Quarterly,DE: Germany,R: Real,"771: Year-on-year changes, in per cent",2003-Q3,-2.5354,0: Units,,,,A: Normal value,F: Free,
dataflow,BIS:WS_SPP(1.0): Selected residential property prices,I,Q: Quarterly,DE: Germany,R: Real,"771: Year-on-year changes, in per cent",2003-Q4,-2.8148,0: Units,,,,A: Normal value,F: Free,
dataflow,BIS:WS_SPP(1.0): Selected residential property prices,I,Q: Quarterly,DE: Germany,R: Real,"771: Year-on-year changes, in per cent",2004-Q1,-2.9635,0: Units,,,,A: Normal value,F: Free,
dataflow,BIS:WS_SPP(1.0): Selected residential property prices,I,Q: Quarterly,DE: Germany,R: Real,"771: Year-on-year changes, in per cent",2004-Q2,-2.9667,0: Units,,,,A: Normal value,F: Free,
dataflow,BIS:WS_SPP(1.0): Selected residential property prices,I,Q: Quarterly,DE: Germany,R: Real,"771: Year-on-year changes, in per cent",2004-Q3,-2.8025,0: Units,,,,A: Normal value,F: Free,
dataflow,BIS:WS_SPP(1.0): Selected residential property prices,I,Q: Quarterly,DE: Germany,R: Real,"771: Year-on-year changes, in per cent",2004-Q4,-2.7679,0: Units,,,,A: Normal value,F: Free,
dataflow,BIS:WS_SPP(1.0): Selected residential property prices,I,Q: Quarterly,DE: Germany,R: Real,"771: Year-on-year changes, in per cent",2005-Q1,-1.9395,0: Units,,,,A: Normal value,F: Free,
dataflow,BIS:WS_SPP(1.0): Selected residential property prices,I,Q: Quarterly,DE: Germany,R: Real,"771: Year-on-year changes, in per cent",2005-Q2,-2.5143,0: Units,,,,A: Normal value,F: Free,
dataflow,BIS:WS_SPP(1.0): Selected residential property prices,I,Q: Quarterly,DE: Germany,R: Real,"771: Year-on-year changes, in per cent",2005-Q3,-2.8395,0: Units,,,,A: Normal value,F: Free,
dataflow,BIS:WS_SPP(1.0): Selected residential property prices,I,Q: Quarterly,DE: Germany,R: Real,"771: Year-on-year changes, in per cent",2005-Q4,-2.3943,0: Units,,,,A: Normal value,F: Free,
dataflow,BIS:WS_SPP(1.0): Selected residential property prices,I,Q: Quarterly,DE: Germany,R: Real,"771: Year-on-year changes, in per cent",2006-Q1,-3.4333,0: Units,,,,A: Normal value,F: Free,
dataflow,BIS:WS_SPP(1.0): Selected residential property prices,I,Q: Quarterly,DE: Germany,R: Real,"771: Year-on-year changes, in per cent",2006-Q2,-1.7214,0: Units,,,,A: Normal value,F: Free,
dataflow,BIS:WS_SPP(1.0): Selected residential property prices,I,Q: Quarterly,DE: Germany,R: Real,"771: Year-on-year changes, in per cent",2006-Q3,0.054,0: Units,,,,A: Normal value,F: Free,
dataflow,BIS:WS_SPP(1.0): Selected residential property prices,I,Q: Quarterly,DE: Germany,R: Real,"771: Year-on-year changes, in per cent",2006-Q4,-1.1344,0: Units,,,,A: Normal value,F: Free,
dataflow,BIS:WS_SPP(1.0): Selected residential property prices,I,Q: Quarterly,DE: Germany,R: Real,"771: Year-on-year changes, in per cent",2007-Q1,-0.8728,0: Units,,,,A: Normal value,F: Free,
dataflow,BIS:WS_SPP(1.0): Selected residential property prices,I,Q: Quarterly,DE: Germany,R: Real,"771: Year-on-year changes, in per cent",2007-Q2,-2.6961,0: Units,,,,A: Normal value,F: Free,
dataflow,BIS:WS_SPP(1.0): Selected residential property prices,I,Q: Quarterly,DE: Germany,R: Real,"771: Year-on-year changes, in per cent",2007-Q3,-3.4853,0: Units,,,,A: Normal value,F: Free,
dataflow,BIS:WS_SPP(1.0): Selected residential property prices,I,Q: Quarterly,DE: Germany,R: Real,"771: Year-on-year changes, in per cent",2007-Q4,-2.8195,0: Units,,,,A: Normal value,F: Free,
dataflow,BIS:WS_SPP(1.0): Selected residential property prices,I,Q: Quarterly,DE: Germany,R: Real,"771: Year-on-year changes, in per cent",2008-Q1,-0.1235,0: Units,,,,A: Normal value,F: Free,
dataflow,BIS:WS_SPP(1.0): Selected residential property prices,I,Q: Quarterly,DE: Germany,R: Real,"771: Year-on-year changes, in per cent",2008-Q2,1.2049,0: Units,,,,A: Normal value,F: Free,
dataflow,BIS:WS_SPP(1.0): Selected residential property prices,I,Q: Quarterly,DE: Germany,R: Real,"771: Year-on-year changes, in per cent",2008-Q3,-0.1463,0: Units,,,,A: Normal value,F: Free,
dataflow,BIS:WS_SPP(1.0): Selected residential property prices,I,Q: Quarterly,DE: Germany,R: Real,"771: Year-on-year changes, in per cent",2008-Q4,1.8336,0: Units,,,,A: Normal value,F: Free,
dataflow,BIS:WS_SPP(1.0): Selected residential property prices,I,Q: Quarterly,DE: Germany,R: Real,"771: Year-on-year changes, in per cent",2009-Q1,0.0881,0: Units,,,,A: Normal value,F: Free,
dataflow,BIS:WS_SPP(1.0): Selected residential property prices,I,Q: Quarterly,DE: Germany,R: Real,"771: Year-on-year changes, in per cent",2009-Q2,-1.7278,0: Units,,,,A: Normal value,F: Free,
dataflow,BIS:WS_SPP(1.0): Selected residential property prices,I,Q: Quarterly,DE: Germany,R: Real,"771: Year-on-year changes, in per cent",2009-Q3,-0.669,0: Units,,,,A: Normal value,F: Free,
dataflow,BIS:WS_SPP(1.0): Selected residential property prices,I,Q: Quarterly,DE: Germany,R: Real,"771: Year-on-year changes, in per cent",2009-Q4,-1.66,0: Units,,,,A: Normal value,F: Free,
dataflow,BIS:WS_SPP(1.0): Selected residential property prices,I,Q: Quarterly,DE: Germany,R: Real,"771: Year-on-year changes, in per cent",2010-Q1,-2.4676,0: Units,,,,A: Normal value,F: Free,
dataflow,BIS:WS_SPP(1.0): Selected residential property prices,I,Q: Quarterly,DE: Germany,R: Real,"771: Year-on-year changes, in per cent",2010-Q2,-0.42,0: Units,,,,A: Normal value,F: Free,
dataflow,BIS:WS_SPP(1.0): Selected residential property prices,I,Q: Quarterly,DE: Germany,R: Real,"771: Year-on-year changes, in per cent",2010-Q3,0.5525,0: Units,,,,A: Normal value,F: Free,
dataflow,BIS:WS_SPP(1.0): Selected residential property prices,I,Q: Quarterly,DE: Germany,R: Real,"771: Year-on-year changes, in per cent",2010-Q4,0.2447,0: Units,,,,A: Normal value,F: Free,
dataflow,BIS:WS_SPP(1.0): Selected residential property prices,I,Q: Quarterly,DE: Germany,R: Real,"771: Year-on-year changes, in per cent",2011-Q1,1.0594,0: Units,,,,A: Normal value,F: Free,
dataflow,BIS:WS_SPP(1.0): Selected residential property prices,I,Q: Quarterly,DE: Germany,R: Real,"771: Year-on-year changes, in per cent",2011-Q2,0.1833,0: Units,,,,A: Normal value,F: Free,
dataflow,BIS:WS_SPP(1.0): Selected residential property prices,I,Q: Quarterly,DE: Germany,R: Real,"771: Year-on-year changes, in per cent",2011-Q3,0.2564,0: Units,,,,A: Normal value,F: Free,
dataflow,BIS:WS_SPP(1.0): Selected residential property prices,I,Q: Quarterly,DE: Germany,R: Real,"771: Year-on-year changes, in per cent",2011-Q4,-0.0909,0: Units,,,,A: Normal value,F: Free,
dataflow,BIS:WS_SPP(1.0): Selected residential property prices,I,Q: Quarterly,DE: Germany,R: Real,"771: Year-on-year changes, in per cent",2012-Q1,0.5063,0: Units,,,,A: Normal value,F: Free,
dataflow,BIS:WS_SPP(1.0): Selected residential property prices,I,Q: Quarterly,DE: Germany,R: Real,"771: Year-on-year changes, in per cent",2012-Q2,1.6294,0: Units,,,,A: Normal value,F: Free,
dataflow,BIS:WS_SPP(1.0): Selected residential property prices,I,Q: Quarterly,DE: Germany,R: Real,"771: Year-on-year changes, in per cent",2012-Q3,0.4265,0: Units,,,,A: Normal value,F: Free,
dataflow,BIS:WS_SPP(1.0): Selected residential property prices,I,Q: Quarterly,DE: Germany,R: Real,"771: Year-on-year changes, in per cent",2012-Q4,1.3214,0: Units,,,,A: Normal value,F: Free,
dataflow,BIS:WS_SPP(1.0): Selected residential property prices,I,Q: Quarterly,DE: Germany,R: Real,"771: Year-on-year changes, in per cent",2013-Q1,1.5336,0: Units,,,,A: Normal value,F: Free,
dataflow,BIS:WS_SPP(1.0): Selected residential property prices,I,Q: Quarterly,DE: Germany,R: Real,"771: Year-on-year changes, in per cent",2013-Q2,1.503,0: Units,,,,A: Normal value,F: Free,
dataflow,BIS:WS_SPP(1.0): Selected residential property prices,I,Q: Quarterly,DE: Germany,R: Real,"771: Year-on-year changes, in per cent",2013-Q3,2.0647,0: Units,,,,A: Normal value,F: Free,
dataflow,BIS:WS_SPP(1.0): Selected residential property prices,I,Q: Quarterly,DE: Germany,R: Real,"771: Year-on-year changes, in per cent",2013-Q4,0.9673,0: Units,,,,A: Normal value,F: Free,
dataflow,BIS:WS_SPP(1.0): Selected residential property prices,I,Q: Quarterly,DE: Germany,R: Real,"771: Year-on-year changes, in per cent",2014-Q1,1.0956,0: Units,,,,A: Normal value,F: Free,
dataflow,BIS:WS_SPP(1.0): Selected residential property prices,I,Q: Quarterly,DE: Germany,R: Real,"771: Year-on-year changes, in per cent",2014-Q2,2.1948,0: Units,,,,A: Normal value,F: Free,
dataflow,BIS:WS_SPP(1.0): Selected residential property prices,I,Q: Quarterly,DE: Germany,R: Real,"771: Year-on-year changes, in per cent",2014-Q3,2.0679,0: Units,,,,A: Normal value,F: Free,
dataflow,BIS:WS_SPP(1.0): Selected residential property prices,I,Q: Quarterly,DE: Germany,R: Real,"771: Year-on-year changes, in per cent",2014-Q4,2.8984,0: Units,,,,A: Normal value,F: Free,
dataflow,BIS:WS_SPP(1.0): Selected residential property prices,I,Q: Quarterly,DE: Germany,R: Real,"771: Year-on-year changes, in per cent",2015-Q1,4.1975,0: Units,,,,A: Normal value,F: Free,
dataflow,BIS:WS_SPP(1.0): Selected residential property prices,I,Q: Quarterly,DE: Germany,R: Real,"771: Year-on-year changes, in per cent",2015-Q2,3.4376,0: Units,,,,A: Normal value,F: Free,
dataflow,BIS:WS_SPP(1.0): Selected residential property prices,I,Q: Quarterly,DE: Germany,R: Real,"771: Year-on-year changes, in per cent",2015-Q3,3.6749,0: Units,,,,A: Normal value,F: Free,
dataflow,BIS:WS_SPP(1.0): Selected residential property prices,I,Q: Quarterly,DE: Germany,R: Real,"771: Year-on-year changes, in per cent",2015-Q4,5.3875,0: Units,,,,A: Normal value,F: Free,
dataflow,BIS:WS_SPP(1.0): Selected residential property prices,I,Q: Quarterly,DE: Germany,R: Real,"771: Year-on-year changes, in per cent",2016-Q1,5.9486,0: Units,,,,A: Normal value,F: Free,
dataflow,BIS:WS_SPP(1.0): Selected residential property prices,I,Q: Quarterly,DE: Germany,R: Real,"771: Year-on-year changes, in per cent",2016-Q2,6.7202,0: Units,,,,A: Normal value,F: Free,
dataflow,BIS:WS_SPP(1.0): Selected residential property prices,I,Q: Quarterly,DE: Germany,R: Real,"771: Year-on-year changes, in per cent",2016-Q3,7.6777,0: Units,,,,A: Normal value,F: Free,
dataflow,BIS:WS_SPP(1.0): Selected residential property prices,I,Q: Quarterly,DE: Germany,R: Real,"771: Year-on-year changes, in per cent",2016-Q4,7.3732,0: Units,,,,A: Normal value,F: Free,
dataflow,BIS:WS_SPP(1.0): Selected residential property prices,I,Q: Quarterly,DE: Germany,R: Real,"771: Year-on-year changes, in per cent",2017-Q1,5.2325,0: Units,,,,A: Normal value,F: Free,
dataflow,BIS:WS_SPP(1.0): Selected residential property prices,I,Q: Quarterly,DE: Germany,R: Real,"771: Year-on-year changes, in per cent",2017-Q2,4.3915,0: Units,,,,A: Normal value,F: Free,
dataflow,BIS:WS_SPP(1.0): Selected residential property prices,I,Q: Quarterly,DE: Germany,R: Real,"771: Year-on-year changes, in per cent",2017-Q3,4.1224,0: Units,,,,A: Normal value,F: Free,
dataflow,BIS:WS_SPP(1.0): Selected residential property prices,I,Q: Quarterly,DE: Germany,R: Real,"771: Year-on-year changes, in per cent",2017-Q4,4.7238,0: Units,,,,A: Normal value,F: Free,
dataflow,BIS:WS_SPP(1.0): Selected residential property prices,I,Q: Quarterly,DE: Germany,R: Real,"771: Year-on-year changes, in per cent",2018-Q1,5.2071,0: Units,,,,A: Normal value,F: Free,
dataflow,BIS:WS_SPP(1.0): Selected residential property prices,I,Q: Quarterly,DE: Germany,R: Real,"771: Year-on-year changes, in per cent",2018-Q2,4.7633,0: Units,,,,A: Normal value,F: Free,
dataflow,BIS:WS_SPP(1.0): Selected residential property prices,I,Q: Quarterly,DE: Germany,R: Real,"771: Year-on-year changes, in per cent",2018-Q3,5.0169,0: Units,,,,A: Normal value,F: Free,
dataflow,BIS:WS_SPP(1.0): Selected residential property prices,I,Q: Quarterly,DE: Germany,R: Real,"771: Year-on-year changes, in per cent",2018-Q4,4.1688,0: Units,,,,A: Normal value,F: Free,
dataflow,BIS:WS_SPP(1.0): Selected residential property prices,I,Q: Quarterly,DE: Germany,R: Real,"771: Year-on-year changes, in per cent",2019-Q1,3.8593,0: Units,,,,A: Normal value,F: Free,
dataflow,BIS:WS_SPP(1.0): Selected residential property prices,I,Q: Quarterly,DE: Germany,R: Real,"771: Year-on-year changes, in per cent",2019-Q2,4.2125,0: Units,,,,A: Normal value,F: Free,
dataflow,BIS:WS_SPP(1.0): Selected residential property prices,I,Q: Quarterly,DE: Germany,R: Real,"771: Year-on-year changes, in per cent",2019-Q3,3.8637,0: Units,,,,A: Normal value,F: Free,
dataflow,BIS:WS_SPP(1.0): Selected residential property prices,I,Q: Quarterly,DE: Germany,R: Real,"771: Year-on-year changes, in per cent",2019-Q4,5.2159,0: Units,,,,A: Normal value,F: Free,
dataflow,BIS:WS_SPP(1.0): Selected residential property prices,I,Q: Quarterly,DE: Germany,R: Real,"771: Year-on-year changes, in per cent",2020-Q1,5.2431,0: Units,,,,A: Normal value,F: Free,
dataflow,BIS:WS_SPP(1.0): Selected residential property prices,I,Q: Quarterly,DE: Germany,R: Real,"771: Year-on-year changes, in per cent",2020-Q2,5.7222,0: Units,,,,A: Normal value,F: Free,
dataflow,BIS:WS_SPP(1.0): Selected residential property prices,I,Q: Quarterly,DE: Germany,R: Real,"771: Year-on-year changes, in per cent",2020-Q3,8.824,0: Units,,,,A: Normal value,F: Free,
dataflow,BIS:WS_SPP(1.0): Selected residential property prices,I,Q: Quarterly,DE: Germany,R: Real,"771: Year-on-year changes, in per cent",2020-Q4,8.8546,0: Units,,,,A: Normal value,F: Free,
dataflow,BIS:WS_SPP(1.0): Selected residential property prices,I,Q: Quarterly,DE: Germany,R: Real,"771: Year-on-year changes, in per cent",2021-Q1,7.7456,0: Units,,,,A: Normal value,F: Free,
dataflow,BIS:WS_SPP(1.0): Selected residential property prices,I,Q: Quarterly,DE: Germany,R: Real,"771: Year-on-year changes, in per cent",2021-Q2,9.156,0: Units,,,,A: Normal value,F: Free,
dataflow,BIS:WS_SPP(1.0): Selected residential property prices,I,Q: Quarterly,DE: Germany,R: Real,"771: Year-on-year changes, in per cent",2021-Q3,8.5224,0: Units,,,,A: Normal value,F: Free,
dataflow,BIS:WS_SPP(1.0): Selected residential property prices,I,Q: Quarterly,DE: Germany,R: Real,"771: Year-on-year changes, in per cent",2021-Q4,7.6297,0: Units,,,,A: Normal value,F: Free,
dataflow,BIS:WS_SPP(1.0): Selected residential property prices,I,Q: Quarterly,DE: Germany,R: Real,"771: Year-on-year changes, in per cent",2022-Q1,7.082,0: Units,,,,A: Normal value,F: Free,
dataflow,BIS:WS_SPP(1.0): Selected residential property prices,I,Q: Quarterly,DE: Germany,R: Real,"771: Year-on-year changes, in per cent",2022-Q2,3.2747,0: Units,,,,A: Normal value,F: Free,
dataflow,BIS:WS_SPP(1.0): Selected residential property prices,I,Q: Quarterly,DE: Germany,R: Real,"771: Year-on-year changes, in per cent",2022-Q3,-2.1292,0: Units,,,,A: Normal value,F: Free,
dataflow,BIS:WS_SPP(1.0): Selected residential property prices,I,Q: Quarterly,DE: Germany,R: Real,"771: Year-on-year changes, in per cent",2022-Q4,-10.2373,0: Units,,,,A: Normal value,F: Free,
dataflow,BIS:WS_SPP(1.0): Selected residential property prices,I,Q: Quarterly,DE: Germany,R: Real,"771: Year-on-year changes, in per cent",2023-Q1,-13.4542,0: Units,,,,A: Normal value,F: Free,
dataflow,BIS:WS_SPP(1.0): Selected residential property prices,I,Q: Quarterly,DE: Germany,R: Real,"771: Year-on-year changes, in per cent",2023-Q2,-14.965,0: Units,,,,A: Normal value,F: Free,
dataflow,BIS:WS_SPP(1.0): Selected residential property prices,I,Q: Quarterly,DE: Germany,R: Real,"771: Year-on-year changes, in per cent",2023-Q3,-14.9584,0: Units,,,,A: Normal value,F: Free,
dataflow,BIS:WS_SPP(1.0): Selected residential property prices,I,Q: Quarterly,DE: Germany,R: Real,"771: Year-on-year changes, in per cent",2023-Q4,-10.7822,0: Units,,,,A: Normal value,F: Free,
dataflow,BIS:WS_SPP(1.0): Selected residential property prices,I,Q: Quarterly,DE: Germany,R: Real,"771: Year-on-year changes, in per cent",2024-Q1,-7.4926,0: Units,,,,A: Normal value,F: Free,
dataflow,BIS:WS_SPP(1.0): Selected residential property prices,I,Q: Quarterly,DE: Germany,R: Real,"771: Year-on-year changes, in per cent",2024-Q2,-4.6966,0: Units,,,,A: Normal value,F: Free,
dataflow,BIS:WS_SPP(1.0): Selected residential property prices,I,Q: Quarterly,DE: Germany,R: Real,"771: Year-on-year changes, in per cent",2024-Q3,-2.0937,0: Units,,,,A: Normal value,F: Free,
dataflow,BIS:WS_SPP(1.0): Selected residential property prices,I,Q: Quarterly,DE: Germany,R: Real,"771: Year-on-year changes, in per cent",2024-Q4,-0.4115,0: Units,,,,A: Normal value,F: Free,
dataflow,BIS:WS_SPP(1.0): Selected residential property prices,I,Q: Quarterly,DE: Germany,R: Real,"771: Year-on-year changes, in per cent",2025-Q1,1.4783,0: Units,,,,A: Normal value,F: Free,
dataflow,BIS:WS_SPP(1.0): Selected residential property prices,I,Q: Quarterly,DE: Germany,R: Real,"771: Year-on-year changes, in per cent",2025-Q2,1.2131,0: Units,,,,A: Normal value,F: Free,
dataflow,BIS:WS_SPP(1.0): Selected residential property prices,I,Q: Quarterly,DE: Germany,R: Real,"771: Year-on-year changes, in per cent",2025-Q3,0.9559,0: Units,,,,A: Normal value,F: Free,
dataflow,BIS:WS_SPP(1.0): Selected residential property prices,I,Q: Quarterly,DE: Germany,R: Real,"771: Year-on-year changes, in per cent",2025-Q4,0.3874,0: Units,,,,A: Normal value,F: Free,
dataflow,BIS:WS_SPP(1.0): Selected residential property prices,I,Q: Quarterly,DE: Germany,R: Real,"771: Year-on-year changes, in per cent",2026-Q1,-0.805,0: Units,,,,A: Normal value,F: Free,
dataflow,BIS:WS_SPP(1.0): Selected residential property prices,I,Q: Quarterly,IT: Italy,R: Real,"628: Index, 2010 = 100",1947-Q1,32.0416,0: Units,,,,A: Normal value,F: Free,
dataflow,BIS:WS_SPP(1.0): Selected residential property prices,I,Q: Quarterly,IT: Italy,R: Real,"628: Index, 2010 = 100",1947-Q2,29.9313,0: Units,,,,A: Normal value,F: Free,
dataflow,BIS:WS_SPP(1.0): Selected residential property prices,I,Q: Quarterly,IT: Italy,R: Real,"628: Index, 2010 = 100",1947-Q3,27.9126,0: Units,,,,A: Normal value,F: Free,
dataflow,BIS:WS_SPP(1.0): Selected residential property prices,I,Q: Quarterly,IT: Italy,R: Real,"628: Index, 2010 = 100",1947-Q4,29.1209,0: Units,,,,A: Normal value,F: Free,
dataflow,BIS:WS_SPP(1.0): Selected residential property prices,I,Q: Quarterly,IT: Italy,R: Real,"628: Index, 2010 = 100",1948-Q1,33.8255,0: Units,,,,A: Normal value,F: Free,
dataflow,BIS:WS_SPP(1.0): Selected residential property prices,I,Q: Quarterly,IT: Italy,R: Real,"628: Index, 2010 = 100",1948-Q2,34.5082,0: Units,,,,A: Normal value,F: Free,
dataflow,BIS:WS_SPP(1.0): Selected residential property prices,I,Q: Quarterly,IT: Italy,R: Real,"628: Index, 2010 = 100",1948-Q3,32.5589,0: Units,,,,A: Normal value,F: Free,
dataflow,BIS:WS_SPP(1.0): Selected residential property prices,I,Q: Quarterly,IT: Italy,R: Real,"628: Index, 2010 = 100",1948-Q4,32.9004,0: Units,,,,A: Normal value,F: Free,
dataflow,BIS:WS_SPP(1.0): Selected residential property prices,I,Q: Quarterly,IT: Italy,R: Real,"628: Index, 2010 = 100",1949-Q1,33.1631,0: Units,,,,A: Normal value,F: Free,
dataflow,BIS:WS_SPP(1.0): Selected residential property prices,I,Q: Quarterly,IT: Italy,R: Real,"628: Index, 2010 = 100",1949-Q2,32.9017,0: Units,,,,A: Normal value,F: Free,
dataflow,BIS:WS_SPP(1.0): Selected residential property prices,I,Q: Quarterly,IT: Italy,R: Real,"628: Index, 2010 = 100",1949-Q3,30.8969,0: Units,,,,A: Normal value,F: Free,
dataflow,BIS:WS_SPP(1.0): Selected residential property prices,I,Q: Quarterly,IT: Italy,R: Real,"628: Index, 2010 = 100",1949-Q4,30.3238,0: Units,,,,A: Normal value,F: Free,
dataflow,BIS:WS_SPP(1.0): Selected residential property prices,I,Q: Quarterly,IT: Italy,R: Real,"628: Index, 2010 = 100",1950-Q1,30.5506,0: Units,,,,A: Normal value,F: Free,
dataflow,BIS:WS_SPP(1.0): Selected residential property prices,I,Q: Quarterly,IT: Italy,R: Real,"628: Index, 2010 = 100",1950-Q2,32.3249,0: Units,,,,A: Normal value,F: Free,
dataflow,BIS:WS_SPP(1.0): Selected residential property prices,I,Q: Quarterly,IT: Italy,R: Real,"628: Index, 2010 = 100",1950-Q3,33.9838,0: Units,,,,A: Normal value,F: Free,
dataflow,BIS:WS_SPP(1.0): Selected residential property prices,I,Q: Quarterly,IT: Italy,R: Real,"628: Index, 2010 = 100",1950-Q4,33.8759,0: Units,,,,A: Normal value,F: Free,
dataflow,BIS:WS_SPP(1.0): Selected residential property prices,I,Q: Quarterly,IT: Italy,R: Real,"628: Index, 2010 = 100",1951-Q1,34.863,0: Units,,,,A: Normal value,F: Free,
dataflow,BIS:WS_SPP(1.0): Selected residential property prices,I,Q: Quarterly,IT: Italy,R: Real,"628: Index, 2010 = 100",1951-Q2,36.0624,0: Units,,,,A: Normal value,F: Free,
dataflow,BIS:WS_SPP(1.0): Selected residential property prices,I,Q: Quarterly,IT: Italy,R: Real,"628: Index, 2010 = 100",1951-Q3,35.5275,0: Units,,,,A: Normal value,F: Free,
dataflow,BIS:WS_SPP(1.0): Selected residential property prices,I,Q: Quarterly,IT: Italy,R: Real,"628: Index, 2010 = 100",1951-Q4,34.9183,0: Units,,,,A: Normal value,F: Free,
dataflow,BIS:WS_SPP(1.0): Selected residential property prices,I,Q: Quarterly,IT: Italy,R: Real,"628: Index, 2010 = 100",1952-Q1,34.5219,0: Units,,,,A: Normal value,F: Free,
dataflow,BIS:WS_SPP(1.0): Selected residential property prices,I,Q: Quarterly,IT: Italy,R: Real,"628: Index, 2010 = 100",1952-Q2,34.5371,0: Units,,,,A: Normal value,F: Free,
dataflow,BIS:WS_SPP(1.0): Selected residential property prices,I,Q: Quarterly,IT: Italy,R: Real,"628: Index, 2010 = 100",1952-Q3,34.6009,0: Units,,,,A: Normal value,F: Free,
dataflow,BIS:WS_SPP(1.0): Selected residential property prices,I,Q: Quarterly,IT: Italy,R: Real,"628: Index, 2010 = 100",1952-Q4,34.6582,0: Units,,,,A: Normal value,F: Free,
dataflow,BIS:WS_SPP(1.0): Selected residential property prices,I,Q: Quarterly,IT: Italy,R: Real,"628: Index, 2010 = 100",1953-Q1,34.1968,0: Units,,,,A: Normal value,F: Free,
dataflow,BIS:WS_SPP(1.0): Selected residential property prices,I,Q: Quarterly,IT: Italy,R: Real,"628: Index, 2010 = 100",1953-Q2,34.7797,0: Units,,,,A: Normal value,F: Free,
dataflow,BIS:WS_SPP(1.0): Selected residential property prices,I,Q: Quarterly,IT: Italy,R: Real,"628: Index, 2010 = 100",1953-Q3,33.7583,0: Units,,,,A: Normal value,F: Free,
dataflow,BIS:WS_SPP(1.0): Selected residential property prices,I,Q: Quarterly,IT: Italy,R: Real,"628: Index, 2010 = 100",1953-Q4,34.0667,0: Units,,,,A: Normal value,F: Free,
dataflow,BIS:WS_SPP(1.0): Selected residential property prices,I,Q: Quarterly,IT: Italy,R: Real,"628: Index, 2010 = 100",1954-Q1,34.5471,0: Units,,,,A: Normal value,F: Free,
dataflow,BIS:WS_SPP(1.0): Selected residential property prices,I,Q: Quarterly,IT: Italy,R: Real,"628: Index, 2010 = 100",1954-Q2,34.4965,0: Units,,,,A: Normal value,F: Free,
dataflow,BIS:WS_SPP(1.0): Selected residential property prices,I,Q: Quarterly,IT: Italy,R: Real,"628: Index, 2010 = 100",1954-Q3,34.793,0: Units,,,,A: Normal value,F: Free,
dataflow,BIS:WS_SPP(1.0): Selected residential property prices,I,Q: Quarterly,IT: Italy,R: Real,"628: Index, 2010 = 100",1954-Q4,35.0667,0: Units,,,,A: Normal value,F: Free,
dataflow,BIS:WS_SPP(1.0): Selected residential property prices,I,Q: Quarterly,IT: Italy,R: Real,"628: Index, 2010 = 100",1955-Q1,35.1262,0: Units,,,,A: Normal value,F: Free,
dataflow,BIS:WS_SPP(1.0): Selected residential property prices,I,Q: Quarterly,IT: Italy,R: Real,"628: Index, 2010 = 100",1955-Q2,34.903,0: Units,,,,A: Normal value,F: Free,
dataflow,BIS:WS_SPP(1.0): Selected residential property prices,I,Q: Quarterly,IT: Italy,R: Real,"628: Index, 2010 = 100",1955-Q3,34.6183,0: Units,,,,A: Normal value,F: Free,
dataflow,BIS:WS_SPP(1.0): Selected residential property prices,I,Q: Quarterly,IT: Italy,R: Real,"628: Index, 2010 = 100",1955-Q4,34.3342,0: Units,,,,A: Normal value,F: Free,
dataflow,BIS:WS_SPP(1.0): Selected residential property prices,I,Q: Quarterly,IT: Italy,R: Real,"628: Index, 2010 = 100",1956-Q1,34.6901,0: Units,,,,A: Normal value,F: Free,
dataflow,BIS:WS_SPP(1.0): Selected residential property prices,I,Q: Quarterly,IT: Italy,R: Real,"628: Index, 2010 = 100",1956-Q2,34.6271,0: Units,,,,A: Normal value,F: Free,
dataflow,BIS:WS_SPP(1.0): Selected residential property prices,I,Q: Quarterly,IT: Italy,R: Real,"628: Index, 2010 = 100",1956-Q3,34.3503,0: Units,,,,A: Normal value,F: Free,
dataflow,BIS:WS_SPP(1.0): Selected residential property prices,I,Q: Quarterly,IT: Italy,R: Real,"628: Index, 2010 = 100",1956-Q4,34.7036,0: Units,,,,A: Normal value,F: Free,
dataflow,BIS:WS_SPP(1.0): Selected residential property prices,I,Q: Quarterly,IT: Italy,R: Real,"628: Index, 2010 = 100",1957-Q1,35.1208,0: Units,,,,A: Normal value,F: Free,
dataflow,BIS:WS_SPP(1.0): Selected residential property prices,I,Q: Quarterly,IT: Italy,R: Real,"628: Index, 2010 = 100",1957-Q2,35.0605,0: Units,,,,A: Normal value,F: Free,
dataflow,BIS:WS_SPP(1.0): Selected residential property prices,I,Q: Quarterly,IT: Italy,R: Real,"628: Index, 2010 = 100",1957-Q3,35.0145,0: Units,,,,A: Normal value,F: Free,
dataflow,BIS:WS_SPP(1.0): Selected residential property prices,I,Q: Quarterly,IT: Italy,R: Real,"628: Index, 2010 = 100",1957-Q4,34.9481,0: Units,,,,A: Normal value,F: Free,
dataflow,BIS:WS_SPP(1.0): Selected residential property prices,I,Q: Quarterly,IT: Italy,R: Real,"628: Index, 2010 = 100",1958-Q1,34.428,0: Units,,,,A: Normal value,F: Free,
dataflow,BIS:WS_SPP(1.0): Selected residential property prices,I,Q: Quarterly,IT: Italy,R: Real,"628: Index, 2010 = 100",1958-Q2,34.4521,0: Units,,,,A: Normal value,F: Free,
dataflow,BIS:WS_SPP(1.0): Selected residential property prices,I,Q: Quarterly,IT: Italy,R: Real,"628: Index, 2010 = 100",1958-Q3,34.1616,0: Units,,,,A: Normal value,F: Free,
dataflow,BIS:WS_SPP(1.0): Selected residential property prices,I,Q: Quarterly,IT: Italy,R: Real,"628: Index, 2010 = 100",1958-Q4,33.9281,0: Units,,,,A: Normal value,F: Free,
dataflow,BIS:WS_SPP(1.0): Selected residential property prices,I,Q: Quarterly,IT: Italy,R: Real,"628: Index, 2010 = 100",1959-Q1,33.8898,0: Units,,,,A: Normal value,F: Free,
dataflow,BIS:WS_SPP(1.0): Selected residential property prices,I,Q: Quarterly,IT: Italy,R: Real,"628: Index, 2010 = 100",1959-Q2,34.2552,0: Units,,,,A: Normal value,F: Free,
dataflow,BIS:WS_SPP(1.0): Selected residential property prices,I,Q: Quarterly,IT: Italy,R: Real,"628: Index, 2010 = 100",1959-Q3,34.2665,0: Units,,,,A: Normal value,F: Free,
dataflow,BIS:WS_SPP(1.0): Selected residential property prices,I,Q: Quarterly,IT: Italy,R: Real,"628: Index, 2010 = 100",1959-Q4,34.759,0: Units,,,,A: Normal value,F: Free,
dataflow,BIS:WS_SPP(1.0): Selected residential property prices,I,Q: Quarterly,IT: Italy,R: Real,"628: Index, 2010 = 100",1960-Q1,34.722,0: Units,,,,A: Normal value,F: Free,
dataflow,BIS:WS_SPP(1.0): Selected residential property prices,I,Q: Quarterly,IT: Italy,R: Real,"628: Index, 2010 = 100",1960-Q2,34.1662,0: Units,,,,A: Normal value,F: Free,
dataflow,BIS:WS_SPP(1.0): Selected residential property prices,I,Q: Quarterly,IT: Italy,R: Real,"628: Index, 2010 = 100",1960-Q3,34.3218,0: Units,,,,A: Normal value,F: Free,
dataflow,BIS:WS_SPP(1.0): Selected residential property prices,I,Q: Quarterly,IT: Italy,R: Real,"628: Index, 2010 = 100",1960-Q4,34.5421,0: Units,,,,A: Normal value,F: Free,
dataflow,BIS:WS_SPP(1.0): Selected residential property prices,I,Q: Quarterly,IT: Italy,R: Real,"628: Index, 2010 = 100",1961-Q1,34.9532,0: Units,,,,A: Normal value,F: Free,
dataflow,BIS:WS_SPP(1.0): Selected residential property prices,I,Q: Quarterly,IT: Italy,R: Real,"628: Index, 2010 = 100",1961-Q2,35.2958,0: Units,,,,A: Normal value,F: Free,
dataflow,BIS:WS_SPP(1.0): Selected residential property prices,I,Q: Quarterly,IT: Italy,R: Real,"628: Index, 2010 = 100",1961-Q3,35.4332,0: Units,,,,A: Normal value,F: Free,
dataflow,BIS:WS_SPP(1.0): Selected residential property prices,I,Q: Quarterly,IT: Italy,R: Real,"628: Index, 2010 = 100",1961-Q4,35.6041,0: Units,,,,A: Normal value,F: Free,
dataflow,BIS:WS_SPP(1.0): Selected residential property prices,I,Q: Quarterly,IT: Italy,R: Real,"628: Index, 2010 = 100",1962-Q1,36.0808,0: Units,,,,A: Normal value,F: Free,
dataflow,BIS:WS_SPP(1.0): Selected residential property prices,I,Q: Quarterly,IT: Italy,R: Real,"628: Index, 2010 = 100",1962-Q2,36.6647,0: Units,,,,A: Normal value,F: Free,
dataflow,BIS:WS_SPP(1.0): Selected residential property prices,I,Q: Quarterly,IT: Italy,R: Real,"628: Index, 2010 = 100",1962-Q3,36.4155,0: Units,,,,A: Normal value,F: Free,
dataflow,BIS:WS_SPP(1.0): Selected residential property prices,I,Q: Quarterly,IT: Italy,R: Real,"628: Index, 2010 = 100",1962-Q4,36.209,0: Units,,,,A: Normal value,F: Free,
dataflow,BIS:WS_SPP(1.0): Selected residential property prices,I,Q: Quarterly,IT: Italy,R: Real,"628: Index, 2010 = 100",1963-Q1,37.0355,0: Units,,,,A: Normal value,F: Free,
dataflow,BIS:WS_SPP(1.0): Selected residential property prices,I,Q: Quarterly,IT: Italy,R: Real,"628: Index, 2010 = 100",1963-Q2,36.683,0: Units,,,,A: Normal value,F: Free,
dataflow,BIS:WS_SPP(1.0): Selected residential property prices,I,Q: Quarterly,IT: Italy,R: Real,"628: Index, 2010 = 100",1963-Q3,36.3588,0: Units,,,,A: Normal value,F: Free,
dataflow,BIS:WS_SPP(1.0): Selected residential property prices,I,Q: Quarterly,IT: Italy,R: Real,"628: Index, 2010 = 100",1963-Q4,37.6095,0: Units,,,,A: Normal value,F: Free,
dataflow,BIS:WS_SPP(1.0): Selected residential property prices,I,Q: Quarterly,IT: Italy,R: Real,"628: Index, 2010 = 100",1964-Q1,38.4004,0: Units,,,,A: Normal value,F: Free,
dataflow,BIS:WS_SPP(1.0): Selected residential property prices,I,Q: Quarterly,IT: Italy,R: Real,"628: Index, 2010 = 100",1964-Q2,39.0694,0: Units,,,,A: Normal value,F: Free,
dataflow,BIS:WS_SPP(1.0): Selected residential property prices,I,Q: Quarterly,IT: Italy,R: Real,"628: Index, 2010 = 100",1964-Q3,39.2392,0: Units,,,,A: Normal value,F: Free,
dataflow,BIS:WS_SPP(1.0): Selected residential property prices,I,Q: Quarterly,IT: Italy,R: Real,"628: Index, 2010 = 100",1964-Q4,38.6093,0: Units,,,,A: Normal value,F: Free,
dataflow,BIS:WS_SPP(1.0): Selected residential property prices,I,Q: Quarterly,IT: Italy,R: Real,"628: Index, 2010 = 100",1965-Q1,37.9136,0: Units,,,,A: Normal value,F: Free,
dataflow,BIS:WS_SPP(1.0): Selected residential property prices,I,Q: Quarterly,IT: Italy,R: Real,"628: Index, 2010 = 100",1965-Q2,36.8969,0: Units,,,,A: Normal value,F: Free,
dataflow,BIS:WS_SPP(1.0): Selected residential property prices,I,Q: Quarterly,IT: Italy,R: Real,"628: Index, 2010 = 100",1965-Q3,36.6748,0: Units,,,,A: Normal value,F: Free,
dataflow,BIS:WS_SPP(1.0): Selected residential property prices,I,Q: Quarterly,IT: Italy,R: Real,"628: Index, 2010 = 100",1965-Q4,36.8343,0: Units,,,,A: Normal value,F: Free,
dataflow,BIS:WS_SPP(1.0): Selected residential property prices,I,Q: Quarterly,IT: Italy,R: Real,"628: Index, 2010 = 100",1966-Q1,36.9943,0: Units,,,,A: Normal value,F: Free,
dataflow,BIS:WS_SPP(1.0): Selected residential property prices,I,Q: Quarterly,IT: Italy,R: Real,"628: Index, 2010 = 100",1966-Q2,36.9131,0: Units,,,,A: Normal value,F: Free,
dataflow,BIS:WS_SPP(1.0): Selected residential property prices,I,Q: Quarterly,IT: Italy,R: Real,"628: Index, 2010 = 100",1966-Q3,36.4098,0: Units,,,,A: Normal value,F: Free,
dataflow,BIS:WS_SPP(1.0): Selected residential property prices,I,Q: Quarterly,IT: Italy,R: Real,"628: Index, 2010 = 100",1966-Q4,35.8519,0: Units,,,,A: Normal value,F: Free,
dataflow,BIS:WS_SPP(1.0): Selected residential property prices,I,Q: Quarterly,IT: Italy,R: Real,"628: Index, 2010 = 100",1967-Q1,35.8929,0: Units,,,,A: Normal value,F: Free,
dataflow,BIS:WS_SPP(1.0): Selected residential property prices,I,Q: Quarterly,IT: Italy,R: Real,"628: Index, 2010 = 100",1967-Q2,35.2283,0: Units,,,,A: Normal value,F: Free,
dataflow,BIS:WS_SPP(1.0): Selected residential property prices,I,Q: Quarterly,IT: Italy,R: Real,"628: Index, 2010 = 100",1967-Q3,35.6703,0: Units,,,,A: Normal value,F: Free,
dataflow,BIS:WS_SPP(1.0): Selected residential property prices,I,Q: Quarterly,IT: Italy,R: Real,"628: Index, 2010 = 100",1967-Q4,36.7994,0: Units,,,,A: Normal value,F: Free,
dataflow,BIS:WS_SPP(1.0): Selected residential property prices,I,Q: Quarterly,IT: Italy,R: Real,"628: Index, 2010 = 100",1968-Q1,37.8264,0: Units,,,,A: Normal value,F: Free,
dataflow,BIS:WS_SPP(1.0): Selected residential property prices,I,Q: Quarterly,IT: Italy,R: Real,"628: Index, 2010 = 100",1968-Q2,38.9779,0: Units,,,,A: Normal value,F: Free,
dataflow,BIS:WS_SPP(1.0): Selected residential property prices,I,Q: Quarterly,IT: Italy,R: Real,"628: Index, 2010 = 100",1968-Q3,39.1115,0: Units,,,,A: Normal value,F: Free,
dataflow,BIS:WS_SPP(1.0): Selected residential property prices,I,Q: Quarterly,IT: Italy,R: Real,"628: Index, 2010 = 100",1968-Q4,38.908,0: Units,,,,A: Normal value,F: Free,
dataflow,BIS:WS_SPP(1.0): Selected residential property prices,I,Q: Quarterly,IT: Italy,R: Real,"628: Index, 2010 = 100",1969-Q1,38.9304,0: Units,,,,A: Normal value,F: Free,
dataflow,BIS:WS_SPP(1.0): Selected residential property prices,I,Q: Quarterly,IT: Italy,R: Real,"628: Index, 2010 = 100",1969-Q2,39.0848,0: Units,,,,A: Normal value,F: Free,
dataflow,BIS:WS_SPP(1.0): Selected residential property prices,I,Q: Quarterly,IT: Italy,R: Real,"628: Index, 2010 = 100",1969-Q3,39.2687,0: Units,,,,A: Normal value,F: Free,
dataflow,BIS:WS_SPP(1.0): Selected residential property prices,I,Q: Quarterly,IT: Italy,R: Real,"628: Index, 2010 = 100",1969-Q4,39.3534,0: Units,,,,A: Normal value,F: Free,
dataflow,BIS:WS_SPP(1.0): Selected residential property prices,I,Q: Quarterly,IT: Italy,R: Real,"628: Index, 2010 = 100",1970-Q1,39.6903,0: Units,,,,A: Normal value,F: Free,
dataflow,BIS:WS_SPP(1.0): Selected residential property prices,I,Q: Quarterly,IT: Italy,R: Real,"628: Index, 2010 = 100",1970-Q2,39.9392,0: Units,,,,A: Normal value,F: Free,
dataflow,BIS:WS_SPP(1.0): Selected residential property prices,I,Q: Quarterly,IT: Italy,R: Real,"628: Index, 2010 = 100",1970-Q3,39.6163,0: Units,,,,A: Normal value,F: Free,
dataflow,BIS:WS_SPP(1.0): Selected residential property prices,I,Q: Quarterly,IT: Italy,R: Real,"628: Index, 2010 = 100",1970-Q4,39.4424,0: Units,,,,A: Normal value,F: Free,
dataflow,BIS:WS_SPP(1.0): Selected residential property prices,I,Q: Quarterly,IT: Italy,R: Real,"628: Index, 2010 = 100",1971-Q1,38.433,0: Units,,,,A: Normal value,F: Free,
dataflow,BIS:WS_SPP(1.0): Selected residential property prices,I,Q: Quarterly,IT: Italy,R: Real,"628: Index, 2010 = 100",1971-Q2,38.8718,0: Units,,,,A: Normal value,F: Free,
dataflow,BIS:WS_SPP(1.0): Selected residential property prices,I,Q: Quarterly,IT: Italy,R: Real,"628: Index, 2010 = 100",1971-Q3,39.4675,0: Units,,,,A: Normal value,F: Free,
dataflow,BIS:WS_SPP(1.0): Selected residential property prices,I,Q: Quarterly,IT: Italy,R: Real,"628: Index, 2010 = 100",1971-Q4,39.4142,0: Units,,,,A: Normal value,F: Free,
dataflow,BIS:WS_SPP(1.0): Selected residential property prices,I,Q: Quarterly,IT: Italy,R: Real,"628: Index, 2010 = 100",1972-Q1,39.5246,0: Units,,,,A: Normal value,F: Free,
dataflow,BIS:WS_SPP(1.0): Selected residential property prices,I,Q: Quarterly,IT: Italy,R: Real,"628: Index, 2010 = 100",1972-Q2,40.2121,0: Units,,,,A: Normal value,F: Free,
dataflow,BIS:WS_SPP(1.0): Selected residential property prices,I,Q: Quarterly,IT: Italy,R: Real,"628: Index, 2010 = 100",1972-Q3,40.4798,0: Units,,,,A: Normal value,F: Free,
dataflow,BIS:WS_SPP(1.0): Selected residential property prices,I,Q: Quarterly,IT: Italy,R: Real,"628: Index, 2010 = 100",1972-Q4,39.6708,0: Units,,,,A: Normal value,F: Free,
dataflow,BIS:WS_SPP(1.0): Selected residential property prices,I,Q: Quarterly,IT: Italy,R: Real,"628: Index, 2010 = 100",1973-Q1,39.3672,0: Units,,,,A: Normal value,F: Free,
dataflow,BIS:WS_SPP(1.0): Selected residential property prices,I,Q: Quarterly,IT: Italy,R: Real,"628: Index, 2010 = 100",1973-Q2,40.8009,0: Units,,,,A: Normal value,F: Free,
dataflow,BIS:WS_SPP(1.0): Selected residential property prices,I,Q: Quarterly,IT: Italy,R: Real,"628: Index, 2010 = 100",1973-Q3,44.3669,0: Units,,,,A: Normal value,F: Free,
dataflow,BIS:WS_SPP(1.0): Selected residential property prices,I,Q: Quarterly,IT: Italy,R: Real,"628: Index, 2010 = 100",1973-Q4,48.5464,0: Units,,,,A: Normal value,F: Free,
dataflow,BIS:WS_SPP(1.0): Selected residential property prices,I,Q: Quarterly,IT: Italy,R: Real,"628: Index, 2010 = 100",1974-Q1,51.7634,0: Units,,,,A: Normal value,F: Free,
dataflow,BIS:WS_SPP(1.0): Selected residential property prices,I,Q: Quarterly,IT: Italy,R: Real,"628: Index, 2010 = 100",1974-Q2,54.9594,0: Units,,,,A: Normal value,F: Free,
dataflow,BIS:WS_SPP(1.0): Selected residential property prices,I,Q: Quarterly,IT: Italy,R: Real,"628: Index, 2010 = 100",1974-Q3,56.7338,0: Units,,,,A: Normal value,F: Free,
dataflow,BIS:WS_SPP(1.0): Selected residential property prices,I,Q: Quarterly,IT: Italy,R: Real,"628: Index, 2010 = 100",1974-Q4,56.3945,0: Units,,,,A: Normal value,F: Free,
dataflow,BIS:WS_SPP(1.0): Selected residential property prices,I,Q: Quarterly,IT: Italy,R: Real,"628: Index, 2010 = 100",1975-Q1,56.1601,0: Units,,,,A: Normal value,F: Free,
dataflow,BIS:WS_SPP(1.0): Selected residential property prices,I,Q: Quarterly,IT: Italy,R: Real,"628: Index, 2010 = 100",1975-Q2,55.559,0: Units,,,,A: Normal value,F: Free,
dataflow,BIS:WS_SPP(1.0): Selected residential property prices,I,Q: Quarterly,IT: Italy,R: Real,"628: Index, 2010 = 100",1975-Q3,56.1328,0: Units,,,,A: Normal value,F: Free,
dataflow,BIS:WS_SPP(1.0): Selected residential property prices,I,Q: Quarterly,IT: Italy,R: Real,"628: Index, 2010 = 100",1975-Q4,56.5669,0: Units,,,,A: Normal value,F: Free,
dataflow,BIS:WS_SPP(1.0): Selected residential property prices,I,Q: Quarterly,IT: Italy,R: Real,"628: Index, 2010 = 100",1976-Q1,56.3911,0: Units,,,,A: Normal value,F: Free,
dataflow,BIS:WS_SPP(1.0): Selected residential property prices,I,Q: Quarterly,IT: Italy,R: Real,"628: Index, 2010 = 100",1976-Q2,55.2887,0: Units,,,,A: Normal value,F: Free,
dataflow,BIS:WS_SPP(1.0): Selected residential property prices,I,Q: Quarterly,IT: Italy,R: Real,"628: Index, 2010 = 100",1976-Q3,56.2653,0: Units,,,,A: Normal value,F: Free,
dataflow,BIS:WS_SPP(1.0): Selected residential property prices,I,Q: Quarterly,IT: Italy,R: Real,"628: Index, 2010 = 100",1976-Q4,54.944,0: Units,,,,A: Normal value,F: Free,
dataflow,BIS:WS_SPP(1.0): Selected residential property prices,I,Q: Quarterly,IT: Italy,R: Real,"628: Index, 2010 = 100",1977-Q1,54.2628,0: Units,,,,A: Normal value,F: Free,
dataflow,BIS:WS_SPP(1.0): Selected residential property prices,I,Q: Quarterly,IT: Italy,R: Real,"628: Index, 2010 = 100",1977-Q2,53.1626,0: Units,,,,A: Normal value,F: Free,
dataflow,BIS:WS_SPP(1.0): Selected residential property prices,I,Q: Quarterly,IT: Italy,R: Real,"628: Index, 2010 = 100",1977-Q3,52.6733,0: Units,,,,A: Normal value,F: Free,
dataflow,BIS:WS_SPP(1.0): Selected residential property prices,I,Q: Quarterly,IT: Italy,R: Real,"628: Index, 2010 = 100",1977-Q4,51.8297,0: Units,,,,A: Normal value,F: Free,
dataflow,BIS:WS_SPP(1.0): Selected residential property prices,I,Q: Quarterly,IT: Italy,R: Real,"628: Index, 2010 = 100",1978-Q1,51.9197,0: Units,,,,A: Normal value,F: Free,
dataflow,BIS:WS_SPP(1.0): Selected residential property prices,I,Q: Quarterly,IT: Italy,R: Real,"628: Index, 2010 = 100",1978-Q2,53.2262,0: Units,,,,A: Normal value,F: Free,
dataflow,BIS:WS_SPP(1.0): Selected residential property prices,I,Q: Quarterly,IT: Italy,R: Real,"628: Index, 2010 = 100",1978-Q3,55.2625,0: Units,,,,A: Normal value,F: Free,
dataflow,BIS:WS_SPP(1.0): Selected residential property prices,I,Q: Quarterly,IT: Italy,R: Real,"628: Index, 2010 = 100",1978-Q4,56.3811,0: Units,,,,A: Normal value,F: Free,
dataflow,BIS:WS_SPP(1.0): Selected residential property prices,I,Q: Quarterly,IT: Italy,R: Real,"628: Index, 2010 = 100",1979-Q1,56.5618,0: Units,,,,A: Normal value,F: Free,
dataflow,BIS:WS_SPP(1.0): Selected residential property prices,I,Q: Quarterly,IT: Italy,R: Real,"628: Index, 2010 = 100",1979-Q2,56.465,0: Units,,,,A: Normal value,F: Free,
dataflow,BIS:WS_SPP(1.0): Selected residential property prices,I,Q: Quarterly,IT: Italy,R: Real,"628: Index, 2010 = 100",1979-Q3,56.5656,0: Units,,,,A: Normal value,F: Free,
dataflow,BIS:WS_SPP(1.0): Selected residential property prices,I,Q: Quarterly,IT: Italy,R: Real,"628: Index, 2010 = 100",1979-Q4,55.9702,0: Units,,,,A: Normal value,F: Free,
dataflow,BIS:WS_SPP(1.0): Selected residential property prices,I,Q: Quarterly,IT: Italy,R: Real,"628: Index, 2010 = 100",1980-Q1,56.3133,0: Units,,,,A: Normal value,F: Free,
dataflow,BIS:WS_SPP(1.0): Selected residential property prices,I,Q: Quarterly,IT: Italy,R: Real,"628: Index, 2010 = 100",1980-Q2,60.0916,0: Units,,,,A: Normal value,F: Free,
dataflow,BIS:WS_SPP(1.0): Selected residential property prices,I,Q: Quarterly,IT: Italy,R: Real,"628: Index, 2010 = 100",1980-Q3,64.2218,0: Units,,,,A: Normal value,F: Free,
dataflow,BIS:WS_SPP(1.0): Selected residential property prices,I,Q: Quarterly,IT: Italy,R: Real,"628: Index, 2010 = 100",1980-Q4,66.776,0: Units,,,,A: Normal value,F: Free,
dataflow,BIS:WS_SPP(1.0): Selected residential property prices,I,Q: Quarterly,IT: Italy,R: Real,"628: Index, 2010 = 100",1981-Q1,69.5032,0: Units,,,,A: Normal value,F: Free,
dataflow,BIS:WS_SPP(1.0): Selected residential property prices,I,Q: Quarterly,IT: Italy,R: Real,"628: Index, 2010 = 100",1981-Q2,70.8139,0: Units,,,,A: Normal value,F: Free,
dataflow,BIS:WS_SPP(1.0): Selected residential property prices,I,Q: Quarterly,IT: Italy,R: Real,"628: Index, 2010 = 100",1981-Q3,71.7623,0: Units,,,,A: Normal value,F: Free,
dataflow,BIS:WS_SPP(1.0): Selected residential property prices,I,Q: Quarterly,IT: Italy,R: Real,"628: Index, 2010 = 100",1981-Q4,70.0278,0: Units,,,,A: Normal value,F: Free,
dataflow,BIS:WS_SPP(1.0): Selected residential property prices,I,Q: Quarterly,IT: Italy,R: Real,"628: Index, 2010 = 100",1982-Q1,68.4639,0: Units,,,,A: Normal value,F: Free,
dataflow,BIS:WS_SPP(1.0): Selected residential property prices,I,Q: Quarterly,IT: Italy,R: Real,"628: Index, 2010 = 100",1982-Q2,68.4454,0: Units,,,,A: Normal value,F: Free,
dataflow,BIS:WS_SPP(1.0): Selected residential property prices,I,Q: Quarterly,IT: Italy,R: Real,"628: Index, 2010 = 100",1982-Q3,67.591,0: Units,,,,A: Normal value,F: Free,
dataflow,BIS:WS_SPP(1.0): Selected residential property prices,I,Q: Quarterly,IT: Italy,R: Real,"628: Index, 2010 = 100",1982-Q4,66.1506,0: Units,,,,A: Normal value,F: Free,
dataflow,BIS:WS_SPP(1.0): Selected residential property prices,I,Q: Quarterly,IT: Italy,R: Real,"628: Index, 2010 = 100",1983-Q1,65.0089,0: Units,,,,A: Normal value,F: Free,
dataflow,BIS:WS_SPP(1.0): Selected residential property prices,I,Q: Quarterly,IT: Italy,R: Real,"628: Index, 2010 = 100",1983-Q2,64.1829,0: Units,,,,A: Normal value,F: Free,
dataflow,BIS:WS_SPP(1.0): Selected residential property prices,I,Q: Quarterly,IT: Italy,R: Real,"628: Index, 2010 = 100",1983-Q3,63.5233,0: Units,,,,A: Normal value,F: Free,
dataflow,BIS:WS_SPP(1.0): Selected residential property prices,I,Q: Quarterly,IT: Italy,R: Real,"628: Index, 2010 = 100",1983-Q4,61.8888,0: Units,,,,A: Normal value,F: Free,
dataflow,BIS:WS_SPP(1.0): Selected residential property prices,I,Q: Quarterly,IT: Italy,R: Real,"628: Index, 2010 = 100",1984-Q1,60.461,0: Units,,,,A: Normal value,F: Free,
dataflow,BIS:WS_SPP(1.0): Selected residential property prices,I,Q: Quarterly,IT: Italy,R: Real,"628: Index, 2010 = 100",1984-Q2,59.3282,0: Units,,,,A: Normal value,F: Free,
dataflow,BIS:WS_SPP(1.0): Selected residential property prices,I,Q: Quarterly,IT: Italy,R: Real,"628: Index, 2010 = 100",1984-Q3,58.6769,0: Units,,,,A: Normal value,F: Free,
dataflow,BIS:WS_SPP(1.0): Selected residential property prices,I,Q: Quarterly,IT: Italy,R: Real,"628: Index, 2010 = 100",1984-Q4,57.5027,0: Units,,,,A: Normal value,F: Free,
dataflow,BIS:WS_SPP(1.0): Selected residential property prices,I,Q: Quarterly,IT: Italy,R: Real,"628: Index, 2010 = 100",1985-Q1,56.2061,0: Units,,,,A: Normal value,F: Free,
dataflow,BIS:WS_SPP(1.0): Selected residential property prices,I,Q: Quarterly,IT: Italy,R: Real,"628: Index, 2010 = 100",1985-Q2,55.1719,0: Units,,,,A: Normal value,F: Free,
dataflow,BIS:WS_SPP(1.0): Selected residential property prices,I,Q: Quarterly,IT: Italy,R: Real,"628: Index, 2010 = 100",1985-Q3,54.9084,0: Units,,,,A: Normal value,F: Free,
dataflow,BIS:WS_SPP(1.0): Selected residential property prices,I,Q: Quarterly,IT: Italy,R: Real,"628: Index, 2010 = 100",1985-Q4,53.9675,0: Units,,,,A: Normal value,F: Free,
dataflow,BIS:WS_SPP(1.0): Selected residential property prices,I,Q: Quarterly,IT: Italy,R: Real,"628: Index, 2010 = 100",1986-Q1,53.5283,0: Units,,,,A: Normal value,F: Free,
dataflow,BIS:WS_SPP(1.0): Selected residential property prices,I,Q: Quarterly,IT: Italy,R: Real,"628: Index, 2010 = 100",1986-Q2,53.5006,0: Units,,,,A: Normal value,F: Free,
dataflow,BIS:WS_SPP(1.0): Selected residential property prices,I,Q: Quarterly,IT: Italy,R: Real,"628: Index, 2010 = 100",1986-Q3,53.625,0: Units,,,,A: Normal value,F: Free,
dataflow,BIS:WS_SPP(1.0): Selected residential property prices,I,Q: Quarterly,IT: Italy,R: Real,"628: Index, 2010 = 100",1986-Q4,53.2894,0: Units,,,,A: Normal value,F: Free,
dataflow,BIS:WS_SPP(1.0): Selected residential property prices,I,Q: Quarterly,IT: Italy,R: Real,"628: Index, 2010 = 100",1987-Q1,53.2695,0: Units,,,,A: Normal value,F: Free,
dataflow,BIS:WS_SPP(1.0): Selected residential property prices,I,Q: Quarterly,IT: Italy,R: Real,"628: Index, 2010 = 100",1987-Q2,53.7474,0: Units,,,,A: Normal value,F: Free,
dataflow,BIS:WS_SPP(1.0): Selected residential property prices,I,Q: Quarterly,IT: Italy,R: Real,"628: Index, 2010 = 100",1987-Q3,54.3835,0: Units,,,,A: Normal value,F: Free,
dataflow,BIS:WS_SPP(1.0): Selected residential property prices,I,Q: Quarterly,IT: Italy,R: Real,"628: Index, 2010 = 100",1987-Q4,54.6012,0: Units,,,,A: Normal value,F: Free,
dataflow,BIS:WS_SPP(1.0): Selected residential property prices,I,Q: Quarterly,IT: Italy,R: Real,"628: Index, 2010 = 100",1988-Q1,55.4889,0: Units,,,,A: Normal value,F: Free,
dataflow,BIS:WS_SPP(1.0): Selected residential property prices,I,Q: Quarterly,IT: Italy,R: Real,"628: Index, 2010 = 100",1988-Q2,57.3051,0: Units,,,,A: Normal value,F: Free,
dataflow,BIS:WS_SPP(1.0): Selected residential property prices,I,Q: Quarterly,IT: Italy,R: Real,"628: Index, 2010 = 100",1988-Q3,59.077,0: Units,,,,A: Normal value,F: Free,
dataflow,BIS:WS_SPP(1.0): Selected residential property prices,I,Q: Quarterly,IT: Italy,R: Real,"628: Index, 2010 = 100",1988-Q4,60.151,0: Units,,,,A: Normal value,F: Free,
dataflow,BIS:WS_SPP(1.0): Selected residential property prices,I,Q: Quarterly,IT: Italy,R: Real,"628: Index, 2010 = 100",1989-Q1,61.2555,0: Units,,,,A: Normal value,F: Free,
dataflow,BIS:WS_SPP(1.0): Selected residential property prices,I,Q: Quarterly,IT: Italy,R: Real,"628: Index, 2010 = 100",1989-Q2,63.2821,0: Units,,,,A: Normal value,F: Free,
dataflow,BIS:WS_SPP(1.0): Selected residential property prices,I,Q: Quarterly,IT: Italy,R: Real,"628: Index, 2010 = 100",1989-Q3,65.6756,0: Units,,,,A: Normal value,F: Free,
dataflow,BIS:WS_SPP(1.0): Selected residential property prices,I,Q: Quarterly,IT: Italy,R: Real,"628: Index, 2010 = 100",1989-Q4,67.1563,0: Units,,,,A: Normal value,F: Free,
dataflow,BIS:WS_SPP(1.0): Selected residential property prices,I,Q: Quarterly,IT: Italy,R: Real,"628: Index, 2010 = 100",1990-Q1,68.4659,0: Units,,,,A: Normal value,F: Free,
dataflow,BIS:WS_SPP(1.0): Selected residential property prices,I,Q: Quarterly,IT: Italy,R: Real,"628: Index, 2010 = 100",1990-Q2,70.367,0: Units,,,,A: Normal value,F: Free,
dataflow,BIS:WS_SPP(1.0): Selected residential property prices,I,Q: Quarterly,IT: Italy,R: Real,"628: Index, 2010 = 100",1990-Q3,71.5164,0: Units,,,,A: Normal value,F: Free,
dataflow,BIS:WS_SPP(1.0): Selected residential property prices,I,Q: Quarterly,IT: Italy,R: Real,"628: Index, 2010 = 100",1990-Q4,73.1735,0: Units,,,,A: Normal value,F: Free,
dataflow,BIS:WS_SPP(1.0): Selected residential property prices,I,Q: Quarterly,IT: Italy,R: Real,"628: Index, 2010 = 100",1991-Q1,75.7114,0: Units,,,,A: Normal value,F: Free,
dataflow,BIS:WS_SPP(1.0): Selected residential property prices,I,Q: Quarterly,IT: Italy,R: Real,"628: Index, 2010 = 100",1991-Q2,77.3915,0: Units,,,,A: Normal value,F: Free,
dataflow,BIS:WS_SPP(1.0): Selected residential property prices,I,Q: Quarterly,IT: Italy,R: Real,"628: Index, 2010 = 100",1991-Q3,77.6338,0: Units,,,,A: Normal value,F: Free,
dataflow,BIS:WS_SPP(1.0): Selected residential property prices,I,Q: Quarterly,IT: Italy,R: Real,"628: Index, 2010 = 100",1991-Q4,78.4035,0: Units,,,,A: Normal value,F: Free,
dataflow,BIS:WS_SPP(1.0): Selected residential property prices,I,Q: Quarterly,IT: Italy,R: Real,"628: Index, 2010 = 100",1992-Q1,82.159,0: Units,,,,A: Normal value,F: Free,
dataflow,BIS:WS_SPP(1.0): Selected residential property prices,I,Q: Quarterly,IT: Italy,R: Real,"628: Index, 2010 = 100",1992-Q2,84.4711,0: Units,,,,A: Normal value,F: Free,
dataflow,BIS:WS_SPP(1.0): Selected residential property prices,I,Q: Quarterly,IT: Italy,R: Real,"628: Index, 2010 = 100",1992-Q3,85.4829,0: Units,,,,A: Normal value,F: Free,
dataflow,BIS:WS_SPP(1.0): Selected residential property prices,I,Q: Quarterly,IT: Italy,R: Real,"628: Index, 2010 = 100",1992-Q4,85.3763,0: Units,,,,A: Normal value,F: Free,
dataflow,BIS:WS_SPP(1.0): Selected residential property prices,I,Q: Quarterly,IT: Italy,R: Real,"628: Index, 2010 = 100",1993-Q1,85.2163,0: Units,,,,A: Normal value,F: Free,
dataflow,BIS:WS_SPP(1.0): Selected residential property prices,I,Q: Quarterly,IT: Italy,R: Real,"628: Index, 2010 = 100",1993-Q2,84.8821,0: Units,,,,A: Normal value,F: Free,
dataflow,BIS:WS_SPP(1.0): Selected residential property prices,I,Q: Quarterly,IT: Italy,R: Real,"628: Index, 2010 = 100",1993-Q3,84.8586,0: Units,,,,A: Normal value,F: Free,
dataflow,BIS:WS_SPP(1.0): Selected residential property prices,I,Q: Quarterly,IT: Italy,R: Real,"628: Index, 2010 = 100",1993-Q4,83.1202,0: Units,,,,A: Normal value,F: Free,
dataflow,BIS:WS_SPP(1.0): Selected residential property prices,I,Q: Quarterly,IT: Italy,R: Real,"628: Index, 2010 = 100",1994-Q1,81.6284,0: Units,,,,A: Normal value,F: Free,
dataflow,BIS:WS_SPP(1.0): Selected residential property prices,I,Q: Quarterly,IT: Italy,R: Real,"628: Index, 2010 = 100",1994-Q2,80.1801,0: Units,,,,A: Normal value,F: Free,
dataflow,BIS:WS_SPP(1.0): Selected residential property prices,I,Q: Quarterly,IT: Italy,R: Real,"628: Index, 2010 = 100",1994-Q3,80.2481,0: Units,,,,A: Normal value,F: Free,
dataflow,BIS:WS_SPP(1.0): Selected residential property prices,I,Q: Quarterly,IT: Italy,R: Real,"628: Index, 2010 = 100",1994-Q4,78.8481,0: Units,,,,A: Normal value,F: Free,
dataflow,BIS:WS_SPP(1.0): Selected residential property prices,I,Q: Quarterly,IT: Italy,R: Real,"628: Index, 2010 = 100",1995-Q1,77.2233,0: Units,,,,A: Normal value,F: Free,
dataflow,BIS:WS_SPP(1.0): Selected residential property prices,I,Q: Quarterly,IT: Italy,R: Real,"628: Index, 2010 = 100",1995-Q2,76.642,0: Units,,,,A: Normal value,F: Free,
dataflow,BIS:WS_SPP(1.0): Selected residential property prices,I,Q: Quarterly,IT: Italy,R: Real,"628: Index, 2010 = 100",1995-Q3,76.7587,0: Units,,,,A: Normal value,F: Free,
dataflow,BIS:WS_SPP(1.0): Selected residential property prices,I,Q: Quarterly,IT: Italy,R: Real,"628: Index, 2010 = 100",1995-Q4,76.6561,0: Units,,,,A: Normal value,F: Free,
dataflow,BIS:WS_SPP(1.0): Selected residential property prices,I,Q: Quarterly,IT: Italy,R: Real,"628: Index, 2010 = 100",1996-Q1,76.5571,0: Units,,,,A: Normal value,F: Free,
dataflow,BIS:WS_SPP(1.0): Selected residential property prices,I,Q: Quarterly,IT: Italy,R: Real,"628: Index, 2010 = 100",1996-Q2,76.0834,0: Units,,,,A: Normal value,F: Free,
dataflow,BIS:WS_SPP(1.0): Selected residential property prices,I,Q: Quarterly,IT: Italy,R: Real,"628: Index, 2010 = 100",1996-Q3,76.7995,0: Units,,,,A: Normal value,F: Free,
dataflow,BIS:WS_SPP(1.0): Selected residential property prices,I,Q: Quarterly,IT: Italy,R: Real,"628: Index, 2010 = 100",1996-Q4,77.2126,0: Units,,,,A: Normal value,F: Free,
dataflow,BIS:WS_SPP(1.0): Selected residential property prices,I,Q: Quarterly,IT: Italy,R: Real,"628: Index, 2010 = 100",1997-Q1,77.954,0: Units,,,,A: Normal value,F: Free,
dataflow,BIS:WS_SPP(1.0): Selected residential property prices,I,Q: Quarterly,IT: Italy,R: Real,"628: Index, 2010 = 100",1997-Q2,77.7114,0: Units,,,,A: Normal value,F: Free,
dataflow,BIS:WS_SPP(1.0): Selected residential property prices,I,Q: Quarterly,IT: Italy,R: Real,"628: Index, 2010 = 100",1997-Q3,77.605,0: Units,,,,A: Normal value,F: Free,
dataflow,BIS:WS_SPP(1.0): Selected residential property prices,I,Q: Quarterly,IT: Italy,R: Real,"628: Index, 2010 = 100",1997-Q4,77.4738,0: Units,,,,A: Normal value,F: Free,
dataflow,BIS:WS_SPP(1.0): Selected residential property prices,I,Q: Quarterly,IT: Italy,R: Real,"628: Index, 2010 = 100",1998-Q1,75.8973,0: Units,,,,A: Normal value,F: Free,
dataflow,BIS:WS_SPP(1.0): Selected residential property prices,I,Q: Quarterly,IT: Italy,R: Real,"628: Index, 2010 = 100",1998-Q2,76.3191,0: Units,,,,A: Normal value,F: Free,
dataflow,BIS:WS_SPP(1.0): Selected residential property prices,I,Q: Quarterly,IT: Italy,R: Real,"628: Index, 2010 = 100",1998-Q3,76.3298,0: Units,,,,A: Normal value,F: Free,
dataflow,BIS:WS_SPP(1.0): Selected residential property prices,I,Q: Quarterly,IT: Italy,R: Real,"628: Index, 2010 = 100",1998-Q4,76.1171,0: Units,,,,A: Normal value,F: Free,
dataflow,BIS:WS_SPP(1.0): Selected residential property prices,I,Q: Quarterly,IT: Italy,R: Real,"628: Index, 2010 = 100",1999-Q1,75.6743,0: Units,,,,A: Normal value,F: Free,
dataflow,BIS:WS_SPP(1.0): Selected residential property prices,I,Q: Quarterly,IT: Italy,R: Real,"628: Index, 2010 = 100",1999-Q2,75.7214,0: Units,,,,A: Normal value,F: Free,
dataflow,BIS:WS_SPP(1.0): Selected residential property prices,I,Q: Quarterly,IT: Italy,R: Real,"628: Index, 2010 = 100",1999-Q3,75.7529,0: Units,,,,A: Normal value,F: Free,
dataflow,BIS:WS_SPP(1.0): Selected residential property prices,I,Q: Quarterly,IT: Italy,R: Real,"628: Index, 2010 = 100",1999-Q4,75.6721,0: Units,,,,A: Normal value,F: Free,
dataflow,BIS:WS_SPP(1.0): Selected residential property prices,I,Q: Quarterly,IT: Italy,R: Real,"628: Index, 2010 = 100",2000-Q1,76.2672,0: Units,,,,A: Normal value,F: Free,
dataflow,BIS:WS_SPP(1.0): Selected residential property prices,I,Q: Quarterly,IT: Italy,R: Real,"628: Index, 2010 = 100",2000-Q2,76.3714,0: Units,,,,A: Normal value,F: Free,
dataflow,BIS:WS_SPP(1.0): Selected residential property prices,I,Q: Quarterly,IT: Italy,R: Real,"628: Index, 2010 = 100",2000-Q3,76.9541,0: Units,,,,A: Normal value,F: Free,
dataflow,BIS:WS_SPP(1.0): Selected residential property prices,I,Q: Quarterly,IT: Italy,R: Real,"628: Index, 2010 = 100",2000-Q4,77.2929,0: Units,,,,A: Normal value,F: Free,
dataflow,BIS:WS_SPP(1.0): Selected residential property prices,I,Q: Quarterly,IT: Italy,R: Real,"628: Index, 2010 = 100",2001-Q1,77.5318,0: Units,,,,A: Normal value,F: Free,
dataflow,BIS:WS_SPP(1.0): Selected residential property prices,I,Q: Quarterly,IT: Italy,R: Real,"628: Index, 2010 = 100",2001-Q2,77.8368,0: Units,,,,A: Normal value,F: Free,
dataflow,BIS:WS_SPP(1.0): Selected residential property prices,I,Q: Quarterly,IT: Italy,R: Real,"628: Index, 2010 = 100",2001-Q3,79.2379,0: Units,,,,A: Normal value,F: Free,
dataflow,BIS:WS_SPP(1.0): Selected residential property prices,I,Q: Quarterly,IT: Italy,R: Real,"628: Index, 2010 = 100",2001-Q4,81.0923,0: Units,,,,A: Normal value,F: Free,
dataflow,BIS:WS_SPP(1.0): Selected residential property prices,I,Q: Quarterly,IT: Italy,R: Real,"628: Index, 2010 = 100",2002-Q1,85.0153,0: Units,,,,A: Normal value,F: Free,
dataflow,BIS:WS_SPP(1.0): Selected residential property prices,I,Q: Quarterly,IT: Italy,R: Real,"628: Index, 2010 = 100",2002-Q2,86.1718,0: Units,,,,A: Normal value,F: Free,
dataflow,BIS:WS_SPP(1.0): Selected residential property prices,I,Q: Quarterly,IT: Italy,R: Real,"628: Index, 2010 = 100",2002-Q3,86.7991,0: Units,,,,A: Normal value,F: Free,
dataflow,BIS:WS_SPP(1.0): Selected residential property prices,I,Q: Quarterly,IT: Italy,R: Real,"628: Index, 2010 = 100",2002-Q4,86.8562,0: Units,,,,A: Normal value,F: Free,
dataflow,BIS:WS_SPP(1.0): Selected residential property prices,I,Q: Quarterly,IT: Italy,R: Real,"628: Index, 2010 = 100",2003-Q1,88.1102,0: Units,,,,A: Normal value,F: Free,
dataflow,BIS:WS_SPP(1.0): Selected residential property prices,I,Q: Quarterly,IT: Italy,R: Real,"628: Index, 2010 = 100",2003-Q2,88.6542,0: Units,,,,A: Normal value,F: Free,
dataflow,BIS:WS_SPP(1.0): Selected residential property prices,I,Q: Quarterly,IT: Italy,R: Real,"628: Index, 2010 = 100",2003-Q3,89.8358,0: Units,,,,A: Normal value,F: Free,
dataflow,BIS:WS_SPP(1.0): Selected residential property prices,I,Q: Quarterly,IT: Italy,R: Real,"628: Index, 2010 = 100",2003-Q4,89.9728,0: Units,,,,A: Normal value,F: Free,
dataflow,BIS:WS_SPP(1.0): Selected residential property prices,I,Q: Quarterly,IT: Italy,R: Real,"628: Index, 2010 = 100",2004-Q1,90.3938,0: Units,,,,A: Normal value,F: Free,
dataflow,BIS:WS_SPP(1.0): Selected residential property prices,I,Q: Quarterly,IT: Italy,R: Real,"628: Index, 2010 = 100",2004-Q2,91.5247,0: Units,,,,A: Normal value,F: Free,
dataflow,BIS:WS_SPP(1.0): Selected residential property prices,I,Q: Quarterly,IT: Italy,R: Real,"628: Index, 2010 = 100",2004-Q3,93.5259,0: Units,,,,A: Normal value,F: Free,
dataflow,BIS:WS_SPP(1.0): Selected residential property prices,I,Q: Quarterly,IT: Italy,R: Real,"628: Index, 2010 = 100",2004-Q4,94.754,0: Units,,,,A: Normal value,F: Free,
dataflow,BIS:WS_SPP(1.0): Selected residential property prices,I,Q: Quarterly,IT: Italy,R: Real,"628: Index, 2010 = 100",2005-Q1,96.0749,0: Units,,,,A: Normal value,F: Free,
dataflow,BIS:WS_SPP(1.0): Selected residential property prices,I,Q: Quarterly,IT: Italy,R: Real,"628: Index, 2010 = 100",2005-Q2,97.1818,0: Units,,,,A: Normal value,F: Free,
dataflow,BIS:WS_SPP(1.0): Selected residential property prices,I,Q: Quarterly,IT: Italy,R: Real,"628: Index, 2010 = 100",2005-Q3,98.4817,0: Units,,,,A: Normal value,F: Free,
dataflow,BIS:WS_SPP(1.0): Selected residential property prices,I,Q: Quarterly,IT: Italy,R: Real,"628: Index, 2010 = 100",2005-Q4,99.0297,0: Units,,,,A: Normal value,F: Free,
dataflow,BIS:WS_SPP(1.0): Selected residential property prices,I,Q: Quarterly,IT: Italy,R: Real,"628: Index, 2010 = 100",2006-Q1,99.6091,0: Units,,,,A: Normal value,F: Free,
dataflow,BIS:WS_SPP(1.0): Selected residential property prices,I,Q: Quarterly,IT: Italy,R: Real,"628: Index, 2010 = 100",2006-Q2,100.7552,0: Units,,,,A: Normal value,F: Free,
dataflow,BIS:WS_SPP(1.0): Selected residential property prices,I,Q: Quarterly,IT: Italy,R: Real,"628: Index, 2010 = 100",2006-Q3,102.0345,0: Units,,,,A: Normal value,F: Free,
dataflow,BIS:WS_SPP(1.0): Selected residential property prices,I,Q: Quarterly,IT: Italy,R: Real,"628: Index, 2010 = 100",2006-Q4,102.7197,0: Units,,,,A: Normal value,F: Free,
dataflow,BIS:WS_SPP(1.0): Selected residential property prices,I,Q: Quarterly,IT: Italy,R: Real,"628: Index, 2010 = 100",2007-Q1,103.6484,0: Units,,,,A: Normal value,F: Free,
dataflow,BIS:WS_SPP(1.0): Selected residential property prices,I,Q: Quarterly,IT: Italy,R: Real,"628: Index, 2010 = 100",2007-Q2,104.1689,0: Units,,,,A: Normal value,F: Free,
dataflow,BIS:WS_SPP(1.0): Selected residential property prices,I,Q: Quarterly,IT: Italy,R: Real,"628: Index, 2010 = 100",2007-Q3,104.9904,0: Units,,,,A: Normal value,F: Free,
dataflow,BIS:WS_SPP(1.0): Selected residential property prices,I,Q: Quarterly,IT: Italy,R: Real,"628: Index, 2010 = 100",2007-Q4,104.8048,0: Units,,,,A: Normal value,F: Free,
dataflow,BIS:WS_SPP(1.0): Selected residential property prices,I,Q: Quarterly,IT: Italy,R: Real,"628: Index, 2010 = 100",2008-Q1,104.3323,0: Units,,,,A: Normal value,F: Free,
dataflow,BIS:WS_SPP(1.0): Selected residential property prices,I,Q: Quarterly,IT: Italy,R: Real,"628: Index, 2010 = 100",2008-Q2,104.1912,0: Units,,,,A: Normal value,F: Free,
dataflow,BIS:WS_SPP(1.0): Selected residential property prices,I,Q: Quarterly,IT: Italy,R: Real,"628: Index, 2010 = 100",2008-Q3,103.6205,0: Units,,,,A: Normal value,F: Free,
dataflow,BIS:WS_SPP(1.0): Selected residential property prices,I,Q: Quarterly,IT: Italy,R: Real,"628: Index, 2010 = 100",2008-Q4,102.4912,0: Units,,,,A: Normal value,F: Free,
dataflow,BIS:WS_SPP(1.0): Selected residential property prices,I,Q: Quarterly,IT: Italy,R: Real,"628: Index, 2010 = 100",2009-Q1,103.0513,0: Units,,,,A: Normal value,F: Free,
dataflow,BIS:WS_SPP(1.0): Selected residential property prices,I,Q: Quarterly,IT: Italy,R: Real,"628: Index, 2010 = 100",2009-Q2,102.4191,0: Units,,,,A: Normal value,F: Free,
dataflow,BIS:WS_SPP(1.0): Selected residential property prices,I,Q: Quarterly,IT: Italy,R: Real,"628: Index, 2010 = 100",2009-Q3,102.3253,0: Units,,,,A: Normal value,F: Free,
dataflow,BIS:WS_SPP(1.0): Selected residential property prices,I,Q: Quarterly,IT: Italy,R: Real,"628: Index, 2010 = 100",2009-Q4,101.5593,0: Units,,,,A: Normal value,F: Free,
dataflow,BIS:WS_SPP(1.0): Selected residential property prices,I,Q: Quarterly,IT: Italy,R: Real,"628: Index, 2010 = 100",2010-Q1,99.6007,0: Units,,,,A: Normal value,F: Free,
dataflow,BIS:WS_SPP(1.0): Selected residential property prices,I,Q: Quarterly,IT: Italy,R: Real,"628: Index, 2010 = 100",2010-Q2,99.963,0: Units,,,,A: Normal value,F: Free,
dataflow,BIS:WS_SPP(1.0): Selected residential property prices,I,Q: Quarterly,IT: Italy,R: Real,"628: Index, 2010 = 100",2010-Q3,100.2962,0: Units,,,,A: Normal value,F: Free,
dataflow,BIS:WS_SPP(1.0): Selected residential property prices,I,Q: Quarterly,IT: Italy,R: Real,"628: Index, 2010 = 100",2010-Q4,100.1353,0: Units,,,,A: Normal value,F: Free,
dataflow,BIS:WS_SPP(1.0): Selected residential property prices,I,Q: Quarterly,IT: Italy,R: Real,"628: Index, 2010 = 100",2011-Q1,98.5792,0: Units,,,,A: Normal value,F: Free,
dataflow,BIS:WS_SPP(1.0): Selected residential property prices,I,Q: Quarterly,IT: Italy,R: Real,"628: Index, 2010 = 100",2011-Q2,99.6639,0: Units,,,,A: Normal value,F: Free,
dataflow,BIS:WS_SPP(1.0): Selected residential property prices,I,Q: Quarterly,IT: Italy,R: Real,"628: Index, 2010 = 100",2011-Q3,98.7089,0: Units,,,,A: Normal value,F: Free,
dataflow,BIS:WS_SPP(1.0): Selected residential property prices,I,Q: Quarterly,IT: Italy,R: Real,"628: Index, 2010 = 100",2011-Q4,97.4101,0: Units,,,,A: Normal value,F: Free,
dataflow,BIS:WS_SPP(1.0): Selected residential property prices,I,Q: Quarterly,IT: Italy,R: Real,"628: Index, 2010 = 100",2012-Q1,96.0388,0: Units,,,,A: Normal value,F: Free,
dataflow,BIS:WS_SPP(1.0): Selected residential property prices,I,Q: Quarterly,IT: Italy,R: Real,"628: Index, 2010 = 100",2012-Q2,94.3629,0: Units,,,,A: Normal value,F: Free,
dataflow,BIS:WS_SPP(1.0): Selected residential property prices,I,Q: Quarterly,IT: Italy,R: Real,"628: Index, 2010 = 100",2012-Q3,92.2508,0: Units,,,,A: Normal value,F: Free,
dataflow,BIS:WS_SPP(1.0): Selected residential property prices,I,Q: Quarterly,IT: Italy,R: Real,"628: Index, 2010 = 100",2012-Q4,90.3461,0: Units,,,,A: Normal value,F: Free,
dataflow,BIS:WS_SPP(1.0): Selected residential property prices,I,Q: Quarterly,IT: Italy,R: Real,"628: Index, 2010 = 100",2013-Q1,87.5266,0: Units,,,,A: Normal value,F: Free,
dataflow,BIS:WS_SPP(1.0): Selected residential property prices,I,Q: Quarterly,IT: Italy,R: Real,"628: Index, 2010 = 100",2013-Q2,87.0357,0: Units,,,,A: Normal value,F: Free,
dataflow,BIS:WS_SPP(1.0): Selected residential property prices,I,Q: Quarterly,IT: Italy,R: Real,"628: Index, 2010 = 100",2013-Q3,85.3755,0: Units,,,,A: Normal value,F: Free,
dataflow,BIS:WS_SPP(1.0): Selected residential property prices,I,Q: Quarterly,IT: Italy,R: Real,"628: Index, 2010 = 100",2013-Q4,84.5014,0: Units,,,,A: Normal value,F: Free,
dataflow,BIS:WS_SPP(1.0): Selected residential property prices,I,Q: Quarterly,IT: Italy,R: Real,"628: Index, 2010 = 100",2014-Q1,83.3349,0: Units,,,,A: Normal value,F: Free,
dataflow,BIS:WS_SPP(1.0): Selected residential property prices,I,Q: Quarterly,IT: Italy,R: Real,"628: Index, 2010 = 100",2014-Q2,82.359,0: Units,,,,A: Normal value,F: Free,
dataflow,BIS:WS_SPP(1.0): Selected residential property prices,I,Q: Quarterly,IT: Italy,R: Real,"628: Index, 2010 = 100",2014-Q3,81.4949,0: Units,,,,A: Normal value,F: Free,
dataflow,BIS:WS_SPP(1.0): Selected residential property prices,I,Q: Quarterly,IT: Italy,R: Real,"628: Index, 2010 = 100",2014-Q4,80.3853,0: Units,,,,A: Normal value,F: Free,
dataflow,BIS:WS_SPP(1.0): Selected residential property prices,I,Q: Quarterly,IT: Italy,R: Real,"628: Index, 2010 = 100",2015-Q1,78.7696,0: Units,,,,A: Normal value,F: Free,
dataflow,BIS:WS_SPP(1.0): Selected residential property prices,I,Q: Quarterly,IT: Italy,R: Real,"628: Index, 2010 = 100",2015-Q2,78.4718,0: Units,,,,A: Normal value,F: Free,
dataflow,BIS:WS_SPP(1.0): Selected residential property prices,I,Q: Quarterly,IT: Italy,R: Real,"628: Index, 2010 = 100",2015-Q3,79.1509,0: Units,,,,A: Normal value,F: Free,
dataflow,BIS:WS_SPP(1.0): Selected residential property prices,I,Q: Quarterly,IT: Italy,R: Real,"628: Index, 2010 = 100",2015-Q4,78.6162,0: Units,,,,A: Normal value,F: Free,
dataflow,BIS:WS_SPP(1.0): Selected residential property prices,I,Q: Quarterly,IT: Italy,R: Real,"628: Index, 2010 = 100",2016-Q1,78.9359,0: Units,,,,A: Normal value,F: Free,
dataflow,BIS:WS_SPP(1.0): Selected residential property prices,I,Q: Quarterly,IT: Italy,R: Real,"628: Index, 2010 = 100",2016-Q2,79.3276,0: Units,,,,A: Normal value,F: Free,
dataflow,BIS:WS_SPP(1.0): Selected residential property prices,I,Q: Quarterly,IT: Italy,R: Real,"628: Index, 2010 = 100",2016-Q3,79.1638,0: Units,,,,A: Normal value,F: Free,
dataflow,BIS:WS_SPP(1.0): Selected residential property prices,I,Q: Quarterly,IT: Italy,R: Real,"628: Index, 2010 = 100",2016-Q4,78.6995,0: Units,,,,A: Normal value,F: Free,
dataflow,BIS:WS_SPP(1.0): Selected residential property prices,I,Q: Quarterly,IT: Italy,R: Real,"628: Index, 2010 = 100",2017-Q1,77.3489,0: Units,,,,A: Normal value,F: Free,
dataflow,BIS:WS_SPP(1.0): Selected residential property prices,I,Q: Quarterly,IT: Italy,R: Real,"628: Index, 2010 = 100",2017-Q2,77.4292,0: Units,,,,A: Normal value,F: Free,
dataflow,BIS:WS_SPP(1.0): Selected residential property prices,I,Q: Quarterly,IT: Italy,R: Real,"628: Index, 2010 = 100",2017-Q3,77.1084,0: Units,,,,A: Normal value,F: Free,
dataflow,BIS:WS_SPP(1.0): Selected residential property prices,I,Q: Quarterly,IT: Italy,R: Real,"628: Index, 2010 = 100",2017-Q4,76.974,0: Units,,,,A: Normal value,F: Free,
dataflow,BIS:WS_SPP(1.0): Selected residential property prices,I,Q: Quarterly,IT: Italy,R: Real,"628: Index, 2010 = 100",2018-Q1,76.3387,0: Units,,,,A: Normal value,F: Free,
dataflow,BIS:WS_SPP(1.0): Selected residential property prices,I,Q: Quarterly,IT: Italy,R: Real,"628: Index, 2010 = 100",2018-Q2,76.4543,0: Units,,,,A: Normal value,F: Free,
dataflow,BIS:WS_SPP(1.0): Selected residential property prices,I,Q: Quarterly,IT: Italy,R: Real,"628: Index, 2010 = 100",2018-Q3,75.3603,0: Units,,,,A: Normal value,F: Free,
dataflow,BIS:WS_SPP(1.0): Selected residential property prices,I,Q: Quarterly,IT: Italy,R: Real,"628: Index, 2010 = 100",2018-Q4,75.5416,0: Units,,,,A: Normal value,F: Free,
dataflow,BIS:WS_SPP(1.0): Selected residential property prices,I,Q: Quarterly,IT: Italy,R: Real,"628: Index, 2010 = 100",2019-Q1,74.9964,0: Units,,,,A: Normal value,F: Free,
dataflow,BIS:WS_SPP(1.0): Selected residential property prices,I,Q: Quarterly,IT: Italy,R: Real,"628: Index, 2010 = 100",2019-Q2,75.7225,0: Units,,,,A: Normal value,F: Free,
dataflow,BIS:WS_SPP(1.0): Selected residential property prices,I,Q: Quarterly,IT: Italy,R: Real,"628: Index, 2010 = 100",2019-Q3,75.3575,0: Units,,,,A: Normal value,F: Free,
dataflow,BIS:WS_SPP(1.0): Selected residential property prices,I,Q: Quarterly,IT: Italy,R: Real,"628: Index, 2010 = 100",2019-Q4,75.4973,0: Units,,,,A: Normal value,F: Free,
dataflow,BIS:WS_SPP(1.0): Selected residential property prices,I,Q: Quarterly,IT: Italy,R: Real,"628: Index, 2010 = 100",2020-Q1,76.0207,0: Units,,,,A: Normal value,F: Free,
dataflow,BIS:WS_SPP(1.0): Selected residential property prices,I,Q: Quarterly,IT: Italy,R: Real,"628: Index, 2010 = 100",2020-Q2,78.3964,0: Units,,,,A: Normal value,F: Free,
dataflow,BIS:WS_SPP(1.0): Selected residential property prices,I,Q: Quarterly,IT: Italy,R: Real,"628: Index, 2010 = 100",2020-Q3,76.5253,0: Units,,,,A: Normal value,F: Free,
dataflow,BIS:WS_SPP(1.0): Selected residential property prices,I,Q: Quarterly,IT: Italy,R: Real,"628: Index, 2010 = 100",2020-Q4,76.832,0: Units,,,,A: Normal value,F: Free,
dataflow,BIS:WS_SPP(1.0): Selected residential property prices,I,Q: Quarterly,IT: Italy,R: Real,"628: Index, 2010 = 100",2021-Q1,76.9082,0: Units,,,,A: Normal value,F: Free,
dataflow,BIS:WS_SPP(1.0): Selected residential property prices,I,Q: Quarterly,IT: Italy,R: Real,"628: Index, 2010 = 100",2021-Q2,77.6427,0: Units,,,,A: Normal value,F: Free,
dataflow,BIS:WS_SPP(1.0): Selected residential property prices,I,Q: Quarterly,IT: Italy,R: Real,"628: Index, 2010 = 100",2021-Q3,77.9488,0: Units,,,,A: Normal value,F: Free,
dataflow,BIS:WS_SPP(1.0): Selected residential property prices,I,Q: Quarterly,IT: Italy,R: Real,"628: Index, 2010 = 100",2021-Q4,77.1283,0: Units,,,,A: Normal value,F: Free,
dataflow,BIS:WS_SPP(1.0): Selected residential property prices,I,Q: Quarterly,IT: Italy,R: Real,"628: Index, 2010 = 100",2022-Q1,76.1281,0: Units,,,,A: Normal value,F: Free,
dataflow,BIS:WS_SPP(1.0): Selected residential property prices,I,Q: Quarterly,IT: Italy,R: Real,"628: Index, 2010 = 100",2022-Q2,76.4015,0: Units,,,,A: Normal value,F: Free,
dataflow,BIS:WS_SPP(1.0): Selected residential property prices,I,Q: Quarterly,IT: Italy,R: Real,"628: Index, 2010 = 100",2022-Q3,74.0094,0: Units,,,,A: Normal value,F: Free,
dataflow,BIS:WS_SPP(1.0): Selected residential property prices,I,Q: Quarterly,IT: Italy,R: Real,"628: Index, 2010 = 100",2022-Q4,70.8737,0: Units,,,,A: Normal value,F: Free,
dataflow,BIS:WS_SPP(1.0): Selected residential property prices,I,Q: Quarterly,IT: Italy,R: Real,"628: Index, 2010 = 100",2023-Q1,70.5963,0: Units,,,,A: Normal value,F: Free,
dataflow,BIS:WS_SPP(1.0): Selected residential property prices,I,Q: Quarterly,IT: Italy,R: Real,"628: Index, 2010 = 100",2023-Q2,71.6764,0: Units,,,,A: Normal value,F: Free,
dataflow,BIS:WS_SPP(1.0): Selected residential property prices,I,Q: Quarterly,IT: Italy,R: Real,"628: Index, 2010 = 100",2023-Q3,71.3219,0: Units,,,,A: Normal value,F: Free,
dataflow,BIS:WS_SPP(1.0): Selected residential property prices,I,Q: Quarterly,IT: Italy,R: Real,"628: Index, 2010 = 100",2023-Q4,71.4062,0: Units,,,,A: Normal value,F: Free,
dataflow,BIS:WS_SPP(1.0): Selected residential property prices,I,Q: Quarterly,IT: Italy,R: Real,"628: Index, 2010 = 100",2024-Q1,71.0896,0: Units,,,,A: Normal value,F: Free,
dataflow,BIS:WS_SPP(1.0): Selected residential property prices,I,Q: Quarterly,IT: Italy,R: Real,"628: Index, 2010 = 100",2024-Q2,73.1516,0: Units,,,,A: Normal value,F: Free,
dataflow,BIS:WS_SPP(1.0): Selected residential property prices,I,Q: Quarterly,IT: Italy,R: Real,"628: Index, 2010 = 100",2024-Q3,73.2381,0: Units,,,,A: Normal value,F: Free,
dataflow,BIS:WS_SPP(1.0): Selected residential property prices,I,Q: Quarterly,IT: Italy,R: Real,"628: Index, 2010 = 100",2024-Q4,73.7504,0: Units,,,,A: Normal value,F: Free,
dataflow,BIS:WS_SPP(1.0): Selected residential property prices,I,Q: Quarterly,IT: Italy,R: Real,"628: Index, 2010 = 100",2025-Q1,72.996,0: Units,,,,A: Normal value,F: Free,
dataflow,BIS:WS_SPP(1.0): Selected residential property prices,I,Q: Quarterly,IT: Italy,R: Real,"628: Index, 2010 = 100",2025-Q2,74.7548,0: Units,,,,A: Normal value,F: Free,
dataflow,BIS:WS_SPP(1.0): Selected residential property prices,I,Q: Quarterly,IT: Italy,R: Real,"628: Index, 2010 = 100",2025-Q3,74.7614,0: Units,,,,A: Normal value,F: Free,
dataflow,BIS:WS_SPP(1.0): Selected residential property prices,I,Q: Quarterly,IT: Italy,R: Real,"628: Index, 2010 = 100",2025-Q4,75.8195,0: Units,,,,A: Normal value,F: Free,
dataflow,BIS:WS_SPP(1.0): Selected residential property prices,I,Q: Quarterly,IT: Italy,R: Real,"628: Index, 2010 = 100",2026-Q1,75.7398,0: Units,,,,A: Normal value,F: Free,
dataflow,BIS:WS_SPP(1.0): Selected residential property prices,I,Q: Quarterly,DE: Germany,N: Nominal,"628: Index, 2010 = 100",1970-Q1,37.5984,0: Units,,,,A: Normal value,F: Free,
dataflow,BIS:WS_SPP(1.0): Selected residential property prices,I,Q: Quarterly,DE: Germany,N: Nominal,"628: Index, 2010 = 100",1970-Q2,39.2939,0: Units,,,,A: Normal value,F: Free,
dataflow,BIS:WS_SPP(1.0): Selected residential property prices,I,Q: Quarterly,DE: Germany,N: Nominal,"628: Index, 2010 = 100",1970-Q3,39.6928,0: Units,,,,A: Normal value,F: Free,
dataflow,BIS:WS_SPP(1.0): Selected residential property prices,I,Q: Quarterly,DE: Germany,N: Nominal,"628: Index, 2010 = 100",1970-Q4,40.1914,0: Units,,,,A: Normal value,F: Free,
dataflow,BIS:WS_SPP(1.0): Selected residential property prices,I,Q: Quarterly,DE: Germany,N: Nominal,"628: Index, 2010 = 100",1971-Q1,41.4879,0: Units,,,,A: Normal value,F: Free,
dataflow,BIS:WS_SPP(1.0): Selected residential property prices,I,Q: Quarterly,DE: Germany,N: Nominal,"628: Index, 2010 = 100",1971-Q2,43.4826,0: Units,,,,A: Normal value,F: Free,
dataflow,BIS:WS_SPP(1.0): Selected residential property prices,I,Q: Quarterly,DE: Germany,N: Nominal,"628: Index, 2010 = 100",1971-Q3,44.0809,0: Units,,,,A: Normal value,F: Free,
dataflow,BIS:WS_SPP(1.0): Selected residential property prices,I,Q: Quarterly,DE: Germany,N: Nominal,"628: Index, 2010 = 100",1971-Q4,44.1807,0: Units,,,,A: Normal value,F: Free,
dataflow,BIS:WS_SPP(1.0): Selected residential property prices,I,Q: Quarterly,DE: Germany,N: Nominal,"628: Index, 2010 = 100",1972-Q1,45.0782,0: Units,,,,A: Normal value,F: Free,
dataflow,BIS:WS_SPP(1.0): Selected residential property prices,I,Q: Quarterly,DE: Germany,N: Nominal,"628: Index, 2010 = 100",1972-Q2,46.1753,0: Units,,,,A: Normal value,F: Free,
dataflow,BIS:WS_SPP(1.0): Selected residential property prices,I,Q: Quarterly,DE: Germany,N: Nominal,"628: Index, 2010 = 100",1972-Q3,46.6739,0: Units,,,,A: Normal value,F: Free,
dataflow,BIS:WS_SPP(1.0): Selected residential property prices,I,Q: Quarterly,DE: Germany,N: Nominal,"628: Index, 2010 = 100",1972-Q4,46.9731,0: Units,,,,A: Normal value,F: Free,
dataflow,BIS:WS_SPP(1.0): Selected residential property prices,I,Q: Quarterly,DE: Germany,N: Nominal,"628: Index, 2010 = 100",1973-Q1,47.6712,0: Units,,,,A: Normal value,F: Free,
dataflow,BIS:WS_SPP(1.0): Selected residential property prices,I,Q: Quarterly,DE: Germany,N: Nominal,"628: Index, 2010 = 100",1973-Q2,49.8653,0: Units,,,,A: Normal value,F: Free,
dataflow,BIS:WS_SPP(1.0): Selected residential property prices,I,Q: Quarterly,DE: Germany,N: Nominal,"628: Index, 2010 = 100",1973-Q3,50.364,0: Units,,,,A: Normal value,F: Free,
dataflow,BIS:WS_SPP(1.0): Selected residential property prices,I,Q: Quarterly,DE: Germany,N: Nominal,"628: Index, 2010 = 100",1973-Q4,50.364,0: Units,,,,A: Normal value,F: Free,
dataflow,BIS:WS_SPP(1.0): Selected residential property prices,I,Q: Quarterly,DE: Germany,N: Nominal,"628: Index, 2010 = 100",1974-Q1,51.461,0: Units,,,,A: Normal value,F: Free,
dataflow,BIS:WS_SPP(1.0): Selected residential property prices,I,Q: Quarterly,DE: Germany,N: Nominal,"628: Index, 2010 = 100",1974-Q2,53.5553,0: Units,,,,A: Normal value,F: Free,
dataflow,BIS:WS_SPP(1.0): Selected residential property prices,I,Q: Quarterly,DE: Germany,N: Nominal,"628: Index, 2010 = 100",1974-Q3,54.054,0: Units,,,,A: Normal value,F: Free,
dataflow,BIS:WS_SPP(1.0): Selected residential property prices,I,Q: Quarterly,DE: Germany,N: Nominal,"628: Index, 2010 = 100",1974-Q4,53.7548,0: Units,,,,A: Normal value,F: Free,
dataflow,BIS:WS_SPP(1.0): Selected residential property prices,I,Q: Quarterly,DE: Germany,N: Nominal,"628: Index, 2010 = 100",1975-Q1,53.8827,0: Units,,,,A: Normal value,F: Free,
dataflow,BIS:WS_SPP(1.0): Selected residential property prices,I,Q: Quarterly,DE: Germany,N: Nominal,"628: Index, 2010 = 100",1975-Q2,54.6747,0: Units,,,,A: Normal value,F: Free,
dataflow,BIS:WS_SPP(1.0): Selected residential property prices,I,Q: Quarterly,DE: Germany,N: Nominal,"628: Index, 2010 = 100",1975-Q3,54.6936,0: Units,,,,A: Normal value,F: Free,
dataflow,BIS:WS_SPP(1.0): Selected residential property prices,I,Q: Quarterly,DE: Germany,N: Nominal,"628: Index, 2010 = 100",1975-Q4,54.5635,0: Units,,,,A: Normal value,F: Free,
dataflow,BIS:WS_SPP(1.0): Selected residential property prices,I,Q: Quarterly,DE: Germany,N: Nominal,"628: Index, 2010 = 100",1976-Q1,54.6879,0: Units,,,,A: Normal value,F: Free,
dataflow,BIS:WS_SPP(1.0): Selected residential property prices,I,Q: Quarterly,DE: Germany,N: Nominal,"628: Index, 2010 = 100",1976-Q2,55.5742,0: Units,,,,A: Normal value,F: Free,
dataflow,BIS:WS_SPP(1.0): Selected residential property prices,I,Q: Quarterly,DE: Germany,N: Nominal,"628: Index, 2010 = 100",1976-Q3,55.8614,0: Units,,,,A: Normal value,F: Free,
dataflow,BIS:WS_SPP(1.0): Selected residential property prices,I,Q: Quarterly,DE: Germany,N: Nominal,"628: Index, 2010 = 100",1976-Q4,56.7041,0: Units,,,,A: Normal value,F: Free,
dataflow,BIS:WS_SPP(1.0): Selected residential property prices,I,Q: Quarterly,DE: Germany,N: Nominal,"628: Index, 2010 = 100",1977-Q1,57.1612,0: Units,,,,A: Normal value,F: Free,
dataflow,BIS:WS_SPP(1.0): Selected residential property prices,I,Q: Quarterly,DE: Germany,N: Nominal,"628: Index, 2010 = 100",1977-Q2,58.5039,0: Units,,,,A: Normal value,F: Free,
dataflow,BIS:WS_SPP(1.0): Selected residential property prices,I,Q: Quarterly,DE: Germany,N: Nominal,"628: Index, 2010 = 100",1977-Q3,59.3543,0: Units,,,,A: Normal value,F: Free,
dataflow,BIS:WS_SPP(1.0): Selected residential property prices,I,Q: Quarterly,DE: Germany,N: Nominal,"628: Index, 2010 = 100",1977-Q4,59.9643,0: Units,,,,A: Normal value,F: Free,
dataflow,BIS:WS_SPP(1.0): Selected residential property prices,I,Q: Quarterly,DE: Germany,N: Nominal,"628: Index, 2010 = 100",1978-Q1,61.0765,0: Units,,,,A: Normal value,F: Free,
dataflow,BIS:WS_SPP(1.0): Selected residential property prices,I,Q: Quarterly,DE: Germany,N: Nominal,"628: Index, 2010 = 100",1978-Q2,62.5668,0: Units,,,,A: Normal value,F: Free,
dataflow,BIS:WS_SPP(1.0): Selected residential property prices,I,Q: Quarterly,DE: Germany,N: Nominal,"628: Index, 2010 = 100",1978-Q3,63.7864,0: Units,,,,A: Normal value,F: Free,
dataflow,BIS:WS_SPP(1.0): Selected residential property prices,I,Q: Quarterly,DE: Germany,N: Nominal,"628: Index, 2010 = 100",1978-Q4,64.7398,0: Units,,,,A: Normal value,F: Free,
dataflow,BIS:WS_SPP(1.0): Selected residential property prices,I,Q: Quarterly,DE: Germany,N: Nominal,"628: Index, 2010 = 100",1979-Q1,66.0662,0: Units,,,,A: Normal value,F: Free,
dataflow,BIS:WS_SPP(1.0): Selected residential property prices,I,Q: Quarterly,DE: Germany,N: Nominal,"628: Index, 2010 = 100",1979-Q2,68.6576,0: Units,,,,A: Normal value,F: Free,
dataflow,BIS:WS_SPP(1.0): Selected residential property prices,I,Q: Quarterly,DE: Germany,N: Nominal,"628: Index, 2010 = 100",1979-Q3,69.9795,0: Units,,,,A: Normal value,F: Free,
dataflow,BIS:WS_SPP(1.0): Selected residential property prices,I,Q: Quarterly,DE: Germany,N: Nominal,"628: Index, 2010 = 100",1979-Q4,70.3829,0: Units,,,,A: Normal value,F: Free,
dataflow,BIS:WS_SPP(1.0): Selected residential property prices,I,Q: Quarterly,DE: Germany,N: Nominal,"628: Index, 2010 = 100",1980-Q1,71.6748,0: Units,,,,A: Normal value,F: Free,
dataflow,BIS:WS_SPP(1.0): Selected residential property prices,I,Q: Quarterly,DE: Germany,N: Nominal,"628: Index, 2010 = 100",1980-Q2,73.4748,0: Units,,,,A: Normal value,F: Free,
dataflow,BIS:WS_SPP(1.0): Selected residential property prices,I,Q: Quarterly,DE: Germany,N: Nominal,"628: Index, 2010 = 100",1980-Q3,74.3731,0: Units,,,,A: Normal value,F: Free,
dataflow,BIS:WS_SPP(1.0): Selected residential property prices,I,Q: Quarterly,DE: Germany,N: Nominal,"628: Index, 2010 = 100",1980-Q4,75.6602,0: Units,,,,A: Normal value,F: Free,
dataflow,BIS:WS_SPP(1.0): Selected residential property prices,I,Q: Quarterly,DE: Germany,N: Nominal,"628: Index, 2010 = 100",1981-Q1,76.9375,0: Units,,,,A: Normal value,F: Free,
dataflow,BIS:WS_SPP(1.0): Selected residential property prices,I,Q: Quarterly,DE: Germany,N: Nominal,"628: Index, 2010 = 100",1981-Q2,79.3518,0: Units,,,,A: Normal value,F: Free,
dataflow,BIS:WS_SPP(1.0): Selected residential property prices,I,Q: Quarterly,DE: Germany,N: Nominal,"628: Index, 2010 = 100",1981-Q3,80.0153,0: Units,,,,A: Normal value,F: Free,
dataflow,BIS:WS_SPP(1.0): Selected residential property prices,I,Q: Quarterly,DE: Germany,N: Nominal,"628: Index, 2010 = 100",1981-Q4,79.6432,0: Units,,,,A: Normal value,F: Free,
dataflow,BIS:WS_SPP(1.0): Selected residential property prices,I,Q: Quarterly,DE: Germany,N: Nominal,"628: Index, 2010 = 100",1982-Q1,79.7825,0: Units,,,,A: Normal value,F: Free,
dataflow,BIS:WS_SPP(1.0): Selected residential property prices,I,Q: Quarterly,DE: Germany,N: Nominal,"628: Index, 2010 = 100",1982-Q2,79.797,0: Units,,,,A: Normal value,F: Free,
dataflow,BIS:WS_SPP(1.0): Selected residential property prices,I,Q: Quarterly,DE: Germany,N: Nominal,"628: Index, 2010 = 100",1982-Q3,79.814,0: Units,,,,A: Normal value,F: Free,
dataflow,BIS:WS_SPP(1.0): Selected residential property prices,I,Q: Quarterly,DE: Germany,N: Nominal,"628: Index, 2010 = 100",1982-Q4,79.4638,0: Units,,,,A: Normal value,F: Free,
dataflow,BIS:WS_SPP(1.0): Selected residential property prices,I,Q: Quarterly,DE: Germany,N: Nominal,"628: Index, 2010 = 100",1983-Q1,79.4954,0: Units,,,,A: Normal value,F: Free,
dataflow,BIS:WS_SPP(1.0): Selected residential property prices,I,Q: Quarterly,DE: Germany,N: Nominal,"628: Index, 2010 = 100",1983-Q2,80.1618,0: Units,,,,A: Normal value,F: Free,
dataflow,BIS:WS_SPP(1.0): Selected residential property prices,I,Q: Quarterly,DE: Germany,N: Nominal,"628: Index, 2010 = 100",1983-Q3,80.2947,0: Units,,,,A: Normal value,F: Free,
dataflow,BIS:WS_SPP(1.0): Selected residential property prices,I,Q: Quarterly,DE: Germany,N: Nominal,"628: Index, 2010 = 100",1983-Q4,79.6139,0: Units,,,,A: Normal value,F: Free,
dataflow,BIS:WS_SPP(1.0): Selected residential property prices,I,Q: Quarterly,DE: Germany,N: Nominal,"628: Index, 2010 = 100",1984-Q1,78.8112,0: Units,,,,A: Normal value,F: Free,
dataflow,BIS:WS_SPP(1.0): Selected residential property prices,I,Q: Quarterly,DE: Germany,N: Nominal,"628: Index, 2010 = 100",1984-Q2,78.5211,0: Units,,,,A: Normal value,F: Free,
dataflow,BIS:WS_SPP(1.0): Selected residential property prices,I,Q: Quarterly,DE: Germany,N: Nominal,"628: Index, 2010 = 100",1984-Q3,78.0704,0: Units,,,,A: Normal value,F: Free,
dataflow,BIS:WS_SPP(1.0): Selected residential property prices,I,Q: Quarterly,DE: Germany,N: Nominal,"628: Index, 2010 = 100",1984-Q4,77.7284,0: Units,,,,A: Normal value,F: Free,
dataflow,BIS:WS_SPP(1.0): Selected residential property prices,I,Q: Quarterly,DE: Germany,N: Nominal,"628: Index, 2010 = 100",1985-Q1,77.5157,0: Units,,,,A: Normal value,F: Free,
dataflow,BIS:WS_SPP(1.0): Selected residential property prices,I,Q: Quarterly,DE: Germany,N: Nominal,"628: Index, 2010 = 100",1985-Q2,77.1773,0: Units,,,,A: Normal value,F: Free,
dataflow,BIS:WS_SPP(1.0): Selected residential property prices,I,Q: Quarterly,DE: Germany,N: Nominal,"628: Index, 2010 = 100",1985-Q3,77.4362,0: Units,,,,A: Normal value,F: Free,
dataflow,BIS:WS_SPP(1.0): Selected residential property prices,I,Q: Quarterly,DE: Germany,N: Nominal,"628: Index, 2010 = 100",1985-Q4,77.4115,0: Units,,,,A: Normal value,F: Free,
dataflow,BIS:WS_SPP(1.0): Selected residential property prices,I,Q: Quarterly,DE: Germany,N: Nominal,"628: Index, 2010 = 100",1986-Q1,77.387,0: Units,,,,A: Normal value,F: Free,
dataflow,BIS:WS_SPP(1.0): Selected residential property prices,I,Q: Quarterly,DE: Germany,N: Nominal,"628: Index, 2010 = 100",1986-Q2,77.8703,0: Units,,,,A: Normal value,F: Free,
dataflow,BIS:WS_SPP(1.0): Selected residential property prices,I,Q: Quarterly,DE: Germany,N: Nominal,"628: Index, 2010 = 100",1986-Q3,77.7147,0: Units,,,,A: Normal value,F: Free,
dataflow,BIS:WS_SPP(1.0): Selected residential property prices,I,Q: Quarterly,DE: Germany,N: Nominal,"628: Index, 2010 = 100",1986-Q4,77.284,0: Units,,,,A: Normal value,F: Free,
dataflow,BIS:WS_SPP(1.0): Selected residential property prices,I,Q: Quarterly,DE: Germany,N: Nominal,"628: Index, 2010 = 100",1987-Q1,76.9862,0: Units,,,,A: Normal value,F: Free,
dataflow,BIS:WS_SPP(1.0): Selected residential property prices,I,Q: Quarterly,DE: Germany,N: Nominal,"628: Index, 2010 = 100",1987-Q2,76.9451,0: Units,,,,A: Normal value,F: Free,
dataflow,BIS:WS_SPP(1.0): Selected residential property prices,I,Q: Quarterly,DE: Germany,N: Nominal,"628: Index, 2010 = 100",1987-Q3,76.9679,0: Units,,,,A: Normal value,F: Free,
dataflow,BIS:WS_SPP(1.0): Selected residential property prices,I,Q: Quarterly,DE: Germany,N: Nominal,"628: Index, 2010 = 100",1987-Q4,77.206,0: Units,,,,A: Normal value,F: Free,
dataflow,BIS:WS_SPP(1.0): Selected residential property prices,I,Q: Quarterly,DE: Germany,N: Nominal,"628: Index, 2010 = 100",1988-Q1,77.3168,0: Units,,,,A: Normal value,F: Free,
dataflow,BIS:WS_SPP(1.0): Selected residential property prices,I,Q: Quarterly,DE: Germany,N: Nominal,"628: Index, 2010 = 100",1988-Q2,78.1882,0: Units,,,,A: Normal value,F: Free,
dataflow,BIS:WS_SPP(1.0): Selected residential property prices,I,Q: Quarterly,DE: Germany,N: Nominal,"628: Index, 2010 = 100",1988-Q3,78.7459,0: Units,,,,A: Normal value,F: Free,
dataflow,BIS:WS_SPP(1.0): Selected residential property prices,I,Q: Quarterly,DE: Germany,N: Nominal,"628: Index, 2010 = 100",1988-Q4,78.8604,0: Units,,,,A: Normal value,F: Free,
dataflow,BIS:WS_SPP(1.0): Selected residential property prices,I,Q: Quarterly,DE: Germany,N: Nominal,"628: Index, 2010 = 100",1989-Q1,79.3557,0: Units,,,,A: Normal value,F: Free,
dataflow,BIS:WS_SPP(1.0): Selected residential property prices,I,Q: Quarterly,DE: Germany,N: Nominal,"628: Index, 2010 = 100",1989-Q2,80.1047,0: Units,,,,A: Normal value,F: Free,
dataflow,BIS:WS_SPP(1.0): Selected residential property prices,I,Q: Quarterly,DE: Germany,N: Nominal,"628: Index, 2010 = 100",1989-Q3,81.1776,0: Units,,,,A: Normal value,F: Free,
dataflow,BIS:WS_SPP(1.0): Selected residential property prices,I,Q: Quarterly,DE: Germany,N: Nominal,"628: Index, 2010 = 100",1989-Q4,82.4775,0: Units,,,,A: Normal value,F: Free,
dataflow,BIS:WS_SPP(1.0): Selected residential property prices,I,Q: Quarterly,DE: Germany,N: Nominal,"628: Index, 2010 = 100",1990-Q1,84.7825,0: Units,,,,A: Normal value,F: Free,
dataflow,BIS:WS_SPP(1.0): Selected residential property prices,I,Q: Quarterly,DE: Germany,N: Nominal,"628: Index, 2010 = 100",1990-Q2,87.2093,0: Units,,,,A: Normal value,F: Free,
dataflow,BIS:WS_SPP(1.0): Selected residential property prices,I,Q: Quarterly,DE: Germany,N: Nominal,"628: Index, 2010 = 100",1990-Q3,88.321,0: Units,,,,A: Normal value,F: Free,
dataflow,BIS:WS_SPP(1.0): Selected residential property prices,I,Q: Quarterly,DE: Germany,N: Nominal,"628: Index, 2010 = 100",1990-Q4,88.5826,0: Units,,,,A: Normal value,F: Free,
dataflow,BIS:WS_SPP(1.0): Selected residential property prices,I,Q: Quarterly,DE: Germany,N: Nominal,"628: Index, 2010 = 100",1991-Q1,89.3542,0: Units,,,,A: Normal value,F: Free,
dataflow,BIS:WS_SPP(1.0): Selected residential property prices,I,Q: Quarterly,DE: Germany,N: Nominal,"628: Index, 2010 = 100",1991-Q2,91.269,0: Units,,,,A: Normal value,F: Free,
dataflow,BIS:WS_SPP(1.0): Selected residential property prices,I,Q: Quarterly,DE: Germany,N: Nominal,"628: Index, 2010 = 100",1991-Q3,91.9828,0: Units,,,,A: Normal value,F: Free,
dataflow,BIS:WS_SPP(1.0): Selected residential property prices,I,Q: Quarterly,DE: Germany,N: Nominal,"628: Index, 2010 = 100",1991-Q4,92.7788,0: Units,,,,A: Normal value,F: Free,
dataflow,BIS:WS_SPP(1.0): Selected residential property prices,I,Q: Quarterly,DE: Germany,N: Nominal,"628: Index, 2010 = 100",1992-Q1,94.2083,0: Units,,,,A: Normal value,F: Free,
dataflow,BIS:WS_SPP(1.0): Selected residential property prices,I,Q: Quarterly,DE: Germany,N: Nominal,"628: Index, 2010 = 100",1992-Q2,95.7638,0: Units,,,,A: Normal value,F: Free,
dataflow,BIS:WS_SPP(1.0): Selected residential property prices,I,Q: Quarterly,DE: Germany,N: Nominal,"628: Index, 2010 = 100",1992-Q3,96.8827,0: Units,,,,A: Normal value,F: Free,
dataflow,BIS:WS_SPP(1.0): Selected residential property prices,I,Q: Quarterly,DE: Germany,N: Nominal,"628: Index, 2010 = 100",1992-Q4,97.1818,0: Units,,,,A: Normal value,F: Free,
dataflow,BIS:WS_SPP(1.0): Selected residential property prices,I,Q: Quarterly,DE: Germany,N: Nominal,"628: Index, 2010 = 100",1993-Q1,98.6223,0: Units,,,,A: Normal value,F: Free,
dataflow,BIS:WS_SPP(1.0): Selected residential property prices,I,Q: Quarterly,DE: Germany,N: Nominal,"628: Index, 2010 = 100",1993-Q2,99.8088,0: Units,,,,A: Normal value,F: Free,
dataflow,BIS:WS_SPP(1.0): Selected residential property prices,I,Q: Quarterly,DE: Germany,N: Nominal,"628: Index, 2010 = 100",1993-Q3,100.6819,0: Units,,,,A: Normal value,F: Free,
dataflow,BIS:WS_SPP(1.0): Selected residential property prices,I,Q: Quarterly,DE: Germany,N: Nominal,"628: Index, 2010 = 100",1993-Q4,101.3896,0: Units,,,,A: Normal value,F: Free,
dataflow,BIS:WS_SPP(1.0): Selected residential property prices,I,Q: Quarterly,DE: Germany,N: Nominal,"628: Index, 2010 = 100",1994-Q1,102.4704,0: Units,,,,A: Normal value,F: Free,
dataflow,BIS:WS_SPP(1.0): Selected residential property prices,I,Q: Quarterly,DE: Germany,N: Nominal,"628: Index, 2010 = 100",1994-Q2,103.9279,0: Units,,,,A: Normal value,F: Free,
dataflow,BIS:WS_SPP(1.0): Selected residential property prices,I,Q: Quarterly,DE: Germany,N: Nominal,"628: Index, 2010 = 100",1994-Q3,104.6583,0: Units,,,,A: Normal value,F: Free,
dataflow,BIS:WS_SPP(1.0): Selected residential property prices,I,Q: Quarterly,DE: Germany,N: Nominal,"628: Index, 2010 = 100",1994-Q4,104.4989,0: Units,,,,A: Normal value,F: Free,
dataflow,BIS:WS_SPP(1.0): Selected residential property prices,I,Q: Quarterly,DE: Germany,N: Nominal,"628: Index, 2010 = 100",1995-Q1,104.85,0: Units,,,,A: Normal value,F: Free,
dataflow,BIS:WS_SPP(1.0): Selected residential property prices,I,Q: Quarterly,DE: Germany,N: Nominal,"628: Index, 2010 = 100",1995-Q2,105.3296,0: Units,,,,A: Normal value,F: Free,
dataflow,BIS:WS_SPP(1.0): Selected residential property prices,I,Q: Quarterly,DE: Germany,N: Nominal,"628: Index, 2010 = 100",1995-Q3,105.0211,0: Units,,,,A: Normal value,F: Free,
dataflow,BIS:WS_SPP(1.0): Selected residential property prices,I,Q: Quarterly,DE: Germany,N: Nominal,"628: Index, 2010 = 100",1995-Q4,104.6859,0: Units,,,,A: Normal value,F: Free,
dataflow,BIS:WS_SPP(1.0): Selected residential property prices,I,Q: Quarterly,DE: Germany,N: Nominal,"628: Index, 2010 = 100",1996-Q1,104.2256,0: Units,,,,A: Normal value,F: Free,
dataflow,BIS:WS_SPP(1.0): Selected residential property prices,I,Q: Quarterly,DE: Germany,N: Nominal,"628: Index, 2010 = 100",1996-Q2,103.7671,0: Units,,,,A: Normal value,F: Free,
dataflow,BIS:WS_SPP(1.0): Selected residential property prices,I,Q: Quarterly,DE: Germany,N: Nominal,"628: Index, 2010 = 100",1996-Q3,103.4384,0: Units,,,,A: Normal value,F: Free,
dataflow,BIS:WS_SPP(1.0): Selected residential property prices,I,Q: Quarterly,DE: Germany,N: Nominal,"628: Index, 2010 = 100",1996-Q4,102.732,0: Units,,,,A: Normal value,F: Free,
dataflow,BIS:WS_SPP(1.0): Selected residential property prices,I,Q: Quarterly,DE: Germany,N: Nominal,"628: Index, 2010 = 100",1997-Q1,102.4098,0: Units,,,,A: Normal value,F: Free,
dataflow,BIS:WS_SPP(1.0): Selected residential property prices,I,Q: Quarterly,DE: Germany,N: Nominal,"628: Index, 2010 = 100",1997-Q2,101.8356,0: Units,,,,A: Normal value,F: Free,
dataflow,BIS:WS_SPP(1.0): Selected residential property prices,I,Q: Quarterly,DE: Germany,N: Nominal,"628: Index, 2010 = 100",1997-Q3,101.5889,0: Units,,,,A: Normal value,F: Free,
dataflow,BIS:WS_SPP(1.0): Selected residential property prices,I,Q: Quarterly,DE: Germany,N: Nominal,"628: Index, 2010 = 100",1997-Q4,101.1689,0: Units,,,,A: Normal value,F: Free,
dataflow,BIS:WS_SPP(1.0): Selected residential property prices,I,Q: Quarterly,DE: Germany,N: Nominal,"628: Index, 2010 = 100",1998-Q1,100.7508,0: Units,,,,A: Normal value,F: Free,
dataflow,BIS:WS_SPP(1.0): Selected residential property prices,I,Q: Quarterly,DE: Germany,N: Nominal,"628: Index, 2010 = 100",1998-Q2,100.9679,0: Units,,,,A: Normal value,F: Free,
dataflow,BIS:WS_SPP(1.0): Selected residential property prices,I,Q: Quarterly,DE: Germany,N: Nominal,"628: Index, 2010 = 100",1998-Q3,100.7988,0: Units,,,,A: Normal value,F: Free,
dataflow,BIS:WS_SPP(1.0): Selected residential property prices,I,Q: Quarterly,DE: Germany,N: Nominal,"628: Index, 2010 = 100",1998-Q4,100.8869,0: Units,,,,A: Normal value,F: Free,
dataflow,BIS:WS_SPP(1.0): Selected residential property prices,I,Q: Quarterly,DE: Germany,N: Nominal,"628: Index, 2010 = 100",1999-Q1,100.7203,0: Units,,,,A: Normal value,F: Free,
dataflow,BIS:WS_SPP(1.0): Selected residential property prices,I,Q: Quarterly,DE: Germany,N: Nominal,"628: Index, 2010 = 100",1999-Q2,100.807,0: Units,,,,A: Normal value,F: Free,
dataflow,BIS:WS_SPP(1.0): Selected residential property prices,I,Q: Quarterly,DE: Germany,N: Nominal,"628: Index, 2010 = 100",1999-Q3,100.894,0: Units,,,,A: Normal value,F: Free,
dataflow,BIS:WS_SPP(1.0): Selected residential property prices,I,Q: Quarterly,DE: Germany,N: Nominal,"628: Index, 2010 = 100",1999-Q4,100.9806,0: Units,,,,A: Normal value,F: Free,
dataflow,BIS:WS_SPP(1.0): Selected residential property prices,I,Q: Quarterly,DE: Germany,N: Nominal,"628: Index, 2010 = 100",2000-Q1,101.1936,0: Units,,,,A: Normal value,F: Free,
dataflow,BIS:WS_SPP(1.0): Selected residential property prices,I,Q: Quarterly,DE: Germany,N: Nominal,"628: Index, 2010 = 100",2000-Q2,101.4062,0: Units,,,,A: Normal value,F: Free,
dataflow,BIS:WS_SPP(1.0): Selected residential property prices,I,Q: Quarterly,DE: Germany,N: Nominal,"628: Index, 2010 = 100",2000-Q3,101.4631,0: Units,,,,A: Normal value,F: Free,
dataflow,BIS:WS_SPP(1.0): Selected residential property prices,I,Q: Quarterly,DE: Germany,N: Nominal,"628: Index, 2010 = 100",2000-Q4,101.4899,0: Units,,,,A: Normal value,F: Free,
dataflow,BIS:WS_SPP(1.0): Selected residential property prices,I,Q: Quarterly,DE: Germany,N: Nominal,"628: Index, 2010 = 100",2001-Q1,101.5164,0: Units,,,,A: Normal value,F: Free,
dataflow,BIS:WS_SPP(1.0): Selected residential property prices,I,Q: Quarterly,DE: Germany,N: Nominal,"628: Index, 2010 = 100",2001-Q2,101.5428,0: Units,,,,A: Normal value,F: Free,
dataflow,BIS:WS_SPP(1.0): Selected residential property prices,I,Q: Quarterly,DE: Germany,N: Nominal,"628: Index, 2010 = 100",2001-Q3,101.4682,0: Units,,,,A: Normal value,F: Free,
dataflow,BIS:WS_SPP(1.0): Selected residential property prices,I,Q: Quarterly,DE: Germany,N: Nominal,"628: Index, 2010 = 100",2001-Q4,101.0318,0: Units,,,,A: Normal value,F: Free,
dataflow,BIS:WS_SPP(1.0): Selected residential property prices,I,Q: Quarterly,DE: Germany,N: Nominal,"628: Index, 2010 = 100",2002-Q1,100.9781,0: Units,,,,A: Normal value,F: Free,
dataflow,BIS:WS_SPP(1.0): Selected residential property prices,I,Q: Quarterly,DE: Germany,N: Nominal,"628: Index, 2010 = 100",2002-Q2,100.9253,0: Units,,,,A: Normal value,F: Free,
dataflow,BIS:WS_SPP(1.0): Selected residential property prices,I,Q: Quarterly,DE: Germany,N: Nominal,"628: Index, 2010 = 100",2002-Q3,100.6495,0: Units,,,,A: Normal value,F: Free,
dataflow,BIS:WS_SPP(1.0): Selected residential property prices,I,Q: Quarterly,DE: Germany,N: Nominal,"628: Index, 2010 = 100",2002-Q4,100.1452,0: Units,,,,A: Normal value,F: Free,
dataflow,BIS:WS_SPP(1.0): Selected residential property prices,I,Q: Quarterly,DE: Germany,N: Nominal,"628: Index, 2010 = 100",2003-Q1,99.8987,0: Units,,,,A: Normal value,F: Free,
dataflow,BIS:WS_SPP(1.0): Selected residential property prices,I,Q: Quarterly,DE: Germany,N: Nominal,"628: Index, 2010 = 100",2003-Q2,99.5275,0: Units,,,,A: Normal value,F: Free,
dataflow,BIS:WS_SPP(1.0): Selected residential property prices,I,Q: Quarterly,DE: Germany,N: Nominal,"628: Index, 2010 = 100",2003-Q3,99.0589,0: Units,,,,A: Normal value,F: Free,
dataflow,BIS:WS_SPP(1.0): Selected residential property prices,I,Q: Quarterly,DE: Germany,N: Nominal,"628: Index, 2010 = 100",2003-Q4,98.4889,0: Units,,,,A: Normal value,F: Free,
dataflow,BIS:WS_SPP(1.0): Selected residential property prices,I,Q: Quarterly,DE: Germany,N: Nominal,"628: Index, 2010 = 100",2004-Q1,97.9219,0: Units,,,,A: Normal value,F: Free,
dataflow,BIS:WS_SPP(1.0): Selected residential property prices,I,Q: Quarterly,DE: Germany,N: Nominal,"628: Index, 2010 = 100",2004-Q2,98.3731,0: Units,,,,A: Normal value,F: Free,
dataflow,BIS:WS_SPP(1.0): Selected residential property prices,I,Q: Quarterly,DE: Germany,N: Nominal,"628: Index, 2010 = 100",2004-Q3,97.989,0: Units,,,,A: Normal value,F: Free,
dataflow,BIS:WS_SPP(1.0): Selected residential property prices,I,Q: Quarterly,DE: Germany,N: Nominal,"628: Index, 2010 = 100",2004-Q4,97.6603,0: Units,,,,A: Normal value,F: Free,
dataflow,BIS:WS_SPP(1.0): Selected residential property prices,I,Q: Quarterly,DE: Germany,N: Nominal,"628: Index, 2010 = 100",2005-Q1,97.5903,0: Units,,,,A: Normal value,F: Free,
dataflow,BIS:WS_SPP(1.0): Selected residential property prices,I,Q: Quarterly,DE: Germany,N: Nominal,"628: Index, 2010 = 100",2005-Q2,97.0153,0: Units,,,,A: Normal value,F: Free,
dataflow,BIS:WS_SPP(1.0): Selected residential property prices,I,Q: Quarterly,DE: Germany,N: Nominal,"628: Index, 2010 = 100",2005-Q3,96.8644,0: Units,,,,A: Normal value,F: Free,
dataflow,BIS:WS_SPP(1.0): Selected residential property prices,I,Q: Quarterly,DE: Germany,N: Nominal,"628: Index, 2010 = 100",2005-Q4,96.8982,0: Units,,,,A: Normal value,F: Free,
dataflow,BIS:WS_SPP(1.0): Selected residential property prices,I,Q: Quarterly,DE: Germany,N: Nominal,"628: Index, 2010 = 100",2006-Q1,95.7923,0: Units,,,,A: Normal value,F: Free,
dataflow,BIS:WS_SPP(1.0): Selected residential property prices,I,Q: Quarterly,DE: Germany,N: Nominal,"628: Index, 2010 = 100",2006-Q2,97.2247,0: Units,,,,A: Normal value,F: Free,
dataflow,BIS:WS_SPP(1.0): Selected residential property prices,I,Q: Quarterly,DE: Germany,N: Nominal,"628: Index, 2010 = 100",2006-Q3,98.299,0: Units,,,,A: Normal value,F: Free,
dataflow,BIS:WS_SPP(1.0): Selected residential property prices,I,Q: Quarterly,DE: Germany,N: Nominal,"628: Index, 2010 = 100",2006-Q4,97.0457,0: Units,,,,A: Normal value,F: Free,
dataflow,BIS:WS_SPP(1.0): Selected residential property prices,I,Q: Quarterly,DE: Germany,N: Nominal,"628: Index, 2010 = 100",2007-Q1,96.6876,0: Units,,,,A: Normal value,F: Free,
dataflow,BIS:WS_SPP(1.0): Selected residential property prices,I,Q: Quarterly,DE: Germany,N: Nominal,"628: Index, 2010 = 100",2007-Q2,96.5085,0: Units,,,,A: Normal value,F: Free,
dataflow,BIS:WS_SPP(1.0): Selected residential property prices,I,Q: Quarterly,DE: Germany,N: Nominal,"628: Index, 2010 = 100",2007-Q3,97.0457,0: Units,,,,A: Normal value,F: Free,
dataflow,BIS:WS_SPP(1.0): Selected residential property prices,I,Q: Quarterly,DE: Germany,N: Nominal,"628: Index, 2010 = 100",2007-Q4,97.2247,0: Units,,,,A: Normal value,F: Free,
dataflow,BIS:WS_SPP(1.0): Selected residential property prices,I,Q: Quarterly,DE: Germany,N: Nominal,"628: Index, 2010 = 100",2008-Q1,99.3733,0: Units,,,,A: Normal value,F: Free,
dataflow,BIS:WS_SPP(1.0): Selected residential property prices,I,Q: Quarterly,DE: Germany,N: Nominal,"628: Index, 2010 = 100",2008-Q2,100.4476,0: Units,,,,A: Normal value,F: Free,
dataflow,BIS:WS_SPP(1.0): Selected residential property prices,I,Q: Quarterly,DE: Germany,N: Nominal,"628: Index, 2010 = 100",2008-Q3,99.9105,0: Units,,,,A: Normal value,F: Free,
dataflow,BIS:WS_SPP(1.0): Selected residential property prices,I,Q: Quarterly,DE: Germany,N: Nominal,"628: Index, 2010 = 100",2008-Q4,100.6267,0: Units,,,,A: Normal value,F: Free,
dataflow,BIS:WS_SPP(1.0): Selected residential property prices,I,Q: Quarterly,DE: Germany,N: Nominal,"628: Index, 2010 = 100",2009-Q1,100.2686,0: Units,,,,A: Normal value,F: Free,
dataflow,BIS:WS_SPP(1.0): Selected residential property prices,I,Q: Quarterly,DE: Germany,N: Nominal,"628: Index, 2010 = 100",2009-Q2,99.0152,0: Units,,,,A: Normal value,F: Free,
dataflow,BIS:WS_SPP(1.0): Selected residential property prices,I,Q: Quarterly,DE: Germany,N: Nominal,"628: Index, 2010 = 100",2009-Q3,99.0152,0: Units,,,,A: Normal value,F: Free,
dataflow,BIS:WS_SPP(1.0): Selected residential property prices,I,Q: Quarterly,DE: Germany,N: Nominal,"628: Index, 2010 = 100",2009-Q4,99.3733,0: Units,,,,A: Normal value,F: Free,
dataflow,BIS:WS_SPP(1.0): Selected residential property prices,I,Q: Quarterly,DE: Germany,N: Nominal,"628: Index, 2010 = 100",2010-Q1,98.6571,0: Units,,,,A: Normal value,F: Free,
dataflow,BIS:WS_SPP(1.0): Selected residential property prices,I,Q: Quarterly,DE: Germany,N: Nominal,"628: Index, 2010 = 100",2010-Q2,99.7314,0: Units,,,,A: Normal value,F: Free,
dataflow,BIS:WS_SPP(1.0): Selected residential property prices,I,Q: Quarterly,DE: Germany,N: Nominal,"628: Index, 2010 = 100",2010-Q3,100.6267,0: Units,,,,A: Normal value,F: Free,
dataflow,BIS:WS_SPP(1.0): Selected residential property prices,I,Q: Quarterly,DE: Germany,N: Nominal,"628: Index, 2010 = 100",2010-Q4,100.9848,0: Units,,,,A: Normal value,F: Free,
dataflow,BIS:WS_SPP(1.0): Selected residential property prices,I,Q: Quarterly,DE: Germany,N: Nominal,"628: Index, 2010 = 100",2011-Q1,101.5219,0: Units,,,,A: Normal value,F: Free,
dataflow,BIS:WS_SPP(1.0): Selected residential property prices,I,Q: Quarterly,DE: Germany,N: Nominal,"628: Index, 2010 = 100",2011-Q2,101.88,0: Units,,,,A: Normal value,F: Free,
dataflow,BIS:WS_SPP(1.0): Selected residential property prices,I,Q: Quarterly,DE: Germany,N: Nominal,"628: Index, 2010 = 100",2011-Q3,103.1334,0: Units,,,,A: Normal value,F: Free,
dataflow,BIS:WS_SPP(1.0): Selected residential property prices,I,Q: Quarterly,DE: Germany,N: Nominal,"628: Index, 2010 = 100",2011-Q4,103.1334,0: Units,,,,A: Normal value,F: Free,
dataflow,BIS:WS_SPP(1.0): Selected residential property prices,I,Q: Quarterly,DE: Germany,N: Nominal,"628: Index, 2010 = 100",2012-Q1,104.2077,0: Units,,,,A: Normal value,F: Free,
dataflow,BIS:WS_SPP(1.0): Selected residential property prices,I,Q: Quarterly,DE: Germany,N: Nominal,"628: Index, 2010 = 100",2012-Q2,105.4611,0: Units,,,,A: Normal value,F: Free,
dataflow,BIS:WS_SPP(1.0): Selected residential property prices,I,Q: Quarterly,DE: Germany,N: Nominal,"628: Index, 2010 = 100",2012-Q3,105.6401,0: Units,,,,A: Normal value,F: Free,
dataflow,BIS:WS_SPP(1.0): Selected residential property prices,I,Q: Quarterly,DE: Germany,N: Nominal,"628: Index, 2010 = 100",2012-Q4,106.5354,0: Units,,,,A: Normal value,F: Free,
dataflow,BIS:WS_SPP(1.0): Selected residential property prices,I,Q: Quarterly,DE: Germany,N: Nominal,"628: Index, 2010 = 100",2013-Q1,107.4306,0: Units,,,,A: Normal value,F: Free,
dataflow,BIS:WS_SPP(1.0): Selected residential property prices,I,Q: Quarterly,DE: Germany,N: Nominal,"628: Index, 2010 = 100",2013-Q2,108.684,0: Units,,,,A: Normal value,F: Free,
dataflow,BIS:WS_SPP(1.0): Selected residential property prices,I,Q: Quarterly,DE: Germany,N: Nominal,"628: Index, 2010 = 100",2013-Q3,109.5792,0: Units,,,,A: Normal value,F: Free,
dataflow,BIS:WS_SPP(1.0): Selected residential property prices,I,Q: Quarterly,DE: Germany,N: Nominal,"628: Index, 2010 = 100",2013-Q4,109.0421,0: Units,,,,A: Normal value,F: Free,
dataflow,BIS:WS_SPP(1.0): Selected residential property prices,I,Q: Quarterly,DE: Germany,N: Nominal,"628: Index, 2010 = 100",2014-Q1,109.9373,0: Units,,,,A: Normal value,F: Free,
dataflow,BIS:WS_SPP(1.0): Selected residential property prices,I,Q: Quarterly,DE: Germany,N: Nominal,"628: Index, 2010 = 100",2014-Q2,112.265,0: Units,,,,A: Normal value,F: Free,
dataflow,BIS:WS_SPP(1.0): Selected residential property prices,I,Q: Quarterly,DE: Germany,N: Nominal,"628: Index, 2010 = 100",2014-Q3,112.8021,0: Units,,,,A: Normal value,F: Free,
dataflow,BIS:WS_SPP(1.0): Selected residential property prices,I,Q: Quarterly,DE: Germany,N: Nominal,"628: Index, 2010 = 100",2014-Q4,112.8021,0: Units,,,,A: Normal value,F: Free,
dataflow,BIS:WS_SPP(1.0): Selected residential property prices,I,Q: Quarterly,DE: Germany,N: Nominal,"628: Index, 2010 = 100",2015-Q1,114.5927,0: Units,,,,A: Normal value,F: Free,
dataflow,BIS:WS_SPP(1.0): Selected residential property prices,I,Q: Quarterly,DE: Germany,N: Nominal,"628: Index, 2010 = 100",2015-Q2,117.2784,0: Units,,,,A: Normal value,F: Free,
dataflow,BIS:WS_SPP(1.0): Selected residential property prices,I,Q: Quarterly,DE: Germany,N: Nominal,"628: Index, 2010 = 100",2015-Q3,117.8156,0: Units,,,,A: Normal value,F: Free,
dataflow,BIS:WS_SPP(1.0): Selected residential property prices,I,Q: Quarterly,DE: Germany,N: Nominal,"628: Index, 2010 = 100",2015-Q4,119.427,0: Units,,,,A: Normal value,F: Free,
dataflow,BIS:WS_SPP(1.0): Selected residential property prices,I,Q: Quarterly,DE: Germany,N: Nominal,"628: Index, 2010 = 100",2016-Q1,121.7547,0: Units,,,,A: Normal value,F: Free,
dataflow,BIS:WS_SPP(1.0): Selected residential property prices,I,Q: Quarterly,DE: Germany,N: Nominal,"628: Index, 2010 = 100",2016-Q2,125.3357,0: Units,,,,A: Normal value,F: Free,
dataflow,BIS:WS_SPP(1.0): Selected residential property prices,I,Q: Quarterly,DE: Germany,N: Nominal,"628: Index, 2010 = 100",2016-Q3,127.4843,0: Units,,,,A: Normal value,F: Free,
dataflow,BIS:WS_SPP(1.0): Selected residential property prices,I,Q: Quarterly,DE: Germany,N: Nominal,"628: Index, 2010 = 100",2016-Q4,129.4539,0: Units,,,,A: Normal value,F: Free,
dataflow,BIS:WS_SPP(1.0): Selected residential property prices,I,Q: Quarterly,DE: Germany,N: Nominal,"628: Index, 2010 = 100",2017-Q1,130.1701,0: Units,,,,A: Normal value,F: Free,
dataflow,BIS:WS_SPP(1.0): Selected residential property prices,I,Q: Quarterly,DE: Germany,N: Nominal,"628: Index, 2010 = 100",2017-Q2,132.6768,0: Units,,,,A: Normal value,F: Free,
dataflow,BIS:WS_SPP(1.0): Selected residential property prices,I,Q: Quarterly,DE: Germany,N: Nominal,"628: Index, 2010 = 100",2017-Q3,134.8254,0: Units,,,,A: Normal value,F: Free,
dataflow,BIS:WS_SPP(1.0): Selected residential property prices,I,Q: Quarterly,DE: Germany,N: Nominal,"628: Index, 2010 = 100",2017-Q4,137.5112,0: Units,,,,A: Normal value,F: Free,
dataflow,BIS:WS_SPP(1.0): Selected residential property prices,I,Q: Quarterly,DE: Germany,N: Nominal,"628: Index, 2010 = 100",2018-Q1,138.7645,0: Units,,,,A: Normal value,F: Free,
dataflow,BIS:WS_SPP(1.0): Selected residential property prices,I,Q: Quarterly,DE: Germany,N: Nominal,"628: Index, 2010 = 100",2018-Q2,141.4503,0: Units,,,,A: Normal value,F: Free,
dataflow,BIS:WS_SPP(1.0): Selected residential property prices,I,Q: Quarterly,DE: Germany,N: Nominal,"628: Index, 2010 = 100",2018-Q3,144.3151,0: Units,,,,A: Normal value,F: Free,
dataflow,BIS:WS_SPP(1.0): Selected residential property prices,I,Q: Quarterly,DE: Germany,N: Nominal,"628: Index, 2010 = 100",2018-Q4,146.1056,0: Units,,,,A: Normal value,F: Free,
dataflow,BIS:WS_SPP(1.0): Selected residential property prices,I,Q: Quarterly,DE: Germany,N: Nominal,"628: Index, 2010 = 100",2019-Q1,146.1056,0: Units,,,,A: Normal value,F: Free,
dataflow,BIS:WS_SPP(1.0): Selected residential property prices,I,Q: Quarterly,DE: Germany,N: Nominal,"628: Index, 2010 = 100",2019-Q2,149.8657,0: Units,,,,A: Normal value,F: Free,
dataflow,BIS:WS_SPP(1.0): Selected residential property prices,I,Q: Quarterly,DE: Germany,N: Nominal,"628: Index, 2010 = 100",2019-Q3,152.0143,0: Units,,,,A: Normal value,F: Free,
dataflow,BIS:WS_SPP(1.0): Selected residential property prices,I,Q: Quarterly,DE: Germany,N: Nominal,"628: Index, 2010 = 100",2019-Q4,155.5953,0: Units,,,,A: Normal value,F: Free,
dataflow,BIS:WS_SPP(1.0): Selected residential property prices,I,Q: Quarterly,DE: Germany,N: Nominal,"628: Index, 2010 = 100",2020-Q1,156.8487,0: Units,,,,A: Normal value,F: Free,
dataflow,BIS:WS_SPP(1.0): Selected residential property prices,I,Q: Quarterly,DE: Germany,N: Nominal,"628: Index, 2010 = 100",2020-Q2,159.7135,0: Units,,,,A: Normal value,F: Free,
dataflow,BIS:WS_SPP(1.0): Selected residential property prices,I,Q: Quarterly,DE: Germany,N: Nominal,"628: Index, 2010 = 100",2020-Q3,164.5479,0: Units,,,,A: Normal value,F: Free,
dataflow,BIS:WS_SPP(1.0): Selected residential property prices,I,Q: Quarterly,DE: Germany,N: Nominal,"628: Index, 2010 = 100",2020-Q4,169.2032,0: Units,,,,A: Normal value,F: Free,
dataflow,BIS:WS_SPP(1.0): Selected residential property prices,I,Q: Quarterly,DE: Germany,N: Nominal,"628: Index, 2010 = 100",2021-Q1,171.5309,0: Units,,,,A: Normal value,F: Free,
dataflow,BIS:WS_SPP(1.0): Selected residential property prices,I,Q: Quarterly,DE: Germany,N: Nominal,"628: Index, 2010 = 100",2021-Q2,178.1558,0: Units,,,,A: Normal value,F: Free,
dataflow,BIS:WS_SPP(1.0): Selected residential property prices,I,Q: Quarterly,DE: Germany,N: Nominal,"628: Index, 2010 = 100",2021-Q3,185.4969,0: Units,,,,A: Normal value,F: Free,
dataflow,BIS:WS_SPP(1.0): Selected residential property prices,I,Q: Quarterly,DE: Germany,N: Nominal,"628: Index, 2010 = 100",2021-Q4,190.6893,0: Units,,,,A: Normal value,F: Free,
dataflow,BIS:WS_SPP(1.0): Selected residential property prices,I,Q: Quarterly,DE: Germany,N: Nominal,"628: Index, 2010 = 100",2022-Q1,192.4799,0: Units,,,,A: Normal value,F: Free,
dataflow,BIS:WS_SPP(1.0): Selected residential property prices,I,Q: Quarterly,DE: Germany,N: Nominal,"628: Index, 2010 = 100",2022-Q2,196.2399,0: Units,,,,A: Normal value,F: Free,
dataflow,BIS:WS_SPP(1.0): Selected residential property prices,I,Q: Quarterly,DE: Germany,N: Nominal,"628: Index, 2010 = 100",2022-Q3,194.9866,0: Units,,,,A: Normal value,F: Free,
dataflow,BIS:WS_SPP(1.0): Selected residential property prices,I,Q: Quarterly,DE: Germany,N: Nominal,"628: Index, 2010 = 100",2022-Q4,185.855,0: Units,,,,A: Normal value,F: Free,
dataflow,BIS:WS_SPP(1.0): Selected residential property prices,I,Q: Quarterly,DE: Germany,N: Nominal,"628: Index, 2010 = 100",2023-Q1,180.3044,0: Units,,,,A: Normal value,F: Free,
dataflow,BIS:WS_SPP(1.0): Selected residential property prices,I,Q: Quarterly,DE: Germany,N: Nominal,"628: Index, 2010 = 100",2023-Q2,177.7977,0: Units,,,,A: Normal value,F: Free,
dataflow,BIS:WS_SPP(1.0): Selected residential property prices,I,Q: Quarterly,DE: Germany,N: Nominal,"628: Index, 2010 = 100",2023-Q3,175.1119,0: Units,,,,A: Normal value,F: Free,
dataflow,BIS:WS_SPP(1.0): Selected residential property prices,I,Q: Quarterly,DE: Germany,N: Nominal,"628: Index, 2010 = 100",2023-Q4,171.7099,0: Units,,,,A: Normal value,F: Free,
dataflow,BIS:WS_SPP(1.0): Selected residential property prices,I,Q: Quarterly,DE: Germany,N: Nominal,"628: Index, 2010 = 100",2024-Q1,170.9937,0: Units,,,,A: Normal value,F: Free,
dataflow,BIS:WS_SPP(1.0): Selected residential property prices,I,Q: Quarterly,DE: Germany,N: Nominal,"628: Index, 2010 = 100",2024-Q2,173.3214,0: Units,,,,A: Normal value,F: Free,
dataflow,BIS:WS_SPP(1.0): Selected residential property prices,I,Q: Quarterly,DE: Germany,N: Nominal,"628: Index, 2010 = 100",2024-Q3,174.7538,0: Units,,,,A: Normal value,F: Free,
dataflow,BIS:WS_SPP(1.0): Selected residential property prices,I,Q: Quarterly,DE: Germany,N: Nominal,"628: Index, 2010 = 100",2024-Q4,174.9329,0: Units,,,,A: Normal value,F: Free,
dataflow,BIS:WS_SPP(1.0): Selected residential property prices,I,Q: Quarterly,DE: Germany,N: Nominal,"628: Index, 2010 = 100",2025-Q1,177.4396,0: Units,,,,A: Normal value,F: Free,
dataflow,BIS:WS_SPP(1.0): Selected residential property prices,I,Q: Quarterly,DE: Germany,N: Nominal,"628: Index, 2010 = 100",2025-Q2,179.051,0: Units,,,,A: Normal value,F: Free,
dataflow,BIS:WS_SPP(1.0): Selected residential property prices,I,Q: Quarterly,DE: Germany,N: Nominal,"628: Index, 2010 = 100",2025-Q3,180.3044,0: Units,,,,A: Normal value,F: Free,
dataflow,BIS:WS_SPP(1.0): Selected residential property prices,I,Q: Quarterly,DE: Germany,N: Nominal,"628: Index, 2010 = 100",2025-Q4,179.4091,0: Units,,,,A: Normal value,F: Free,
dataflow,BIS:WS_SPP(1.0): Selected residential property prices,I,Q: Quarterly,DE: Germany,N: Nominal,"628: Index, 2010 = 100",2026-Q1,179.9463,0: Units,,,,A: Normal value,F: Free,
dataflow,BIS:WS_SPP(1.0): Selected residential property prices,I,Q: Quarterly,IT: Italy,R: Real,"771: Year-on-year changes, in per cent",1948-Q1,5.5675,0: Units,,,,A: Normal value,F: Free,
dataflow,BIS:WS_SPP(1.0): Selected residential property prices,I,Q: Quarterly,IT: Italy,R: Real,"771: Year-on-year changes, in per cent",1948-Q2,15.2916,0: Units,,,,A: Normal value,F: Free,
dataflow,BIS:WS_SPP(1.0): Selected residential property prices,I,Q: Quarterly,IT: Italy,R: Real,"771: Year-on-year changes, in per cent",1948-Q3,16.6458,0: Units,,,,A: Normal value,F: Free,
dataflow,BIS:WS_SPP(1.0): Selected residential property prices,I,Q: Quarterly,IT: Italy,R: Real,"771: Year-on-year changes, in per cent",1948-Q4,12.9786,0: Units,,,,A: Normal value,F: Free,
dataflow,BIS:WS_SPP(1.0): Selected residential property prices,I,Q: Quarterly,IT: Italy,R: Real,"771: Year-on-year changes, in per cent",1949-Q1,-1.9583,0: Units,,,,A: Normal value,F: Free,
dataflow,BIS:WS_SPP(1.0): Selected residential property prices,I,Q: Quarterly,IT: Italy,R: Real,"771: Year-on-year changes, in per cent",1949-Q2,-4.6555,0: Units,,,,A: Normal value,F: Free,
dataflow,BIS:WS_SPP(1.0): Selected residential property prices,I,Q: Quarterly,IT: Italy,R: Real,"771: Year-on-year changes, in per cent",1949-Q3,-5.1044,0: Units,,,,A: Normal value,F: Free,
dataflow,BIS:WS_SPP(1.0): Selected residential property prices,I,Q: Quarterly,IT: Italy,R: Real,"771: Year-on-year changes, in per cent",1949-Q4,-7.8316,0: Units,,,,A: Normal value,F: Free,
dataflow,BIS:WS_SPP(1.0): Selected residential property prices,I,Q: Quarterly,IT: Italy,R: Real,"771: Year-on-year changes, in per cent",1950-Q1,-7.8779,0: Units,,,,A: Normal value,F: Free,
dataflow,BIS:WS_SPP(1.0): Selected residential property prices,I,Q: Quarterly,IT: Italy,R: Real,"771: Year-on-year changes, in per cent",1950-Q2,-1.7532,0: Units,,,,A: Normal value,F: Free,
dataflow,BIS:WS_SPP(1.0): Selected residential property prices,I,Q: Quarterly,IT: Italy,R: Real,"771: Year-on-year changes, in per cent",1950-Q3,9.991,0: Units,,,,A: Normal value,F: Free,
dataflow,BIS:WS_SPP(1.0): Selected residential property prices,I,Q: Quarterly,IT: Italy,R: Real,"771: Year-on-year changes, in per cent",1950-Q4,11.714,0: Units,,,,A: Normal value,F: Free,
dataflow,BIS:WS_SPP(1.0): Selected residential property prices,I,Q: Quarterly,IT: Italy,R: Real,"771: Year-on-year changes, in per cent",1951-Q1,14.1157,0: Units,,,,A: Normal value,F: Free,
dataflow,BIS:WS_SPP(1.0): Selected residential property prices,I,Q: Quarterly,IT: Italy,R: Real,"771: Year-on-year changes, in per cent",1951-Q2,11.5623,0: Units,,,,A: Normal value,F: Free,
dataflow,BIS:WS_SPP(1.0): Selected residential property prices,I,Q: Quarterly,IT: Italy,R: Real,"771: Year-on-year changes, in per cent",1951-Q3,4.5425,0: Units,,,,A: Normal value,F: Free,
dataflow,BIS:WS_SPP(1.0): Selected residential property prices,I,Q: Quarterly,IT: Italy,R: Real,"771: Year-on-year changes, in per cent",1951-Q4,3.0769,0: Units,,,,A: Normal value,F: Free,
dataflow,BIS:WS_SPP(1.0): Selected residential property prices,I,Q: Quarterly,IT: Italy,R: Real,"771: Year-on-year changes, in per cent",1952-Q1,-0.9785,0: Units,,,,A: Normal value,F: Free,
dataflow,BIS:WS_SPP(1.0): Selected residential property prices,I,Q: Quarterly,IT: Italy,R: Real,"771: Year-on-year changes, in per cent",1952-Q2,-4.2295,0: Units,,,,A: Normal value,F: Free,
dataflow,BIS:WS_SPP(1.0): Selected residential property prices,I,Q: Quarterly,IT: Italy,R: Real,"771: Year-on-year changes, in per cent",1952-Q3,-2.6081,0: Units,,,,A: Normal value,F: Free,
dataflow,BIS:WS_SPP(1.0): Selected residential property prices,I,Q: Quarterly,IT: Italy,R: Real,"771: Year-on-year changes, in per cent",1952-Q4,-0.7448,0: Units,,,,A: Normal value,F: Free,
dataflow,BIS:WS_SPP(1.0): Selected residential property prices,I,Q: Quarterly,IT: Italy,R: Real,"771: Year-on-year changes, in per cent",1953-Q1,-0.9416,0: Units,,,,A: Normal value,F: Free,
dataflow,BIS:WS_SPP(1.0): Selected residential property prices,I,Q: Quarterly,IT: Italy,R: Real,"771: Year-on-year changes, in per cent",1953-Q2,0.7023,0: Units,,,,A: Normal value,F: Free,
dataflow,BIS:WS_SPP(1.0): Selected residential property prices,I,Q: Quarterly,IT: Italy,R: Real,"771: Year-on-year changes, in per cent",1953-Q3,-2.4351,0: Units,,,,A: Normal value,F: Free,
dataflow,BIS:WS_SPP(1.0): Selected residential property prices,I,Q: Quarterly,IT: Italy,R: Real,"771: Year-on-year changes, in per cent",1953-Q4,-1.7067,0: Units,,,,A: Normal value,F: Free,
dataflow,BIS:WS_SPP(1.0): Selected residential property prices,I,Q: Quarterly,IT: Italy,R: Real,"771: Year-on-year changes, in per cent",1954-Q1,1.0244,0: Units,,,,A: Normal value,F: Free,
dataflow,BIS:WS_SPP(1.0): Selected residential property prices,I,Q: Quarterly,IT: Italy,R: Real,"771: Year-on-year changes, in per cent",1954-Q2,-0.8142,0: Units,,,,A: Normal value,F: Free,
dataflow,BIS:WS_SPP(1.0): Selected residential property prices,I,Q: Quarterly,IT: Italy,R: Real,"771: Year-on-year changes, in per cent",1954-Q3,3.0651,0: Units,,,,A: Normal value,F: Free,
dataflow,BIS:WS_SPP(1.0): Selected residential property prices,I,Q: Quarterly,IT: Italy,R: Real,"771: Year-on-year changes, in per cent",1954-Q4,2.9355,0: Units,,,,A: Normal value,F: Free,
dataflow,BIS:WS_SPP(1.0): Selected residential property prices,I,Q: Quarterly,IT: Italy,R: Real,"771: Year-on-year changes, in per cent",1955-Q1,1.6762,0: Units,,,,A: Normal value,F: Free,
dataflow,BIS:WS_SPP(1.0): Selected residential property prices,I,Q: Quarterly,IT: Italy,R: Real,"771: Year-on-year changes, in per cent",1955-Q2,1.1783,0: Units,,,,A: Normal value,F: Free,
dataflow,BIS:WS_SPP(1.0): Selected residential property prices,I,Q: Quarterly,IT: Italy,R: Real,"771: Year-on-year changes, in per cent",1955-Q3,-0.5023,0: Units,,,,A: Normal value,F: Free,
dataflow,BIS:WS_SPP(1.0): Selected residential property prices,I,Q: Quarterly,IT: Italy,R: Real,"771: Year-on-year changes, in per cent",1955-Q4,-2.0889,0: Units,,,,A: Normal value,F: Free,
dataflow,BIS:WS_SPP(1.0): Selected residential property prices,I,Q: Quarterly,IT: Italy,R: Real,"771: Year-on-year changes, in per cent",1956-Q1,-1.2415,0: Units,,,,A: Normal value,F: Free,
dataflow,BIS:WS_SPP(1.0): Selected residential property prices,I,Q: Quarterly,IT: Italy,R: Real,"771: Year-on-year changes, in per cent",1956-Q2,-0.7903,0: Units,,,,A: Normal value,F: Free,
dataflow,BIS:WS_SPP(1.0): Selected residential property prices,I,Q: Quarterly,IT: Italy,R: Real,"771: Year-on-year changes, in per cent",1956-Q3,-0.774,0: Units,,,,A: Normal value,F: Free,
dataflow,BIS:WS_SPP(1.0): Selected residential property prices,I,Q: Quarterly,IT: Italy,R: Real,"771: Year-on-year changes, in per cent",1956-Q4,1.0757,0: Units,,,,A: Normal value,F: Free,
dataflow,BIS:WS_SPP(1.0): Selected residential property prices,I,Q: Quarterly,IT: Italy,R: Real,"771: Year-on-year changes, in per cent",1957-Q1,1.2416,0: Units,,,,A: Normal value,F: Free,
dataflow,BIS:WS_SPP(1.0): Selected residential property prices,I,Q: Quarterly,IT: Italy,R: Real,"771: Year-on-year changes, in per cent",1957-Q2,1.2516,0: Units,,,,A: Normal value,F: Free,
dataflow,BIS:WS_SPP(1.0): Selected residential property prices,I,Q: Quarterly,IT: Italy,R: Real,"771: Year-on-year changes, in per cent",1957-Q3,1.9334,0: Units,,,,A: Normal value,F: Free,
dataflow,BIS:WS_SPP(1.0): Selected residential property prices,I,Q: Quarterly,IT: Italy,R: Real,"771: Year-on-year changes, in per cent",1957-Q4,0.7047,0: Units,,,,A: Normal value,F: Free,
dataflow,BIS:WS_SPP(1.0): Selected residential property prices,I,Q: Quarterly,IT: Italy,R: Real,"771: Year-on-year changes, in per cent",1958-Q1,-1.9725,0: Units,,,,A: Normal value,F: Free,
dataflow,BIS:WS_SPP(1.0): Selected residential property prices,I,Q: Quarterly,IT: Italy,R: Real,"771: Year-on-year changes, in per cent",1958-Q2,-1.7354,0: Units,,,,A: Normal value,F: Free,
dataflow,BIS:WS_SPP(1.0): Selected residential property prices,I,Q: Quarterly,IT: Italy,R: Real,"771: Year-on-year changes, in per cent",1958-Q3,-2.4357,0: Units,,,,A: Normal value,F: Free,
dataflow,BIS:WS_SPP(1.0): Selected residential property prices,I,Q: Quarterly,IT: Italy,R: Real,"771: Year-on-year changes, in per cent",1958-Q4,-2.9187,0: Units,,,,A: Normal value,F: Free,
dataflow,BIS:WS_SPP(1.0): Selected residential property prices,I,Q: Quarterly,IT: Italy,R: Real,"771: Year-on-year changes, in per cent",1959-Q1,-1.5634,0: Units,,,,A: Normal value,F: Free,
dataflow,BIS:WS_SPP(1.0): Selected residential property prices,I,Q: Quarterly,IT: Italy,R: Real,"771: Year-on-year changes, in per cent",1959-Q2,-0.5715,0: Units,,,,A: Normal value,F: Free,
dataflow,BIS:WS_SPP(1.0): Selected residential property prices,I,Q: Quarterly,IT: Italy,R: Real,"771: Year-on-year changes, in per cent",1959-Q3,0.3069,0: Units,,,,A: Normal value,F: Free,
dataflow,BIS:WS_SPP(1.0): Selected residential property prices,I,Q: Quarterly,IT: Italy,R: Real,"771: Year-on-year changes, in per cent",1959-Q4,2.4491,0: Units,,,,A: Normal value,F: Free,
dataflow,BIS:WS_SPP(1.0): Selected residential property prices,I,Q: Quarterly,IT: Italy,R: Real,"771: Year-on-year changes, in per cent",1960-Q1,2.4555,0: Units,,,,A: Normal value,F: Free,
dataflow,BIS:WS_SPP(1.0): Selected residential property prices,I,Q: Quarterly,IT: Italy,R: Real,"771: Year-on-year changes, in per cent",1960-Q2,-0.2598,0: Units,,,,A: Normal value,F: Free,
dataflow,BIS:WS_SPP(1.0): Selected residential property prices,I,Q: Quarterly,IT: Italy,R: Real,"771: Year-on-year changes, in per cent",1960-Q3,0.1615,0: Units,,,,A: Normal value,F: Free,
dataflow,BIS:WS_SPP(1.0): Selected residential property prices,I,Q: Quarterly,IT: Italy,R: Real,"771: Year-on-year changes, in per cent",1960-Q4,-0.6241,0: Units,,,,A: Normal value,F: Free,
dataflow,BIS:WS_SPP(1.0): Selected residential property prices,I,Q: Quarterly,IT: Italy,R: Real,"771: Year-on-year changes, in per cent",1961-Q1,0.6659,0: Units,,,,A: Normal value,F: Free,
dataflow,BIS:WS_SPP(1.0): Selected residential property prices,I,Q: Quarterly,IT: Italy,R: Real,"771: Year-on-year changes, in per cent",1961-Q2,3.3061,0: Units,,,,A: Normal value,F: Free,
dataflow,BIS:WS_SPP(1.0): Selected residential property prices,I,Q: Quarterly,IT: Italy,R: Real,"771: Year-on-year changes, in per cent",1961-Q3,3.2381,0: Units,,,,A: Normal value,F: Free,
dataflow,BIS:WS_SPP(1.0): Selected residential property prices,I,Q: Quarterly,IT: Italy,R: Real,"771: Year-on-year changes, in per cent",1961-Q4,3.0745,0: Units,,,,A: Normal value,F: Free,
dataflow,BIS:WS_SPP(1.0): Selected residential property prices,I,Q: Quarterly,IT: Italy,R: Real,"771: Year-on-year changes, in per cent",1962-Q1,3.2262,0: Units,,,,A: Normal value,F: Free,
dataflow,BIS:WS_SPP(1.0): Selected residential property prices,I,Q: Quarterly,IT: Italy,R: Real,"771: Year-on-year changes, in per cent",1962-Q2,3.8785,0: Units,,,,A: Normal value,F: Free,
dataflow,BIS:WS_SPP(1.0): Selected residential property prices,I,Q: Quarterly,IT: Italy,R: Real,"771: Year-on-year changes, in per cent",1962-Q3,2.7723,0: Units,,,,A: Normal value,F: Free,
dataflow,BIS:WS_SPP(1.0): Selected residential property prices,I,Q: Quarterly,IT: Italy,R: Real,"771: Year-on-year changes, in per cent",1962-Q4,1.6988,0: Units,,,,A: Normal value,F: Free,
dataflow,BIS:WS_SPP(1.0): Selected residential property prices,I,Q: Quarterly,IT: Italy,R: Real,"771: Year-on-year changes, in per cent",1963-Q1,2.6458,0: Units,,,,A: Normal value,F: Free,
dataflow,BIS:WS_SPP(1.0): Selected residential property prices,I,Q: Quarterly,IT: Italy,R: Real,"771: Year-on-year changes, in per cent",1963-Q2,0.0499,0: Units,,,,A: Normal value,F: Free,
dataflow,BIS:WS_SPP(1.0): Selected residential property prices,I,Q: Quarterly,IT: Italy,R: Real,"771: Year-on-year changes, in per cent",1963-Q3,-0.1556,0: Units,,,,A: Normal value,F: Free,
dataflow,BIS:WS_SPP(1.0): Selected residential property prices,I,Q: Quarterly,IT: Italy,R: Real,"771: Year-on-year changes, in per cent",1963-Q4,3.8678,0: Units,,,,A: Normal value,F: Free,
dataflow,BIS:WS_SPP(1.0): Selected residential property prices,I,Q: Quarterly,IT: Italy,R: Real,"771: Year-on-year changes, in per cent",1964-Q1,3.6854,0: Units,,,,A: Normal value,F: Free,
dataflow,BIS:WS_SPP(1.0): Selected residential property prices,I,Q: Quarterly,IT: Italy,R: Real,"771: Year-on-year changes, in per cent",1964-Q2,6.5054,0: Units,,,,A: Normal value,F: Free,
dataflow,BIS:WS_SPP(1.0): Selected residential property prices,I,Q: Quarterly,IT: Italy,R: Real,"771: Year-on-year changes, in per cent",1964-Q3,7.922,0: Units,,,,A: Normal value,F: Free,
dataflow,BIS:WS_SPP(1.0): Selected residential property prices,I,Q: Quarterly,IT: Italy,R: Real,"771: Year-on-year changes, in per cent",1964-Q4,2.6584,0: Units,,,,A: Normal value,F: Free,
dataflow,BIS:WS_SPP(1.0): Selected residential property prices,I,Q: Quarterly,IT: Italy,R: Real,"771: Year-on-year changes, in per cent",1965-Q1,-1.2676,0: Units,,,,A: Normal value,F: Free,
dataflow,BIS:WS_SPP(1.0): Selected residential property prices,I,Q: Quarterly,IT: Italy,R: Real,"771: Year-on-year changes, in per cent",1965-Q2,-5.5607,0: Units,,,,A: Normal value,F: Free,
dataflow,BIS:WS_SPP(1.0): Selected residential property prices,I,Q: Quarterly,IT: Italy,R: Real,"771: Year-on-year changes, in per cent",1965-Q3,-6.5352,0: Units,,,,A: Normal value,F: Free,
dataflow,BIS:WS_SPP(1.0): Selected residential property prices,I,Q: Quarterly,IT: Italy,R: Real,"771: Year-on-year changes, in per cent",1965-Q4,-4.5974,0: Units,,,,A: Normal value,F: Free,
dataflow,BIS:WS_SPP(1.0): Selected residential property prices,I,Q: Quarterly,IT: Italy,R: Real,"771: Year-on-year changes, in per cent",1966-Q1,-2.4247,0: Units,,,,A: Normal value,F: Free,
dataflow,BIS:WS_SPP(1.0): Selected residential property prices,I,Q: Quarterly,IT: Italy,R: Real,"771: Year-on-year changes, in per cent",1966-Q2,0.044,0: Units,,,,A: Normal value,F: Free,
dataflow,BIS:WS_SPP(1.0): Selected residential property prices,I,Q: Quarterly,IT: Italy,R: Real,"771: Year-on-year changes, in per cent",1966-Q3,-0.7225,0: Units,,,,A: Normal value,F: Free,
dataflow,BIS:WS_SPP(1.0): Selected residential property prices,I,Q: Quarterly,IT: Italy,R: Real,"771: Year-on-year changes, in per cent",1966-Q4,-2.6669,0: Units,,,,A: Normal value,F: Free,
dataflow,BIS:WS_SPP(1.0): Selected residential property prices,I,Q: Quarterly,IT: Italy,R: Real,"771: Year-on-year changes, in per cent",1967-Q1,-2.9772,0: Units,,,,A: Normal value,F: Free,
dataflow,BIS:WS_SPP(1.0): Selected residential property prices,I,Q: Quarterly,IT: Italy,R: Real,"771: Year-on-year changes, in per cent",1967-Q2,-4.5644,0: Units,,,,A: Normal value,F: Free,
dataflow,BIS:WS_SPP(1.0): Selected residential property prices,I,Q: Quarterly,IT: Italy,R: Real,"771: Year-on-year changes, in per cent",1967-Q3,-2.0312,0: Units,,,,A: Normal value,F: Free,
dataflow,BIS:WS_SPP(1.0): Selected residential property prices,I,Q: Quarterly,IT: Italy,R: Real,"771: Year-on-year changes, in per cent",1967-Q4,2.6428,0: Units,,,,A: Normal value,F: Free,
dataflow,BIS:WS_SPP(1.0): Selected residential property prices,I,Q: Quarterly,IT: Italy,R: Real,"771: Year-on-year changes, in per cent",1968-Q1,5.3868,0: Units,,,,A: Normal value,F: Free,
dataflow,BIS:WS_SPP(1.0): Selected residential property prices,I,Q: Quarterly,IT: Italy,R: Real,"771: Year-on-year changes, in per cent",1968-Q2,10.6437,0: Units,,,,A: Normal value,F: Free,
dataflow,BIS:WS_SPP(1.0): Selected residential property prices,I,Q: Quarterly,IT: Italy,R: Real,"771: Year-on-year changes, in per cent",1968-Q3,9.6472,0: Units,,,,A: Normal value,F: Free,
dataflow,BIS:WS_SPP(1.0): Selected residential property prices,I,Q: Quarterly,IT: Italy,R: Real,"771: Year-on-year changes, in per cent",1968-Q4,5.73,0: Units,,,,A: Normal value,F: Free,
dataflow,BIS:WS_SPP(1.0): Selected residential property prices,I,Q: Quarterly,IT: Italy,R: Real,"771: Year-on-year changes, in per cent",1969-Q1,2.9187,0: Units,,,,A: Normal value,F: Free,
dataflow,BIS:WS_SPP(1.0): Selected residential property prices,I,Q: Quarterly,IT: Italy,R: Real,"771: Year-on-year changes, in per cent",1969-Q2,0.2743,0: Units,,,,A: Normal value,F: Free,
dataflow,BIS:WS_SPP(1.0): Selected residential property prices,I,Q: Quarterly,IT: Italy,R: Real,"771: Year-on-year changes, in per cent",1969-Q3,0.402,0: Units,,,,A: Normal value,F: Free,
dataflow,BIS:WS_SPP(1.0): Selected residential property prices,I,Q: Quarterly,IT: Italy,R: Real,"771: Year-on-year changes, in per cent",1969-Q4,1.1446,0: Units,,,,A: Normal value,F: Free,
dataflow,BIS:WS_SPP(1.0): Selected residential property prices,I,Q: Quarterly,IT: Italy,R: Real,"771: Year-on-year changes, in per cent",1970-Q1,1.9517,0: Units,,,,A: Normal value,F: Free,
dataflow,BIS:WS_SPP(1.0): Selected residential property prices,I,Q: Quarterly,IT: Italy,R: Real,"771: Year-on-year changes, in per cent",1970-Q2,2.1859,0: Units,,,,A: Normal value,F: Free,
dataflow,BIS:WS_SPP(1.0): Selected residential property prices,I,Q: Quarterly,IT: Italy,R: Real,"771: Year-on-year changes, in per cent",1970-Q3,0.8851,0: Units,,,,A: Normal value,F: Free,
dataflow,BIS:WS_SPP(1.0): Selected residential property prices,I,Q: Quarterly,IT: Italy,R: Real,"771: Year-on-year changes, in per cent",1970-Q4,0.2261,0: Units,,,,A: Normal value,F: Free,
dataflow,BIS:WS_SPP(1.0): Selected residential property prices,I,Q: Quarterly,IT: Italy,R: Real,"771: Year-on-year changes, in per cent",1971-Q1,-3.1677,0: Units,,,,A: Normal value,F: Free,
dataflow,BIS:WS_SPP(1.0): Selected residential property prices,I,Q: Quarterly,IT: Italy,R: Real,"771: Year-on-year changes, in per cent",1971-Q2,-2.6724,0: Units,,,,A: Normal value,F: Free,
dataflow,BIS:WS_SPP(1.0): Selected residential property prices,I,Q: Quarterly,IT: Italy,R: Real,"771: Year-on-year changes, in per cent",1971-Q3,-0.3757,0: Units,,,,A: Normal value,F: Free,
dataflow,BIS:WS_SPP(1.0): Selected residential property prices,I,Q: Quarterly,IT: Italy,R: Real,"771: Year-on-year changes, in per cent",1971-Q4,-0.0714,0: Units,,,,A: Normal value,F: Free,
dataflow,BIS:WS_SPP(1.0): Selected residential property prices,I,Q: Quarterly,IT: Italy,R: Real,"771: Year-on-year changes, in per cent",1972-Q1,2.8404,0: Units,,,,A: Normal value,F: Free,
dataflow,BIS:WS_SPP(1.0): Selected residential property prices,I,Q: Quarterly,IT: Italy,R: Real,"771: Year-on-year changes, in per cent",1972-Q2,3.4478,0: Units,,,,A: Normal value,F: Free,
dataflow,BIS:WS_SPP(1.0): Selected residential property prices,I,Q: Quarterly,IT: Italy,R: Real,"771: Year-on-year changes, in per cent",1972-Q3,2.565,0: Units,,,,A: Normal value,F: Free,
dataflow,BIS:WS_SPP(1.0): Selected residential property prices,I,Q: Quarterly,IT: Italy,R: Real,"771: Year-on-year changes, in per cent",1972-Q4,0.651,0: Units,,,,A: Normal value,F: Free,
dataflow,BIS:WS_SPP(1.0): Selected residential property prices,I,Q: Quarterly,IT: Italy,R: Real,"771: Year-on-year changes, in per cent",1973-Q1,-0.3984,0: Units,,,,A: Normal value,F: Free,
dataflow,BIS:WS_SPP(1.0): Selected residential property prices,I,Q: Quarterly,IT: Italy,R: Real,"771: Year-on-year changes, in per cent",1973-Q2,1.4644,0: Units,,,,A: Normal value,F: Free,
dataflow,BIS:WS_SPP(1.0): Selected residential property prices,I,Q: Quarterly,IT: Italy,R: Real,"771: Year-on-year changes, in per cent",1973-Q3,9.6026,0: Units,,,,A: Normal value,F: Free,
dataflow,BIS:WS_SPP(1.0): Selected residential property prices,I,Q: Quarterly,IT: Italy,R: Real,"771: Year-on-year changes, in per cent",1973-Q4,22.373,0: Units,,,,A: Normal value,F: Free,
dataflow,BIS:WS_SPP(1.0): Selected residential property prices,I,Q: Quarterly,IT: Italy,R: Real,"771: Year-on-year changes, in per cent",1974-Q1,31.4888,0: Units,,,,A: Normal value,F: Free,
dataflow,BIS:WS_SPP(1.0): Selected residential property prices,I,Q: Quarterly,IT: Italy,R: Real,"771: Year-on-year changes, in per cent",1974-Q2,34.7014,0: Units,,,,A: Normal value,F: Free,
dataflow,BIS:WS_SPP(1.0): Selected residential property prices,I,Q: Quarterly,IT: Italy,R: Real,"771: Year-on-year changes, in per cent",1974-Q3,27.8742,0: Units,,,,A: Normal value,F: Free,
dataflow,BIS:WS_SPP(1.0): Selected residential property prices,I,Q: Quarterly,IT: Italy,R: Real,"771: Year-on-year changes, in per cent",1974-Q4,16.1662,0: Units,,,,A: Normal value,F: Free,
dataflow,BIS:WS_SPP(1.0): Selected residential property prices,I,Q: Quarterly,IT: Italy,R: Real,"771: Year-on-year changes, in per cent",1975-Q1,8.4939,0: Units,,,,A: Normal value,F: Free,
dataflow,BIS:WS_SPP(1.0): Selected residential property prices,I,Q: Quarterly,IT: Italy,R: Real,"771: Year-on-year changes, in per cent",1975-Q2,1.091,0: Units,,,,A: Normal value,F: Free,
dataflow,BIS:WS_SPP(1.0): Selected residential property prices,I,Q: Quarterly,IT: Italy,R: Real,"771: Year-on-year changes, in per cent",1975-Q3,-1.0594,0: Units,,,,A: Normal value,F: Free,
dataflow,BIS:WS_SPP(1.0): Selected residential property prices,I,Q: Quarterly,IT: Italy,R: Real,"771: Year-on-year changes, in per cent",1975-Q4,0.3057,0: Units,,,,A: Normal value,F: Free,
dataflow,BIS:WS_SPP(1.0): Selected residential property prices,I,Q: Quarterly,IT: Italy,R: Real,"771: Year-on-year changes, in per cent",1976-Q1,0.4112,0: Units,,,,A: Normal value,F: Free,
dataflow,BIS:WS_SPP(1.0): Selected residential property prices,I,Q: Quarterly,IT: Italy,R: Real,"771: Year-on-year changes, in per cent",1976-Q2,-0.4866,0: Units,,,,A: Normal value,F: Free,
dataflow,BIS:WS_SPP(1.0): Selected residential property prices,I,Q: Quarterly,IT: Italy,R: Real,"771: Year-on-year changes, in per cent",1976-Q3,0.2362,0: Units,,,,A: Normal value,F: Free,
dataflow,BIS:WS_SPP(1.0): Selected residential property prices,I,Q: Quarterly,IT: Italy,R: Real,"771: Year-on-year changes, in per cent",1976-Q4,-2.8689,0: Units,,,,A: Normal value,F: Free,
dataflow,BIS:WS_SPP(1.0): Selected residential property prices,I,Q: Quarterly,IT: Italy,R: Real,"771: Year-on-year changes, in per cent",1977-Q1,-3.7742,0: Units,,,,A: Normal value,F: Free,
dataflow,BIS:WS_SPP(1.0): Selected residential property prices,I,Q: Quarterly,IT: Italy,R: Real,"771: Year-on-year changes, in per cent",1977-Q2,-3.8454,0: Units,,,,A: Normal value,F: Free,
dataflow,BIS:WS_SPP(1.0): Selected residential property prices,I,Q: Quarterly,IT: Italy,R: Real,"771: Year-on-year changes, in per cent",1977-Q3,-6.3841,0: Units,,,,A: Normal value,F: Free,
dataflow,BIS:WS_SPP(1.0): Selected residential property prices,I,Q: Quarterly,IT: Italy,R: Real,"771: Year-on-year changes, in per cent",1977-Q4,-5.6682,0: Units,,,,A: Normal value,F: Free,
dataflow,BIS:WS_SPP(1.0): Selected residential property prices,I,Q: Quarterly,IT: Italy,R: Real,"771: Year-on-year changes, in per cent",1978-Q1,-4.318,0: Units,,,,A: Normal value,F: Free,
dataflow,BIS:WS_SPP(1.0): Selected residential property prices,I,Q: Quarterly,IT: Italy,R: Real,"771: Year-on-year changes, in per cent",1978-Q2,0.1195,0: Units,,,,A: Normal value,F: Free,
dataflow,BIS:WS_SPP(1.0): Selected residential property prices,I,Q: Quarterly,IT: Italy,R: Real,"771: Year-on-year changes, in per cent",1978-Q3,4.9157,0: Units,,,,A: Normal value,F: Free,
dataflow,BIS:WS_SPP(1.0): Selected residential property prices,I,Q: Quarterly,IT: Italy,R: Real,"771: Year-on-year changes, in per cent",1978-Q4,8.7814,0: Units,,,,A: Normal value,F: Free,
dataflow,BIS:WS_SPP(1.0): Selected residential property prices,I,Q: Quarterly,IT: Italy,R: Real,"771: Year-on-year changes, in per cent",1979-Q1,8.9409,0: Units,,,,A: Normal value,F: Free,
dataflow,BIS:WS_SPP(1.0): Selected residential property prices,I,Q: Quarterly,IT: Italy,R: Real,"771: Year-on-year changes, in per cent",1979-Q2,6.0849,0: Units,,,,A: Normal value,F: Free,
dataflow,BIS:WS_SPP(1.0): Selected residential property prices,I,Q: Quarterly,IT: Italy,R: Real,"771: Year-on-year changes, in per cent",1979-Q3,2.3579,0: Units,,,,A: Normal value,F: Free,
dataflow,BIS:WS_SPP(1.0): Selected residential property prices,I,Q: Quarterly,IT: Italy,R: Real,"771: Year-on-year changes, in per cent",1979-Q4,-0.7287,0: Units,,,,A: Normal value,F: Free,
dataflow,BIS:WS_SPP(1.0): Selected residential property prices,I,Q: Quarterly,IT: Italy,R: Real,"771: Year-on-year changes, in per cent",1980-Q1,-0.4392,0: Units,,,,A: Normal value,F: Free,
dataflow,BIS:WS_SPP(1.0): Selected residential property prices,I,Q: Quarterly,IT: Italy,R: Real,"771: Year-on-year changes, in per cent",1980-Q2,6.4228,0: Units,,,,A: Normal value,F: Free,
dataflow,BIS:WS_SPP(1.0): Selected residential property prices,I,Q: Quarterly,IT: Italy,R: Real,"771: Year-on-year changes, in per cent",1980-Q3,13.5352,0: Units,,,,A: Normal value,F: Free,
dataflow,BIS:WS_SPP(1.0): Selected residential property prices,I,Q: Quarterly,IT: Italy,R: Real,"771: Year-on-year changes, in per cent",1980-Q4,19.3063,0: Units,,,,A: Normal value,F: Free,
dataflow,BIS:WS_SPP(1.0): Selected residential property prices,I,Q: Quarterly,IT: Italy,R: Real,"771: Year-on-year changes, in per cent",1981-Q1,23.4223,0: Units,,,,A: Normal value,F: Free,
dataflow,BIS:WS_SPP(1.0): Selected residential property prices,I,Q: Quarterly,IT: Italy,R: Real,"771: Year-on-year changes, in per cent",1981-Q2,17.8433,0: Units,,,,A: Normal value,F: Free,
dataflow,BIS:WS_SPP(1.0): Selected residential property prices,I,Q: Quarterly,IT: Italy,R: Real,"771: Year-on-year changes, in per cent",1981-Q3,11.7412,0: Units,,,,A: Normal value,F: Free,
dataflow,BIS:WS_SPP(1.0): Selected residential property prices,I,Q: Quarterly,IT: Italy,R: Real,"771: Year-on-year changes, in per cent",1981-Q4,4.8697,0: Units,,,,A: Normal value,F: Free,
dataflow,BIS:WS_SPP(1.0): Selected residential property prices,I,Q: Quarterly,IT: Italy,R: Real,"771: Year-on-year changes, in per cent",1982-Q1,-1.4954,0: Units,,,,A: Normal value,F: Free,
dataflow,BIS:WS_SPP(1.0): Selected residential property prices,I,Q: Quarterly,IT: Italy,R: Real,"771: Year-on-year changes, in per cent",1982-Q2,-3.3446,0: Units,,,,A: Normal value,F: Free,
dataflow,BIS:WS_SPP(1.0): Selected residential property prices,I,Q: Quarterly,IT: Italy,R: Real,"771: Year-on-year changes, in per cent",1982-Q3,-5.8127,0: Units,,,,A: Normal value,F: Free,
dataflow,BIS:WS_SPP(1.0): Selected residential property prices,I,Q: Quarterly,IT: Italy,R: Real,"771: Year-on-year changes, in per cent",1982-Q4,-5.5366,0: Units,,,,A: Normal value,F: Free,
dataflow,BIS:WS_SPP(1.0): Selected residential property prices,I,Q: Quarterly,IT: Italy,R: Real,"771: Year-on-year changes, in per cent",1983-Q1,-5.0464,0: Units,,,,A: Normal value,F: Free,
dataflow,BIS:WS_SPP(1.0): Selected residential property prices,I,Q: Quarterly,IT: Italy,R: Real,"771: Year-on-year changes, in per cent",1983-Q2,-6.2276,0: Units,,,,A: Normal value,F: Free,
dataflow,BIS:WS_SPP(1.0): Selected residential property prices,I,Q: Quarterly,IT: Italy,R: Real,"771: Year-on-year changes, in per cent",1983-Q3,-6.018,0: Units,,,,A: Normal value,F: Free,
dataflow,BIS:WS_SPP(1.0): Selected residential property prices,I,Q: Quarterly,IT: Italy,R: Real,"771: Year-on-year changes, in per cent",1983-Q4,-6.4427,0: Units,,,,A: Normal value,F: Free,
dataflow,BIS:WS_SPP(1.0): Selected residential property prices,I,Q: Quarterly,IT: Italy,R: Real,"771: Year-on-year changes, in per cent",1984-Q1,-6.9959,0: Units,,,,A: Normal value,F: Free,
dataflow,BIS:WS_SPP(1.0): Selected residential property prices,I,Q: Quarterly,IT: Italy,R: Real,"771: Year-on-year changes, in per cent",1984-Q2,-7.564,0: Units,,,,A: Normal value,F: Free,
dataflow,BIS:WS_SPP(1.0): Selected residential property prices,I,Q: Quarterly,IT: Italy,R: Real,"771: Year-on-year changes, in per cent",1984-Q3,-7.6293,0: Units,,,,A: Normal value,F: Free,
dataflow,BIS:WS_SPP(1.0): Selected residential property prices,I,Q: Quarterly,IT: Italy,R: Real,"771: Year-on-year changes, in per cent",1984-Q4,-7.087,0: Units,,,,A: Normal value,F: Free,
dataflow,BIS:WS_SPP(1.0): Selected residential property prices,I,Q: Quarterly,IT: Italy,R: Real,"771: Year-on-year changes, in per cent",1985-Q1,-7.0373,0: Units,,,,A: Normal value,F: Free,
dataflow,BIS:WS_SPP(1.0): Selected residential property prices,I,Q: Quarterly,IT: Italy,R: Real,"771: Year-on-year changes, in per cent",1985-Q2,-7.0055,0: Units,,,,A: Normal value,F: Free,
dataflow,BIS:WS_SPP(1.0): Selected residential property prices,I,Q: Quarterly,IT: Italy,R: Real,"771: Year-on-year changes, in per cent",1985-Q3,-6.4226,0: Units,,,,A: Normal value,F: Free,
dataflow,BIS:WS_SPP(1.0): Selected residential property prices,I,Q: Quarterly,IT: Italy,R: Real,"771: Year-on-year changes, in per cent",1985-Q4,-6.148,0: Units,,,,A: Normal value,F: Free,
dataflow,BIS:WS_SPP(1.0): Selected residential property prices,I,Q: Quarterly,IT: Italy,R: Real,"771: Year-on-year changes, in per cent",1986-Q1,-4.7644,0: Units,,,,A: Normal value,F: Free,
dataflow,BIS:WS_SPP(1.0): Selected residential property prices,I,Q: Quarterly,IT: Italy,R: Real,"771: Year-on-year changes, in per cent",1986-Q2,-3.0293,0: Units,,,,A: Normal value,F: Free,
dataflow,BIS:WS_SPP(1.0): Selected residential property prices,I,Q: Quarterly,IT: Italy,R: Real,"771: Year-on-year changes, in per cent",1986-Q3,-2.3373,0: Units,,,,A: Normal value,F: Free,
dataflow,BIS:WS_SPP(1.0): Selected residential property prices,I,Q: Quarterly,IT: Italy,R: Real,"771: Year-on-year changes, in per cent",1986-Q4,-1.2564,0: Units,,,,A: Normal value,F: Free,
dataflow,BIS:WS_SPP(1.0): Selected residential property prices,I,Q: Quarterly,IT: Italy,R: Real,"771: Year-on-year changes, in per cent",1987-Q1,-0.4834,0: Units,,,,A: Normal value,F: Free,
dataflow,BIS:WS_SPP(1.0): Selected residential property prices,I,Q: Quarterly,IT: Italy,R: Real,"771: Year-on-year changes, in per cent",1987-Q2,0.4614,0: Units,,,,A: Normal value,F: Free,
dataflow,BIS:WS_SPP(1.0): Selected residential property prices,I,Q: Quarterly,IT: Italy,R: Real,"771: Year-on-year changes, in per cent",1987-Q3,1.4144,0: Units,,,,A: Normal value,F: Free,
dataflow,BIS:WS_SPP(1.0): Selected residential property prices,I,Q: Quarterly,IT: Italy,R: Real,"771: Year-on-year changes, in per cent",1987-Q4,2.4617,0: Units,,,,A: Normal value,F: Free,
dataflow,BIS:WS_SPP(1.0): Selected residential property prices,I,Q: Quarterly,IT: Italy,R: Real,"771: Year-on-year changes, in per cent",1988-Q1,4.1663,0: Units,,,,A: Normal value,F: Free,
dataflow,BIS:WS_SPP(1.0): Selected residential property prices,I,Q: Quarterly,IT: Italy,R: Real,"771: Year-on-year changes, in per cent",1988-Q2,6.6192,0: Units,,,,A: Normal value,F: Free,
dataflow,BIS:WS_SPP(1.0): Selected residential property prices,I,Q: Quarterly,IT: Italy,R: Real,"771: Year-on-year changes, in per cent",1988-Q3,8.6305,0: Units,,,,A: Normal value,F: Free,
dataflow,BIS:WS_SPP(1.0): Selected residential property prices,I,Q: Quarterly,IT: Italy,R: Real,"771: Year-on-year changes, in per cent",1988-Q4,10.1642,0: Units,,,,A: Normal value,F: Free,
dataflow,BIS:WS_SPP(1.0): Selected residential property prices,I,Q: Quarterly,IT: Italy,R: Real,"771: Year-on-year changes, in per cent",1989-Q1,10.3922,0: Units,,,,A: Normal value,F: Free,
dataflow,BIS:WS_SPP(1.0): Selected residential property prices,I,Q: Quarterly,IT: Italy,R: Real,"771: Year-on-year changes, in per cent",1989-Q2,10.4302,0: Units,,,,A: Normal value,F: Free,
dataflow,BIS:WS_SPP(1.0): Selected residential property prices,I,Q: Quarterly,IT: Italy,R: Real,"771: Year-on-year changes, in per cent",1989-Q3,11.1695,0: Units,,,,A: Normal value,F: Free,
dataflow,BIS:WS_SPP(1.0): Selected residential property prices,I,Q: Quarterly,IT: Italy,R: Real,"771: Year-on-year changes, in per cent",1989-Q4,11.6462,0: Units,,,,A: Normal value,F: Free,
dataflow,BIS:WS_SPP(1.0): Selected residential property prices,I,Q: Quarterly,IT: Italy,R: Real,"771: Year-on-year changes, in per cent",1990-Q1,11.771,0: Units,,,,A: Normal value,F: Free,
dataflow,BIS:WS_SPP(1.0): Selected residential property prices,I,Q: Quarterly,IT: Italy,R: Real,"771: Year-on-year changes, in per cent",1990-Q2,11.1958,0: Units,,,,A: Normal value,F: Free,
dataflow,BIS:WS_SPP(1.0): Selected residential property prices,I,Q: Quarterly,IT: Italy,R: Real,"771: Year-on-year changes, in per cent",1990-Q3,8.8934,0: Units,,,,A: Normal value,F: Free,
dataflow,BIS:WS_SPP(1.0): Selected residential property prices,I,Q: Quarterly,IT: Italy,R: Real,"771: Year-on-year changes, in per cent",1990-Q4,8.9599,0: Units,,,,A: Normal value,F: Free,
dataflow,BIS:WS_SPP(1.0): Selected residential property prices,I,Q: Quarterly,IT: Italy,R: Real,"771: Year-on-year changes, in per cent",1991-Q1,10.5827,0: Units,,,,A: Normal value,F: Free,
dataflow,BIS:WS_SPP(1.0): Selected residential property prices,I,Q: Quarterly,IT: Italy,R: Real,"771: Year-on-year changes, in per cent",1991-Q2,9.9826,0: Units,,,,A: Normal value,F: Free,
dataflow,BIS:WS_SPP(1.0): Selected residential property prices,I,Q: Quarterly,IT: Italy,R: Real,"771: Year-on-year changes, in per cent",1991-Q3,8.5539,0: Units,,,,A: Normal value,F: Free,
dataflow,BIS:WS_SPP(1.0): Selected residential property prices,I,Q: Quarterly,IT: Italy,R: Real,"771: Year-on-year changes, in per cent",1991-Q4,7.1473,0: Units,,,,A: Normal value,F: Free,
dataflow,BIS:WS_SPP(1.0): Selected residential property prices,I,Q: Quarterly,IT: Italy,R: Real,"771: Year-on-year changes, in per cent",1992-Q1,8.516,0: Units,,,,A: Normal value,F: Free,
dataflow,BIS:WS_SPP(1.0): Selected residential property prices,I,Q: Quarterly,IT: Italy,R: Real,"771: Year-on-year changes, in per cent",1992-Q2,9.1478,0: Units,,,,A: Normal value,F: Free,
dataflow,BIS:WS_SPP(1.0): Selected residential property prices,I,Q: Quarterly,IT: Italy,R: Real,"771: Year-on-year changes, in per cent",1992-Q3,10.1104,0: Units,,,,A: Normal value,F: Free,
dataflow,BIS:WS_SPP(1.0): Selected residential property prices,I,Q: Quarterly,IT: Italy,R: Real,"771: Year-on-year changes, in per cent",1992-Q4,8.8935,0: Units,,,,A: Normal value,F: Free,
dataflow,BIS:WS_SPP(1.0): Selected residential property prices,I,Q: Quarterly,IT: Italy,R: Real,"771: Year-on-year changes, in per cent",1993-Q1,3.7212,0: Units,,,,A: Normal value,F: Free,
dataflow,BIS:WS_SPP(1.0): Selected residential property prices,I,Q: Quarterly,IT: Italy,R: Real,"771: Year-on-year changes, in per cent",1993-Q2,0.4866,0: Units,,,,A: Normal value,F: Free,
dataflow,BIS:WS_SPP(1.0): Selected residential property prices,I,Q: Quarterly,IT: Italy,R: Real,"771: Year-on-year changes, in per cent",1993-Q3,-0.7303,0: Units,,,,A: Normal value,F: Free,
dataflow,BIS:WS_SPP(1.0): Selected residential property prices,I,Q: Quarterly,IT: Italy,R: Real,"771: Year-on-year changes, in per cent",1993-Q4,-2.6426,0: Units,,,,A: Normal value,F: Free,
dataflow,BIS:WS_SPP(1.0): Selected residential property prices,I,Q: Quarterly,IT: Italy,R: Real,"771: Year-on-year changes, in per cent",1994-Q1,-4.2103,0: Units,,,,A: Normal value,F: Free,
dataflow,BIS:WS_SPP(1.0): Selected residential property prices,I,Q: Quarterly,IT: Italy,R: Real,"771: Year-on-year changes, in per cent",1994-Q2,-5.5394,0: Units,,,,A: Normal value,F: Free,
dataflow,BIS:WS_SPP(1.0): Selected residential property prices,I,Q: Quarterly,IT: Italy,R: Real,"771: Year-on-year changes, in per cent",1994-Q3,-5.4332,0: Units,,,,A: Normal value,F: Free,
dataflow,BIS:WS_SPP(1.0): Selected residential property prices,I,Q: Quarterly,IT: Italy,R: Real,"771: Year-on-year changes, in per cent",1994-Q4,-5.1397,0: Units,,,,A: Normal value,F: Free,
dataflow,BIS:WS_SPP(1.0): Selected residential property prices,I,Q: Quarterly,IT: Italy,R: Real,"771: Year-on-year changes, in per cent",1995-Q1,-5.3965,0: Units,,,,A: Normal value,F: Free,
dataflow,BIS:WS_SPP(1.0): Selected residential property prices,I,Q: Quarterly,IT: Italy,R: Real,"771: Year-on-year changes, in per cent",1995-Q2,-4.4127,0: Units,,,,A: Normal value,F: Free,
dataflow,BIS:WS_SPP(1.0): Selected residential property prices,I,Q: Quarterly,IT: Italy,R: Real,"771: Year-on-year changes, in per cent",1995-Q3,-4.3484,0: Units,,,,A: Normal value,F: Free,
dataflow,BIS:WS_SPP(1.0): Selected residential property prices,I,Q: Quarterly,IT: Italy,R: Real,"771: Year-on-year changes, in per cent",1995-Q4,-2.78,0: Units,,,,A: Normal value,F: Free,
dataflow,BIS:WS_SPP(1.0): Selected residential property prices,I,Q: Quarterly,IT: Italy,R: Real,"771: Year-on-year changes, in per cent",1996-Q1,-0.8627,0: Units,,,,A: Normal value,F: Free,
dataflow,BIS:WS_SPP(1.0): Selected residential property prices,I,Q: Quarterly,IT: Italy,R: Real,"771: Year-on-year changes, in per cent",1996-Q2,-0.7289,0: Units,,,,A: Normal value,F: Free,
dataflow,BIS:WS_SPP(1.0): Selected residential property prices,I,Q: Quarterly,IT: Italy,R: Real,"771: Year-on-year changes, in per cent",1996-Q3,0.0532,0: Units,,,,A: Normal value,F: Free,
dataflow,BIS:WS_SPP(1.0): Selected residential property prices,I,Q: Quarterly,IT: Italy,R: Real,"771: Year-on-year changes, in per cent",1996-Q4,0.726,0: Units,,,,A: Normal value,F: Free,
dataflow,BIS:WS_SPP(1.0): Selected residential property prices,I,Q: Quarterly,IT: Italy,R: Real,"771: Year-on-year changes, in per cent",1997-Q1,1.8246,0: Units,,,,A: Normal value,F: Free,
dataflow,BIS:WS_SPP(1.0): Selected residential property prices,I,Q: Quarterly,IT: Italy,R: Real,"771: Year-on-year changes, in per cent",1997-Q2,2.1398,0: Units,,,,A: Normal value,F: Free,
dataflow,BIS:WS_SPP(1.0): Selected residential property prices,I,Q: Quarterly,IT: Italy,R: Real,"771: Year-on-year changes, in per cent",1997-Q3,1.0489,0: Units,,,,A: Normal value,F: Free,
dataflow,BIS:WS_SPP(1.0): Selected residential property prices,I,Q: Quarterly,IT: Italy,R: Real,"771: Year-on-year changes, in per cent",1997-Q4,0.3383,0: Units,,,,A: Normal value,F: Free,
dataflow,BIS:WS_SPP(1.0): Selected residential property prices,I,Q: Quarterly,IT: Italy,R: Real,"771: Year-on-year changes, in per cent",1998-Q1,-2.6383,0: Units,,,,A: Normal value,F: Free,
dataflow,BIS:WS_SPP(1.0): Selected residential property prices,I,Q: Quarterly,IT: Italy,R: Real,"771: Year-on-year changes, in per cent",1998-Q2,-1.7915,0: Units,,,,A: Normal value,F: Free,
dataflow,BIS:WS_SPP(1.0): Selected residential property prices,I,Q: Quarterly,IT: Italy,R: Real,"771: Year-on-year changes, in per cent",1998-Q3,-1.6432,0: Units,,,,A: Normal value,F: Free,
dataflow,BIS:WS_SPP(1.0): Selected residential property prices,I,Q: Quarterly,IT: Italy,R: Real,"771: Year-on-year changes, in per cent",1998-Q4,-1.7511,0: Units,,,,A: Normal value,F: Free,
dataflow,BIS:WS_SPP(1.0): Selected residential property prices,I,Q: Quarterly,IT: Italy,R: Real,"771: Year-on-year changes, in per cent",1999-Q1,-0.2939,0: Units,,,,A: Normal value,F: Free,
dataflow,BIS:WS_SPP(1.0): Selected residential property prices,I,Q: Quarterly,IT: Italy,R: Real,"771: Year-on-year changes, in per cent",1999-Q2,-0.7832,0: Units,,,,A: Normal value,F: Free,
dataflow,BIS:WS_SPP(1.0): Selected residential property prices,I,Q: Quarterly,IT: Italy,R: Real,"771: Year-on-year changes, in per cent",1999-Q3,-0.7558,0: Units,,,,A: Normal value,F: Free,
dataflow,BIS:WS_SPP(1.0): Selected residential property prices,I,Q: Quarterly,IT: Italy,R: Real,"771: Year-on-year changes, in per cent",1999-Q4,-0.5847,0: Units,,,,A: Normal value,F: Free,
dataflow,BIS:WS_SPP(1.0): Selected residential property prices,I,Q: Quarterly,IT: Italy,R: Real,"771: Year-on-year changes, in per cent",2000-Q1,0.7835,0: Units,,,,A: Normal value,F: Free,
dataflow,BIS:WS_SPP(1.0): Selected residential property prices,I,Q: Quarterly,IT: Italy,R: Real,"771: Year-on-year changes, in per cent",2000-Q2,0.8584,0: Units,,,,A: Normal value,F: Free,
dataflow,BIS:WS_SPP(1.0): Selected residential property prices,I,Q: Quarterly,IT: Italy,R: Real,"771: Year-on-year changes, in per cent",2000-Q3,1.5856,0: Units,,,,A: Normal value,F: Free,
dataflow,BIS:WS_SPP(1.0): Selected residential property prices,I,Q: Quarterly,IT: Italy,R: Real,"771: Year-on-year changes, in per cent",2000-Q4,2.142,0: Units,,,,A: Normal value,F: Free,
dataflow,BIS:WS_SPP(1.0): Selected residential property prices,I,Q: Quarterly,IT: Italy,R: Real,"771: Year-on-year changes, in per cent",2001-Q1,1.6581,0: Units,,,,A: Normal value,F: Free,
dataflow,BIS:WS_SPP(1.0): Selected residential property prices,I,Q: Quarterly,IT: Italy,R: Real,"771: Year-on-year changes, in per cent",2001-Q2,1.9188,0: Units,,,,A: Normal value,F: Free,
dataflow,BIS:WS_SPP(1.0): Selected residential property prices,I,Q: Quarterly,IT: Italy,R: Real,"771: Year-on-year changes, in per cent",2001-Q3,2.9678,0: Units,,,,A: Normal value,F: Free,
dataflow,BIS:WS_SPP(1.0): Selected residential property prices,I,Q: Quarterly,IT: Italy,R: Real,"771: Year-on-year changes, in per cent",2001-Q4,4.9156,0: Units,,,,A: Normal value,F: Free,
dataflow,BIS:WS_SPP(1.0): Selected residential property prices,I,Q: Quarterly,IT: Italy,R: Real,"771: Year-on-year changes, in per cent",2002-Q1,9.6522,0: Units,,,,A: Normal value,F: Free,
dataflow,BIS:WS_SPP(1.0): Selected residential property prices,I,Q: Quarterly,IT: Italy,R: Real,"771: Year-on-year changes, in per cent",2002-Q2,10.7082,0: Units,,,,A: Normal value,F: Free,
dataflow,BIS:WS_SPP(1.0): Selected residential property prices,I,Q: Quarterly,IT: Italy,R: Real,"771: Year-on-year changes, in per cent",2002-Q3,9.5424,0: Units,,,,A: Normal value,F: Free,
dataflow,BIS:WS_SPP(1.0): Selected residential property prices,I,Q: Quarterly,IT: Italy,R: Real,"771: Year-on-year changes, in per cent",2002-Q4,7.1078,0: Units,,,,A: Normal value,F: Free,
dataflow,BIS:WS_SPP(1.0): Selected residential property prices,I,Q: Quarterly,IT: Italy,R: Real,"771: Year-on-year changes, in per cent",2003-Q1,3.6404,0: Units,,,,A: Normal value,F: Free,
dataflow,BIS:WS_SPP(1.0): Selected residential property prices,I,Q: Quarterly,IT: Italy,R: Real,"771: Year-on-year changes, in per cent",2003-Q2,2.8808,0: Units,,,,A: Normal value,F: Free,
dataflow,BIS:WS_SPP(1.0): Selected residential property prices,I,Q: Quarterly,IT: Italy,R: Real,"771: Year-on-year changes, in per cent",2003-Q3,3.4985,0: Units,,,,A: Normal value,F: Free,
dataflow,BIS:WS_SPP(1.0): Selected residential property prices,I,Q: Quarterly,IT: Italy,R: Real,"771: Year-on-year changes, in per cent",2003-Q4,3.5883,0: Units,,,,A: Normal value,F: Free,
dataflow,BIS:WS_SPP(1.0): Selected residential property prices,I,Q: Quarterly,IT: Italy,R: Real,"771: Year-on-year changes, in per cent",2004-Q1,2.5918,0: Units,,,,A: Normal value,F: Free,
dataflow,BIS:WS_SPP(1.0): Selected residential property prices,I,Q: Quarterly,IT: Italy,R: Real,"771: Year-on-year changes, in per cent",2004-Q2,3.238,0: Units,,,,A: Normal value,F: Free,
dataflow,BIS:WS_SPP(1.0): Selected residential property prices,I,Q: Quarterly,IT: Italy,R: Real,"771: Year-on-year changes, in per cent",2004-Q3,4.1077,0: Units,,,,A: Normal value,F: Free,
dataflow,BIS:WS_SPP(1.0): Selected residential property prices,I,Q: Quarterly,IT: Italy,R: Real,"771: Year-on-year changes, in per cent",2004-Q4,5.314,0: Units,,,,A: Normal value,F: Free,
dataflow,BIS:WS_SPP(1.0): Selected residential property prices,I,Q: Quarterly,IT: Italy,R: Real,"771: Year-on-year changes, in per cent",2005-Q1,6.2848,0: Units,,,,A: Normal value,F: Free,
dataflow,BIS:WS_SPP(1.0): Selected residential property prices,I,Q: Quarterly,IT: Italy,R: Real,"771: Year-on-year changes, in per cent",2005-Q2,6.1809,0: Units,,,,A: Normal value,F: Free,
dataflow,BIS:WS_SPP(1.0): Selected residential property prices,I,Q: Quarterly,IT: Italy,R: Real,"771: Year-on-year changes, in per cent",2005-Q3,5.2989,0: Units,,,,A: Normal value,F: Free,
dataflow,BIS:WS_SPP(1.0): Selected residential property prices,I,Q: Quarterly,IT: Italy,R: Real,"771: Year-on-year changes, in per cent",2005-Q4,4.5124,0: Units,,,,A: Normal value,F: Free,
dataflow,BIS:WS_SPP(1.0): Selected residential property prices,I,Q: Quarterly,IT: Italy,R: Real,"771: Year-on-year changes, in per cent",2006-Q1,3.6786,0: Units,,,,A: Normal value,F: Free,
dataflow,BIS:WS_SPP(1.0): Selected residential property prices,I,Q: Quarterly,IT: Italy,R: Real,"771: Year-on-year changes, in per cent",2006-Q2,3.6771,0: Units,,,,A: Normal value,F: Free,
dataflow,BIS:WS_SPP(1.0): Selected residential property prices,I,Q: Quarterly,IT: Italy,R: Real,"771: Year-on-year changes, in per cent",2006-Q3,3.6076,0: Units,,,,A: Normal value,F: Free,
dataflow,BIS:WS_SPP(1.0): Selected residential property prices,I,Q: Quarterly,IT: Italy,R: Real,"771: Year-on-year changes, in per cent",2006-Q4,3.7262,0: Units,,,,A: Normal value,F: Free,
dataflow,BIS:WS_SPP(1.0): Selected residential property prices,I,Q: Quarterly,IT: Italy,R: Real,"771: Year-on-year changes, in per cent",2007-Q1,4.0551,0: Units,,,,A: Normal value,F: Free,
dataflow,BIS:WS_SPP(1.0): Selected residential property prices,I,Q: Quarterly,IT: Italy,R: Real,"771: Year-on-year changes, in per cent",2007-Q2,3.3882,0: Units,,,,A: Normal value,F: Free,
dataflow,BIS:WS_SPP(1.0): Selected residential property prices,I,Q: Quarterly,IT: Italy,R: Real,"771: Year-on-year changes, in per cent",2007-Q3,2.8969,0: Units,,,,A: Normal value,F: Free,
dataflow,BIS:WS_SPP(1.0): Selected residential property prices,I,Q: Quarterly,IT: Italy,R: Real,"771: Year-on-year changes, in per cent",2007-Q4,2.0299,0: Units,,,,A: Normal value,F: Free,
dataflow,BIS:WS_SPP(1.0): Selected residential property prices,I,Q: Quarterly,IT: Italy,R: Real,"771: Year-on-year changes, in per cent",2008-Q1,0.6598,0: Units,,,,A: Normal value,F: Free,
dataflow,BIS:WS_SPP(1.0): Selected residential property prices,I,Q: Quarterly,IT: Italy,R: Real,"771: Year-on-year changes, in per cent",2008-Q2,0.0214,0: Units,,,,A: Normal value,F: Free,
dataflow,BIS:WS_SPP(1.0): Selected residential property prices,I,Q: Quarterly,IT: Italy,R: Real,"771: Year-on-year changes, in per cent",2008-Q3,-1.3048,0: Units,,,,A: Normal value,F: Free,
dataflow,BIS:WS_SPP(1.0): Selected residential property prices,I,Q: Quarterly,IT: Italy,R: Real,"771: Year-on-year changes, in per cent",2008-Q4,-2.2075,0: Units,,,,A: Normal value,F: Free,
dataflow,BIS:WS_SPP(1.0): Selected residential property prices,I,Q: Quarterly,IT: Italy,R: Real,"771: Year-on-year changes, in per cent",2009-Q1,-1.2278,0: Units,,,,A: Normal value,F: Free,
dataflow,BIS:WS_SPP(1.0): Selected residential property prices,I,Q: Quarterly,IT: Italy,R: Real,"771: Year-on-year changes, in per cent",2009-Q2,-1.7008,0: Units,,,,A: Normal value,F: Free,
dataflow,BIS:WS_SPP(1.0): Selected residential property prices,I,Q: Quarterly,IT: Italy,R: Real,"771: Year-on-year changes, in per cent",2009-Q3,-1.25,0: Units,,,,A: Normal value,F: Free,
dataflow,BIS:WS_SPP(1.0): Selected residential property prices,I,Q: Quarterly,IT: Italy,R: Real,"771: Year-on-year changes, in per cent",2009-Q4,-0.9093,0: Units,,,,A: Normal value,F: Free,
dataflow,BIS:WS_SPP(1.0): Selected residential property prices,I,Q: Quarterly,IT: Italy,R: Real,"771: Year-on-year changes, in per cent",2010-Q1,-3.3485,0: Units,,,,A: Normal value,F: Free,
dataflow,BIS:WS_SPP(1.0): Selected residential property prices,I,Q: Quarterly,IT: Italy,R: Real,"771: Year-on-year changes, in per cent",2010-Q2,-2.3981,0: Units,,,,A: Normal value,F: Free,
dataflow,BIS:WS_SPP(1.0): Selected residential property prices,I,Q: Quarterly,IT: Italy,R: Real,"771: Year-on-year changes, in per cent",2010-Q3,-1.983,0: Units,,,,A: Normal value,F: Free,
dataflow,BIS:WS_SPP(1.0): Selected residential property prices,I,Q: Quarterly,IT: Italy,R: Real,"771: Year-on-year changes, in per cent",2010-Q4,-1.4021,0: Units,,,,A: Normal value,F: Free,
dataflow,BIS:WS_SPP(1.0): Selected residential property prices,I,Q: Quarterly,IT: Italy,R: Real,"771: Year-on-year changes, in per cent",2011-Q1,-1.0255,0: Units,,,,A: Normal value,F: Free,
dataflow,BIS:WS_SPP(1.0): Selected residential property prices,I,Q: Quarterly,IT: Italy,R: Real,"771: Year-on-year changes, in per cent",2011-Q2,-0.2992,0: Units,,,,A: Normal value,F: Free,
dataflow,BIS:WS_SPP(1.0): Selected residential property prices,I,Q: Quarterly,IT: Italy,R: Real,"771: Year-on-year changes, in per cent",2011-Q3,-1.5826,0: Units,,,,A: Normal value,F: Free,
dataflow,BIS:WS_SPP(1.0): Selected residential property prices,I,Q: Quarterly,IT: Italy,R: Real,"771: Year-on-year changes, in per cent",2011-Q4,-2.7216,0: Units,,,,A: Normal value,F: Free,
dataflow,BIS:WS_SPP(1.0): Selected residential property prices,I,Q: Quarterly,IT: Italy,R: Real,"771: Year-on-year changes, in per cent",2012-Q1,-2.5771,0: Units,,,,A: Normal value,F: Free,
dataflow,BIS:WS_SPP(1.0): Selected residential property prices,I,Q: Quarterly,IT: Italy,R: Real,"771: Year-on-year changes, in per cent",2012-Q2,-5.3188,0: Units,,,,A: Normal value,F: Free,
dataflow,BIS:WS_SPP(1.0): Selected residential property prices,I,Q: Quarterly,IT: Italy,R: Real,"771: Year-on-year changes, in per cent",2012-Q3,-6.5426,0: Units,,,,A: Normal value,F: Free,
dataflow,BIS:WS_SPP(1.0): Selected residential property prices,I,Q: Quarterly,IT: Italy,R: Real,"771: Year-on-year changes, in per cent",2012-Q4,-7.2518,0: Units,,,,A: Normal value,F: Free,
dataflow,BIS:WS_SPP(1.0): Selected residential property prices,I,Q: Quarterly,IT: Italy,R: Real,"771: Year-on-year changes, in per cent",2013-Q1,-8.8632,0: Units,,,,A: Normal value,F: Free,
dataflow,BIS:WS_SPP(1.0): Selected residential property prices,I,Q: Quarterly,IT: Italy,R: Real,"771: Year-on-year changes, in per cent",2013-Q2,-7.7649,0: Units,,,,A: Normal value,F: Free,
dataflow,BIS:WS_SPP(1.0): Selected residential property prices,I,Q: Quarterly,IT: Italy,R: Real,"771: Year-on-year changes, in per cent",2013-Q3,-7.4528,0: Units,,,,A: Normal value,F: Free,
dataflow,BIS:WS_SPP(1.0): Selected residential property prices,I,Q: Quarterly,IT: Italy,R: Real,"771: Year-on-year changes, in per cent",2013-Q4,-6.4692,0: Units,,,,A: Normal value,F: Free,
dataflow,BIS:WS_SPP(1.0): Selected residential property prices,I,Q: Quarterly,IT: Italy,R: Real,"771: Year-on-year changes, in per cent",2014-Q1,-4.789,0: Units,,,,A: Normal value,F: Free,
dataflow,BIS:WS_SPP(1.0): Selected residential property prices,I,Q: Quarterly,IT: Italy,R: Real,"771: Year-on-year changes, in per cent",2014-Q2,-5.3733,0: Units,,,,A: Normal value,F: Free,
dataflow,BIS:WS_SPP(1.0): Selected residential property prices,I,Q: Quarterly,IT: Italy,R: Real,"771: Year-on-year changes, in per cent",2014-Q3,-4.5454,0: Units,,,,A: Normal value,F: Free,
dataflow,BIS:WS_SPP(1.0): Selected residential property prices,I,Q: Quarterly,IT: Italy,R: Real,"771: Year-on-year changes, in per cent",2014-Q4,-4.871,0: Units,,,,A: Normal value,F: Free,
dataflow,BIS:WS_SPP(1.0): Selected residential property prices,I,Q: Quarterly,IT: Italy,R: Real,"771: Year-on-year changes, in per cent",2015-Q1,-5.4783,0: Units,,,,A: Normal value,F: Free,
dataflow,BIS:WS_SPP(1.0): Selected residential property prices,I,Q: Quarterly,IT: Italy,R: Real,"771: Year-on-year changes, in per cent",2015-Q2,-4.7199,0: Units,,,,A: Normal value,F: Free,
dataflow,BIS:WS_SPP(1.0): Selected residential property prices,I,Q: Quarterly,IT: Italy,R: Real,"771: Year-on-year changes, in per cent",2015-Q3,-2.8762,0: Units,,,,A: Normal value,F: Free,
dataflow,BIS:WS_SPP(1.0): Selected residential property prices,I,Q: Quarterly,IT: Italy,R: Real,"771: Year-on-year changes, in per cent",2015-Q4,-2.2007,0: Units,,,,A: Normal value,F: Free,
dataflow,BIS:WS_SPP(1.0): Selected residential property prices,I,Q: Quarterly,IT: Italy,R: Real,"771: Year-on-year changes, in per cent",2016-Q1,0.2111,0: Units,,,,A: Normal value,F: Free,
dataflow,BIS:WS_SPP(1.0): Selected residential property prices,I,Q: Quarterly,IT: Italy,R: Real,"771: Year-on-year changes, in per cent",2016-Q2,1.0906,0: Units,,,,A: Normal value,F: Free,
dataflow,BIS:WS_SPP(1.0): Selected residential property prices,I,Q: Quarterly,IT: Italy,R: Real,"771: Year-on-year changes, in per cent",2016-Q3,0.0163,0: Units,,,,A: Normal value,F: Free,
dataflow,BIS:WS_SPP(1.0): Selected residential property prices,I,Q: Quarterly,IT: Italy,R: Real,"771: Year-on-year changes, in per cent",2016-Q4,0.1059,0: Units,,,,A: Normal value,F: Free,
dataflow,BIS:WS_SPP(1.0): Selected residential property prices,I,Q: Quarterly,IT: Italy,R: Real,"771: Year-on-year changes, in per cent",2017-Q1,-2.0104,0: Units,,,,A: Normal value,F: Free,
dataflow,BIS:WS_SPP(1.0): Selected residential property prices,I,Q: Quarterly,IT: Italy,R: Real,"771: Year-on-year changes, in per cent",2017-Q2,-2.3931,0: Units,,,,A: Normal value,F: Free,
dataflow,BIS:WS_SPP(1.0): Selected residential property prices,I,Q: Quarterly,IT: Italy,R: Real,"771: Year-on-year changes, in per cent",2017-Q3,-2.5965,0: Units,,,,A: Normal value,F: Free,
dataflow,BIS:WS_SPP(1.0): Selected residential property prices,I,Q: Quarterly,IT: Italy,R: Real,"771: Year-on-year changes, in per cent",2017-Q4,-2.1926,0: Units,,,,A: Normal value,F: Free,
dataflow,BIS:WS_SPP(1.0): Selected residential property prices,I,Q: Quarterly,IT: Italy,R: Real,"771: Year-on-year changes, in per cent",2018-Q1,-1.3061,0: Units,,,,A: Normal value,F: Free,
dataflow,BIS:WS_SPP(1.0): Selected residential property prices,I,Q: Quarterly,IT: Italy,R: Real,"771: Year-on-year changes, in per cent",2018-Q2,-1.2591,0: Units,,,,A: Normal value,F: Free,
dataflow,BIS:WS_SPP(1.0): Selected residential property prices,I,Q: Quarterly,IT: Italy,R: Real,"771: Year-on-year changes, in per cent",2018-Q3,-2.2671,0: Units,,,,A: Normal value,F: Free,
dataflow,BIS:WS_SPP(1.0): Selected residential property prices,I,Q: Quarterly,IT: Italy,R: Real,"771: Year-on-year changes, in per cent",2018-Q4,-1.8608,0: Units,,,,A: Normal value,F: Free,
dataflow,BIS:WS_SPP(1.0): Selected residential property prices,I,Q: Quarterly,IT: Italy,R: Real,"771: Year-on-year changes, in per cent",2019-Q1,-1.7583,0: Units,,,,A: Normal value,F: Free,
dataflow,BIS:WS_SPP(1.0): Selected residential property prices,I,Q: Quarterly,IT: Italy,R: Real,"771: Year-on-year changes, in per cent",2019-Q2,-0.9572,0: Units,,,,A: Normal value,F: Free,
dataflow,BIS:WS_SPP(1.0): Selected residential property prices,I,Q: Quarterly,IT: Italy,R: Real,"771: Year-on-year changes, in per cent",2019-Q3,-0.0037,0: Units,,,,A: Normal value,F: Free,
dataflow,BIS:WS_SPP(1.0): Selected residential property prices,I,Q: Quarterly,IT: Italy,R: Real,"771: Year-on-year changes, in per cent",2019-Q4,-0.0587,0: Units,,,,A: Normal value,F: Free,
dataflow,BIS:WS_SPP(1.0): Selected residential property prices,I,Q: Quarterly,IT: Italy,R: Real,"771: Year-on-year changes, in per cent",2020-Q1,1.3657,0: Units,,,,A: Normal value,F: Free,
dataflow,BIS:WS_SPP(1.0): Selected residential property prices,I,Q: Quarterly,IT: Italy,R: Real,"771: Year-on-year changes, in per cent",2020-Q2,3.5312,0: Units,,,,A: Normal value,F: Free,
dataflow,BIS:WS_SPP(1.0): Selected residential property prices,I,Q: Quarterly,IT: Italy,R: Real,"771: Year-on-year changes, in per cent",2020-Q3,1.5497,0: Units,,,,A: Normal value,F: Free,
dataflow,BIS:WS_SPP(1.0): Selected residential property prices,I,Q: Quarterly,IT: Italy,R: Real,"771: Year-on-year changes, in per cent",2020-Q4,1.7679,0: Units,,,,A: Normal value,F: Free,
dataflow,BIS:WS_SPP(1.0): Selected residential property prices,I,Q: Quarterly,IT: Italy,R: Real,"771: Year-on-year changes, in per cent",2021-Q1,1.1674,0: Units,,,,A: Normal value,F: Free,
dataflow,BIS:WS_SPP(1.0): Selected residential property prices,I,Q: Quarterly,IT: Italy,R: Real,"771: Year-on-year changes, in per cent",2021-Q2,-0.9614,0: Units,,,,A: Normal value,F: Free,
dataflow,BIS:WS_SPP(1.0): Selected residential property prices,I,Q: Quarterly,IT: Italy,R: Real,"771: Year-on-year changes, in per cent",2021-Q3,1.8602,0: Units,,,,A: Normal value,F: Free,
dataflow,BIS:WS_SPP(1.0): Selected residential property prices,I,Q: Quarterly,IT: Italy,R: Real,"771: Year-on-year changes, in per cent",2021-Q4,0.3857,0: Units,,,,A: Normal value,F: Free,
dataflow,BIS:WS_SPP(1.0): Selected residential property prices,I,Q: Quarterly,IT: Italy,R: Real,"771: Year-on-year changes, in per cent",2022-Q1,-1.0143,0: Units,,,,A: Normal value,F: Free,
dataflow,BIS:WS_SPP(1.0): Selected residential property prices,I,Q: Quarterly,IT: Italy,R: Real,"771: Year-on-year changes, in per cent",2022-Q2,-1.5985,0: Units,,,,A: Normal value,F: Free,
dataflow,BIS:WS_SPP(1.0): Selected residential property prices,I,Q: Quarterly,IT: Italy,R: Real,"771: Year-on-year changes, in per cent",2022-Q3,-5.0539,0: Units,,,,A: Normal value,F: Free,
dataflow,BIS:WS_SPP(1.0): Selected residential property prices,I,Q: Quarterly,IT: Italy,R: Real,"771: Year-on-year changes, in per cent",2022-Q4,-8.1093,0: Units,,,,A: Normal value,F: Free,
dataflow,BIS:WS_SPP(1.0): Selected residential property prices,I,Q: Quarterly,IT: Italy,R: Real,"771: Year-on-year changes, in per cent",2023-Q1,-7.2664,0: Units,,,,A: Normal value,F: Free,
dataflow,BIS:WS_SPP(1.0): Selected residential property prices,I,Q: Quarterly,IT: Italy,R: Real,"771: Year-on-year changes, in per cent",2023-Q2,-6.1846,0: Units,,,,A: Normal value,F: Free,
dataflow,BIS:WS_SPP(1.0): Selected residential property prices,I,Q: Quarterly,IT: Italy,R: Real,"771: Year-on-year changes, in per cent",2023-Q3,-3.6312,0: Units,,,,A: Normal value,F: Free,
dataflow,BIS:WS_SPP(1.0): Selected residential property prices,I,Q: Quarterly,IT: Italy,R: Real,"771: Year-on-year changes, in per cent",2023-Q4,0.7513,0: Units,,,,A: Normal value,F: Free,
dataflow,BIS:WS_SPP(1.0): Selected residential property prices,I,Q: Quarterly,IT: Italy,R: Real,"771: Year-on-year changes, in per cent",2024-Q1,0.6988,0: Units,,,,A: Normal value,F: Free,
dataflow,BIS:WS_SPP(1.0): Selected residential property prices,I,Q: Quarterly,IT: Italy,R: Real,"771: Year-on-year changes, in per cent",2024-Q2,2.0581,0: Units,,,,A: Normal value,F: Free,
dataflow,BIS:WS_SPP(1.0): Selected residential property prices,I,Q: Quarterly,IT: Italy,R: Real,"771: Year-on-year changes, in per cent",2024-Q3,2.6867,0: Units,,,,A: Normal value,F: Free,
dataflow,BIS:WS_SPP(1.0): Selected residential property prices,I,Q: Quarterly,IT: Italy,R: Real,"771: Year-on-year changes, in per cent",2024-Q4,3.2828,0: Units,,,,A: Normal value,F: Free,
dataflow,BIS:WS_SPP(1.0): Selected residential property prices,I,Q: Quarterly,IT: Italy,R: Real,"771: Year-on-year changes, in per cent",2025-Q1,2.6817,0: Units,,,,A: Normal value,F: Free,
dataflow,BIS:WS_SPP(1.0): Selected residential property prices,I,Q: Quarterly,IT: Italy,R: Real,"771: Year-on-year changes, in per cent",2025-Q2,2.1917,0: Units,,,,A: Normal value,F: Free,
dataflow,BIS:WS_SPP(1.0): Selected residential property prices,I,Q: Quarterly,IT: Italy,R: Real,"771: Year-on-year changes, in per cent",2025-Q3,2.0799,0: Units,,,,A: Normal value,F: Free,
dataflow,BIS:WS_SPP(1.0): Selected residential property prices,I,Q: Quarterly,IT: Italy,R: Real,"771: Year-on-year changes, in per cent",2025-Q4,2.8056,0: Units,,,,A: Normal value,F: Free,
dataflow,BIS:WS_SPP(1.0): Selected residential property prices,I,Q: Quarterly,IT: Italy,R: Real,"771: Year-on-year changes, in per cent",2026-Q1,3.7587,0: Units,,,,A: Normal value,F: Free,
