STRUCTURE,STRUCTURE_ID,ACTION,FREQ:Frequency,BORROWERS_CTY:Borrowers' country,TC_BORROWERS:Borrowing sector,TC_LENDERS:Lending sector,CG_DTYPE:Credit gap data type,TIME_PERIOD:Time period or range,OBS_VALUE:Observation Value,COLLECTION:Collection Indicator,DECIMALS:Decimals,UNIT_MEASURE:Unit of measure,UNIT_MULT:Unit Multiplier,TIME_FORMAT:Time Format,TITLE_TS:Title (tseries level),OBS_STATUS:Observation Status,OBS_CONF:Observation confidentiality,OBS_PRE_BREAK:Pre-Break Observation
dataflow,BIS:WS_CREDIT_GAP(1.0): Credit-to-GDP gaps,I,Q: Quarterly,DE: Germany,P: Private non-financial sector,A: All sectors,A: Credit-to-GDP ratios (actual data),1960-Q4,62.987783248936,E: End of period,1: One,770: Percentage of GDP,0: Units,,,A: Normal value,F: Free,
dataflow,BIS:WS_CREDIT_GAP(1.0): Credit-to-GDP gaps,I,Q: Quarterly,DE: Germany,P: Private non-financial sector,A: All sectors,A: Credit-to-GDP ratios (actual data),1961-Q1,63.5029145844,E: End of period,1: One,770: Percentage of GDP,0: Units,,,A: Normal value,F: Free,
dataflow,BIS:WS_CREDIT_GAP(1.0): Credit-to-GDP gaps,I,Q: Quarterly,DE: Germany,P: Private non-financial sector,A: All sectors,A: Credit-to-GDP ratios (actual data),1961-Q2,64.554783434687,E: End of period,1: One,770: Percentage of GDP,0: Units,,,A: Normal value,F: Free,
dataflow,BIS:WS_CREDIT_GAP(1.0): Credit-to-GDP gaps,I,Q: Quarterly,DE: Germany,P: Private non-financial sector,A: All sectors,A: Credit-to-GDP ratios (actual data),1961-Q3,65.667078783876,E: End of period,1: One,770: Percentage of GDP,0: Units,,,A: Normal value,F: Free,
dataflow,BIS:WS_CREDIT_GAP(1.0): Credit-to-GDP gaps,I,Q: Quarterly,DE: Germany,P: Private non-financial sector,A: All sectors,A: Credit-to-GDP ratios (actual data),1961-Q4,66.600105605458,E: End of period,1: One,770: Percentage of GDP,0: Units,,,A: Normal value,F: Free,
dataflow,BIS:WS_CREDIT_GAP(1.0): Credit-to-GDP gaps,I,Q: Quarterly,DE: Germany,P: Private non-financial sector,A: All sectors,A: Credit-to-GDP ratios (actual data),1962-Q1,66.961515824239,E: End of period,1: One,770: Percentage of GDP,0: Units,,,A: Normal value,F: Free,
dataflow,BIS:WS_CREDIT_GAP(1.0): Credit-to-GDP gaps,I,Q: Quarterly,DE: Germany,P: Private non-financial sector,A: All sectors,A: Credit-to-GDP ratios (actual data),1962-Q2,67.846694710891,E: End of period,1: One,770: Percentage of GDP,0: Units,,,A: Normal value,F: Free,
dataflow,BIS:WS_CREDIT_GAP(1.0): Credit-to-GDP gaps,I,Q: Quarterly,DE: Germany,P: Private non-financial sector,A: All sectors,A: Credit-to-GDP ratios (actual data),1962-Q3,68.29006534476,E: End of period,1: One,770: Percentage of GDP,0: Units,,,A: Normal value,F: Free,
dataflow,BIS:WS_CREDIT_GAP(1.0): Credit-to-GDP gaps,I,Q: Quarterly,DE: Germany,P: Private non-financial sector,A: All sectors,A: Credit-to-GDP ratios (actual data),1962-Q4,69.366579482544,E: End of period,1: One,770: Percentage of GDP,0: Units,,,A: Normal value,F: Free,
dataflow,BIS:WS_CREDIT_GAP(1.0): Credit-to-GDP gaps,I,Q: Quarterly,DE: Germany,P: Private non-financial sector,A: All sectors,A: Credit-to-GDP ratios (actual data),1963-Q1,70.268306586788,E: End of period,1: One,770: Percentage of GDP,0: Units,,,A: Normal value,F: Free,
dataflow,BIS:WS_CREDIT_GAP(1.0): Credit-to-GDP gaps,I,Q: Quarterly,DE: Germany,P: Private non-financial sector,A: All sectors,A: Credit-to-GDP ratios (actual data),1963-Q2,71.631211512364,E: End of period,1: One,770: Percentage of GDP,0: Units,,,A: Normal value,F: Free,
dataflow,BIS:WS_CREDIT_GAP(1.0): Credit-to-GDP gaps,I,Q: Quarterly,DE: Germany,P: Private non-financial sector,A: All sectors,A: Credit-to-GDP ratios (actual data),1963-Q3,72.112896910004,E: End of period,1: One,770: Percentage of GDP,0: Units,,,A: Normal value,F: Free,
dataflow,BIS:WS_CREDIT_GAP(1.0): Credit-to-GDP gaps,I,Q: Quarterly,DE: Germany,P: Private non-financial sector,A: All sectors,A: Credit-to-GDP ratios (actual data),1963-Q4,73.250277924718,E: End of period,1: One,770: Percentage of GDP,0: Units,,,A: Normal value,F: Free,
dataflow,BIS:WS_CREDIT_GAP(1.0): Credit-to-GDP gaps,I,Q: Quarterly,DE: Germany,P: Private non-financial sector,A: All sectors,A: Credit-to-GDP ratios (actual data),1964-Q1,72.438811160821,E: End of period,1: One,770: Percentage of GDP,0: Units,,,A: Normal value,F: Free,
dataflow,BIS:WS_CREDIT_GAP(1.0): Credit-to-GDP gaps,I,Q: Quarterly,DE: Germany,P: Private non-financial sector,A: All sectors,A: Credit-to-GDP ratios (actual data),1964-Q2,73.422813436955,E: End of period,1: One,770: Percentage of GDP,0: Units,,,A: Normal value,F: Free,
dataflow,BIS:WS_CREDIT_GAP(1.0): Credit-to-GDP gaps,I,Q: Quarterly,DE: Germany,P: Private non-financial sector,A: All sectors,A: Credit-to-GDP ratios (actual data),1964-Q3,74.097489561244,E: End of period,1: One,770: Percentage of GDP,0: Units,,,A: Normal value,F: Free,
dataflow,BIS:WS_CREDIT_GAP(1.0): Credit-to-GDP gaps,I,Q: Quarterly,DE: Germany,P: Private non-financial sector,A: All sectors,A: Credit-to-GDP ratios (actual data),1964-Q4,74.918804945963,E: End of period,1: One,770: Percentage of GDP,0: Units,,,A: Normal value,F: Free,
dataflow,BIS:WS_CREDIT_GAP(1.0): Credit-to-GDP gaps,I,Q: Quarterly,DE: Germany,P: Private non-financial sector,A: All sectors,A: Credit-to-GDP ratios (actual data),1965-Q1,74.99822107394,E: End of period,1: One,770: Percentage of GDP,0: Units,,,A: Normal value,F: Free,
dataflow,BIS:WS_CREDIT_GAP(1.0): Credit-to-GDP gaps,I,Q: Quarterly,DE: Germany,P: Private non-financial sector,A: All sectors,A: Credit-to-GDP ratios (actual data),1965-Q2,75.938723348112,E: End of period,1: One,770: Percentage of GDP,0: Units,,,A: Normal value,F: Free,
dataflow,BIS:WS_CREDIT_GAP(1.0): Credit-to-GDP gaps,I,Q: Quarterly,DE: Germany,P: Private non-financial sector,A: All sectors,A: Credit-to-GDP ratios (actual data),1965-Q3,76.078616641404,E: End of period,1: One,770: Percentage of GDP,0: Units,,,A: Normal value,F: Free,
dataflow,BIS:WS_CREDIT_GAP(1.0): Credit-to-GDP gaps,I,Q: Quarterly,DE: Germany,P: Private non-financial sector,A: All sectors,A: Credit-to-GDP ratios (actual data),1965-Q4,76.775604218812,E: End of period,1: One,770: Percentage of GDP,0: Units,,,A: Normal value,F: Free,
dataflow,BIS:WS_CREDIT_GAP(1.0): Credit-to-GDP gaps,I,Q: Quarterly,DE: Germany,P: Private non-financial sector,A: All sectors,A: Credit-to-GDP ratios (actual data),1966-Q1,76.888903582446,E: End of period,1: One,770: Percentage of GDP,0: Units,,,A: Normal value,F: Free,
dataflow,BIS:WS_CREDIT_GAP(1.0): Credit-to-GDP gaps,I,Q: Quarterly,DE: Germany,P: Private non-financial sector,A: All sectors,A: Credit-to-GDP ratios (actual data),1966-Q2,77.841647905069,E: End of period,1: One,770: Percentage of GDP,0: Units,,,A: Normal value,F: Free,
dataflow,BIS:WS_CREDIT_GAP(1.0): Credit-to-GDP gaps,I,Q: Quarterly,DE: Germany,P: Private non-financial sector,A: All sectors,A: Credit-to-GDP ratios (actual data),1966-Q3,77.778850304744,E: End of period,1: One,770: Percentage of GDP,0: Units,,,A: Normal value,F: Free,
dataflow,BIS:WS_CREDIT_GAP(1.0): Credit-to-GDP gaps,I,Q: Quarterly,DE: Germany,P: Private non-financial sector,A: All sectors,A: Credit-to-GDP ratios (actual data),1966-Q4,78.106794220843,E: End of period,1: One,770: Percentage of GDP,0: Units,,,A: Normal value,F: Free,
dataflow,BIS:WS_CREDIT_GAP(1.0): Credit-to-GDP gaps,I,Q: Quarterly,DE: Germany,P: Private non-financial sector,A: All sectors,A: Credit-to-GDP ratios (actual data),1967-Q1,78.239973838671,E: End of period,1: One,770: Percentage of GDP,0: Units,,,A: Normal value,F: Free,
dataflow,BIS:WS_CREDIT_GAP(1.0): Credit-to-GDP gaps,I,Q: Quarterly,DE: Germany,P: Private non-financial sector,A: All sectors,A: Credit-to-GDP ratios (actual data),1967-Q2,79.672293509245,E: End of period,1: One,770: Percentage of GDP,0: Units,,,A: Normal value,F: Free,
dataflow,BIS:WS_CREDIT_GAP(1.0): Credit-to-GDP gaps,I,Q: Quarterly,DE: Germany,P: Private non-financial sector,A: All sectors,A: Credit-to-GDP ratios (actual data),1967-Q3,80.807352881091,E: End of period,1: One,770: Percentage of GDP,0: Units,,,A: Normal value,F: Free,
dataflow,BIS:WS_CREDIT_GAP(1.0): Credit-to-GDP gaps,I,Q: Quarterly,DE: Germany,P: Private non-financial sector,A: All sectors,A: Credit-to-GDP ratios (actual data),1967-Q4,82.058532470239,E: End of period,1: One,770: Percentage of GDP,0: Units,,,A: Normal value,F: Free,
dataflow,BIS:WS_CREDIT_GAP(1.0): Credit-to-GDP gaps,I,Q: Quarterly,DE: Germany,P: Private non-financial sector,A: All sectors,A: Credit-to-GDP ratios (actual data),1968-Q1,82.232473635976,E: End of period,1: One,770: Percentage of GDP,0: Units,,,A: Normal value,F: Free,
dataflow,BIS:WS_CREDIT_GAP(1.0): Credit-to-GDP gaps,I,Q: Quarterly,DE: Germany,P: Private non-financial sector,A: All sectors,A: Credit-to-GDP ratios (actual data),1968-Q2,83.121666636695,E: End of period,1: One,770: Percentage of GDP,0: Units,,,A: Normal value,F: Free,
dataflow,BIS:WS_CREDIT_GAP(1.0): Credit-to-GDP gaps,I,Q: Quarterly,DE: Germany,P: Private non-financial sector,A: All sectors,A: Credit-to-GDP ratios (actual data),1968-Q3,83.131184990998,E: End of period,1: One,770: Percentage of GDP,0: Units,,,A: Normal value,F: Free,
dataflow,BIS:WS_CREDIT_GAP(1.0): Credit-to-GDP gaps,I,Q: Quarterly,DE: Germany,P: Private non-financial sector,A: All sectors,A: Credit-to-GDP ratios (actual data),1968-Q4,85.068702323038,E: End of period,1: One,770: Percentage of GDP,0: Units,,,A: Normal value,F: Free,
dataflow,BIS:WS_CREDIT_GAP(1.0): Credit-to-GDP gaps,I,Q: Quarterly,DE: Germany,P: Private non-financial sector,A: All sectors,A: Credit-to-GDP ratios (actual data),1969-Q1,85.092493142823,E: End of period,1: One,770: Percentage of GDP,0: Units,,,A: Normal value,F: Free,
dataflow,BIS:WS_CREDIT_GAP(1.0): Credit-to-GDP gaps,I,Q: Quarterly,DE: Germany,P: Private non-financial sector,A: All sectors,A: Credit-to-GDP ratios (actual data),1969-Q2,85.247994008998,E: End of period,1: One,770: Percentage of GDP,0: Units,,,A: Normal value,F: Free,
dataflow,BIS:WS_CREDIT_GAP(1.0): Credit-to-GDP gaps,I,Q: Quarterly,DE: Germany,P: Private non-financial sector,A: All sectors,A: Credit-to-GDP ratios (actual data),1969-Q3,85.163617368911,E: End of period,1: One,770: Percentage of GDP,0: Units,,,A: Normal value,F: Free,
dataflow,BIS:WS_CREDIT_GAP(1.0): Credit-to-GDP gaps,I,Q: Quarterly,DE: Germany,P: Private non-financial sector,A: All sectors,A: Credit-to-GDP ratios (actual data),1969-Q4,87.629289679095,E: End of period,1: One,770: Percentage of GDP,0: Units,,,A: Normal value,F: Free,
dataflow,BIS:WS_CREDIT_GAP(1.0): Credit-to-GDP gaps,I,Q: Quarterly,DE: Germany,P: Private non-financial sector,A: All sectors,A: Credit-to-GDP ratios (actual data),1970-Q1,86.637275615898,E: End of period,1: One,770: Percentage of GDP,0: Units,,,A: Normal value,F: Free,
dataflow,BIS:WS_CREDIT_GAP(1.0): Credit-to-GDP gaps,I,Q: Quarterly,DE: Germany,P: Private non-financial sector,A: All sectors,A: Credit-to-GDP ratios (actual data),1970-Q2,86.380087450622,E: End of period,1: One,770: Percentage of GDP,0: Units,,,A: Normal value,F: Free,
dataflow,BIS:WS_CREDIT_GAP(1.0): Credit-to-GDP gaps,I,Q: Quarterly,DE: Germany,P: Private non-financial sector,A: All sectors,A: Credit-to-GDP ratios (actual data),1970-Q3,85.593200307952,E: End of period,1: One,770: Percentage of GDP,0: Units,,,A: Normal value,F: Free,
dataflow,BIS:WS_CREDIT_GAP(1.0): Credit-to-GDP gaps,I,Q: Quarterly,DE: Germany,P: Private non-financial sector,A: All sectors,A: Credit-to-GDP ratios (actual data),1970-Q4,86.506722794307,E: End of period,1: One,770: Percentage of GDP,0: Units,,,A: Normal value,F: Free,
dataflow,BIS:WS_CREDIT_GAP(1.0): Credit-to-GDP gaps,I,Q: Quarterly,DE: Germany,P: Private non-financial sector,A: All sectors,A: Credit-to-GDP ratios (actual data),1971-Q1,85.152710089354,E: End of period,1: One,770: Percentage of GDP,0: Units,,,A: Normal value,F: Free,
dataflow,BIS:WS_CREDIT_GAP(1.0): Credit-to-GDP gaps,I,Q: Quarterly,DE: Germany,P: Private non-financial sector,A: All sectors,A: Credit-to-GDP ratios (actual data),1971-Q2,85.620479071922,E: End of period,1: One,770: Percentage of GDP,0: Units,,,A: Normal value,F: Free,
dataflow,BIS:WS_CREDIT_GAP(1.0): Credit-to-GDP gaps,I,Q: Quarterly,DE: Germany,P: Private non-financial sector,A: All sectors,A: Credit-to-GDP ratios (actual data),1971-Q3,86.460672168516,E: End of period,1: One,770: Percentage of GDP,0: Units,,,A: Normal value,F: Free,
dataflow,BIS:WS_CREDIT_GAP(1.0): Credit-to-GDP gaps,I,Q: Quarterly,DE: Germany,P: Private non-financial sector,A: All sectors,A: Credit-to-GDP ratios (actual data),1971-Q4,88.425336751752,E: End of period,1: One,770: Percentage of GDP,0: Units,,,A: Normal value,F: Free,
dataflow,BIS:WS_CREDIT_GAP(1.0): Credit-to-GDP gaps,I,Q: Quarterly,DE: Germany,P: Private non-financial sector,A: All sectors,A: Credit-to-GDP ratios (actual data),1972-Q1,88.239567259617,E: End of period,1: One,770: Percentage of GDP,0: Units,,,A: Normal value,F: Free,
dataflow,BIS:WS_CREDIT_GAP(1.0): Credit-to-GDP gaps,I,Q: Quarterly,DE: Germany,P: Private non-financial sector,A: All sectors,A: Credit-to-GDP ratios (actual data),1972-Q2,89.676163852003,E: End of period,1: One,770: Percentage of GDP,0: Units,,,A: Normal value,F: Free,
dataflow,BIS:WS_CREDIT_GAP(1.0): Credit-to-GDP gaps,I,Q: Quarterly,DE: Germany,P: Private non-financial sector,A: All sectors,A: Credit-to-GDP ratios (actual data),1972-Q3,89.870164443097,E: End of period,1: One,770: Percentage of GDP,0: Units,,,A: Normal value,F: Free,
dataflow,BIS:WS_CREDIT_GAP(1.0): Credit-to-GDP gaps,I,Q: Quarterly,DE: Germany,P: Private non-financial sector,A: All sectors,A: Credit-to-GDP ratios (actual data),1972-Q4,92.010009822148,E: End of period,1: One,770: Percentage of GDP,0: Units,,,A: Normal value,F: Free,
dataflow,BIS:WS_CREDIT_GAP(1.0): Credit-to-GDP gaps,I,Q: Quarterly,DE: Germany,P: Private non-financial sector,A: All sectors,A: Credit-to-GDP ratios (actual data),1973-Q1,92.204802628456,E: End of period,1: One,770: Percentage of GDP,0: Units,,,A: Normal value,F: Free,
dataflow,BIS:WS_CREDIT_GAP(1.0): Credit-to-GDP gaps,I,Q: Quarterly,DE: Germany,P: Private non-financial sector,A: All sectors,A: Credit-to-GDP ratios (actual data),1973-Q2,92.60225367059,E: End of period,1: One,770: Percentage of GDP,0: Units,,,A: Normal value,F: Free,
dataflow,BIS:WS_CREDIT_GAP(1.0): Credit-to-GDP gaps,I,Q: Quarterly,DE: Germany,P: Private non-financial sector,A: All sectors,A: Credit-to-GDP ratios (actual data),1973-Q3,92.531077324621,E: End of period,1: One,770: Percentage of GDP,0: Units,,,A: Normal value,F: Free,
dataflow,BIS:WS_CREDIT_GAP(1.0): Credit-to-GDP gaps,I,Q: Quarterly,DE: Germany,P: Private non-financial sector,A: All sectors,A: Credit-to-GDP ratios (actual data),1973-Q4,93.174557642173,E: End of period,1: One,770: Percentage of GDP,0: Units,,,A: Normal value,F: Free,
dataflow,BIS:WS_CREDIT_GAP(1.0): Credit-to-GDP gaps,I,Q: Quarterly,DE: Germany,P: Private non-financial sector,A: All sectors,A: Credit-to-GDP ratios (actual data),1974-Q1,92.813989434026,E: End of period,1: One,770: Percentage of GDP,0: Units,,,A: Normal value,F: Free,
dataflow,BIS:WS_CREDIT_GAP(1.0): Credit-to-GDP gaps,I,Q: Quarterly,DE: Germany,P: Private non-financial sector,A: All sectors,A: Credit-to-GDP ratios (actual data),1974-Q2,93.346326789933,E: End of period,1: One,770: Percentage of GDP,0: Units,,,A: Normal value,F: Free,
dataflow,BIS:WS_CREDIT_GAP(1.0): Credit-to-GDP gaps,I,Q: Quarterly,DE: Germany,P: Private non-financial sector,A: All sectors,A: Credit-to-GDP ratios (actual data),1974-Q3,93.351105025674,E: End of period,1: One,770: Percentage of GDP,0: Units,,,A: Normal value,F: Free,
dataflow,BIS:WS_CREDIT_GAP(1.0): Credit-to-GDP gaps,I,Q: Quarterly,DE: Germany,P: Private non-financial sector,A: All sectors,A: Credit-to-GDP ratios (actual data),1974-Q4,94.017376606209,E: End of period,1: One,770: Percentage of GDP,0: Units,,,A: Normal value,F: Free,
dataflow,BIS:WS_CREDIT_GAP(1.0): Credit-to-GDP gaps,I,Q: Quarterly,DE: Germany,P: Private non-financial sector,A: All sectors,A: Credit-to-GDP ratios (actual data),1975-Q1,93.319818030472,E: End of period,1: One,770: Percentage of GDP,0: Units,,,A: Normal value,F: Free,
dataflow,BIS:WS_CREDIT_GAP(1.0): Credit-to-GDP gaps,I,Q: Quarterly,DE: Germany,P: Private non-financial sector,A: All sectors,A: Credit-to-GDP ratios (actual data),1975-Q2,93.860452591009,E: End of period,1: One,770: Percentage of GDP,0: Units,,,A: Normal value,F: Free,
dataflow,BIS:WS_CREDIT_GAP(1.0): Credit-to-GDP gaps,I,Q: Quarterly,DE: Germany,P: Private non-financial sector,A: All sectors,A: Credit-to-GDP ratios (actual data),1975-Q3,94.107988371853,E: End of period,1: One,770: Percentage of GDP,0: Units,,,A: Normal value,F: Free,
dataflow,BIS:WS_CREDIT_GAP(1.0): Credit-to-GDP gaps,I,Q: Quarterly,DE: Germany,P: Private non-financial sector,A: All sectors,A: Credit-to-GDP ratios (actual data),1975-Q4,96.03372442905,E: End of period,1: One,770: Percentage of GDP,0: Units,,,A: Normal value,F: Free,
dataflow,BIS:WS_CREDIT_GAP(1.0): Credit-to-GDP gaps,I,Q: Quarterly,DE: Germany,P: Private non-financial sector,A: All sectors,A: Credit-to-GDP ratios (actual data),1976-Q1,94.696616934854,E: End of period,1: One,770: Percentage of GDP,0: Units,,,A: Normal value,F: Free,
dataflow,BIS:WS_CREDIT_GAP(1.0): Credit-to-GDP gaps,I,Q: Quarterly,DE: Germany,P: Private non-financial sector,A: All sectors,A: Credit-to-GDP ratios (actual data),1976-Q2,95.028066957434,E: End of period,1: One,770: Percentage of GDP,0: Units,,,A: Normal value,F: Free,
dataflow,BIS:WS_CREDIT_GAP(1.0): Credit-to-GDP gaps,I,Q: Quarterly,DE: Germany,P: Private non-financial sector,A: All sectors,A: Credit-to-GDP ratios (actual data),1976-Q3,94.860263714132,E: End of period,1: One,770: Percentage of GDP,0: Units,,,A: Normal value,F: Free,
dataflow,BIS:WS_CREDIT_GAP(1.0): Credit-to-GDP gaps,I,Q: Quarterly,DE: Germany,P: Private non-financial sector,A: All sectors,A: Credit-to-GDP ratios (actual data),1976-Q4,95.991463974466,E: End of period,1: One,770: Percentage of GDP,0: Units,,,A: Normal value,F: Free,
dataflow,BIS:WS_CREDIT_GAP(1.0): Credit-to-GDP gaps,I,Q: Quarterly,DE: Germany,P: Private non-financial sector,A: All sectors,A: Credit-to-GDP ratios (actual data),1977-Q1,94.828929412576,E: End of period,1: One,770: Percentage of GDP,0: Units,,,A: Normal value,F: Free,
dataflow,BIS:WS_CREDIT_GAP(1.0): Credit-to-GDP gaps,I,Q: Quarterly,DE: Germany,P: Private non-financial sector,A: All sectors,A: Credit-to-GDP ratios (actual data),1977-Q2,95.755313779165,E: End of period,1: One,770: Percentage of GDP,0: Units,,,A: Normal value,F: Free,
dataflow,BIS:WS_CREDIT_GAP(1.0): Credit-to-GDP gaps,I,Q: Quarterly,DE: Germany,P: Private non-financial sector,A: All sectors,A: Credit-to-GDP ratios (actual data),1977-Q3,96.03154638113,E: End of period,1: One,770: Percentage of GDP,0: Units,,,A: Normal value,F: Free,
dataflow,BIS:WS_CREDIT_GAP(1.0): Credit-to-GDP gaps,I,Q: Quarterly,DE: Germany,P: Private non-financial sector,A: All sectors,A: Credit-to-GDP ratios (actual data),1977-Q4,97.580233404029,E: End of period,1: One,770: Percentage of GDP,0: Units,,,A: Normal value,F: Free,
dataflow,BIS:WS_CREDIT_GAP(1.0): Credit-to-GDP gaps,I,Q: Quarterly,DE: Germany,P: Private non-financial sector,A: All sectors,A: Credit-to-GDP ratios (actual data),1978-Q1,95.933368267056,E: End of period,1: One,770: Percentage of GDP,0: Units,,,A: Normal value,F: Free,
dataflow,BIS:WS_CREDIT_GAP(1.0): Credit-to-GDP gaps,I,Q: Quarterly,DE: Germany,P: Private non-financial sector,A: All sectors,A: Credit-to-GDP ratios (actual data),1978-Q2,96.870204106132,E: End of period,1: One,770: Percentage of GDP,0: Units,,,A: Normal value,F: Free,
dataflow,BIS:WS_CREDIT_GAP(1.0): Credit-to-GDP gaps,I,Q: Quarterly,DE: Germany,P: Private non-financial sector,A: All sectors,A: Credit-to-GDP ratios (actual data),1978-Q3,96.889940310079,E: End of period,1: One,770: Percentage of GDP,0: Units,,,A: Normal value,F: Free,
dataflow,BIS:WS_CREDIT_GAP(1.0): Credit-to-GDP gaps,I,Q: Quarterly,DE: Germany,P: Private non-financial sector,A: All sectors,A: Credit-to-GDP ratios (actual data),1978-Q4,98.786534912287,E: End of period,1: One,770: Percentage of GDP,0: Units,,,A: Normal value,F: Free,
dataflow,BIS:WS_CREDIT_GAP(1.0): Credit-to-GDP gaps,I,Q: Quarterly,DE: Germany,P: Private non-financial sector,A: All sectors,A: Credit-to-GDP ratios (actual data),1979-Q1,98.359272889135,E: End of period,1: One,770: Percentage of GDP,0: Units,,,A: Normal value,F: Free,
dataflow,BIS:WS_CREDIT_GAP(1.0): Credit-to-GDP gaps,I,Q: Quarterly,DE: Germany,P: Private non-financial sector,A: All sectors,A: Credit-to-GDP ratios (actual data),1979-Q2,99.36126075059,E: End of period,1: One,770: Percentage of GDP,0: Units,,,A: Normal value,F: Free,
dataflow,BIS:WS_CREDIT_GAP(1.0): Credit-to-GDP gaps,I,Q: Quarterly,DE: Germany,P: Private non-financial sector,A: All sectors,A: Credit-to-GDP ratios (actual data),1979-Q3,99.174237278315,E: End of period,1: One,770: Percentage of GDP,0: Units,,,A: Normal value,F: Free,
dataflow,BIS:WS_CREDIT_GAP(1.0): Credit-to-GDP gaps,I,Q: Quarterly,DE: Germany,P: Private non-financial sector,A: All sectors,A: Credit-to-GDP ratios (actual data),1979-Q4,100.70210409038,E: End of period,1: One,770: Percentage of GDP,0: Units,,,A: Normal value,F: Free,
dataflow,BIS:WS_CREDIT_GAP(1.0): Credit-to-GDP gaps,I,Q: Quarterly,DE: Germany,P: Private non-financial sector,A: All sectors,A: Credit-to-GDP ratios (actual data),1980-Q1,99.397458099478,E: End of period,1: One,770: Percentage of GDP,0: Units,,,A: Normal value,F: Free,
dataflow,BIS:WS_CREDIT_GAP(1.0): Credit-to-GDP gaps,I,Q: Quarterly,DE: Germany,P: Private non-financial sector,A: All sectors,A: Credit-to-GDP ratios (actual data),1980-Q2,100.74960452825,E: End of period,1: One,770: Percentage of GDP,0: Units,,,A: Normal value,F: Free,
dataflow,BIS:WS_CREDIT_GAP(1.0): Credit-to-GDP gaps,I,Q: Quarterly,DE: Germany,P: Private non-financial sector,A: All sectors,A: Credit-to-GDP ratios (actual data),1980-Q3,101.24999746234,E: End of period,1: One,770: Percentage of GDP,0: Units,,,A: Normal value,F: Free,
dataflow,BIS:WS_CREDIT_GAP(1.0): Credit-to-GDP gaps,I,Q: Quarterly,DE: Germany,P: Private non-financial sector,A: All sectors,A: Credit-to-GDP ratios (actual data),1980-Q4,104.63263393525,E: End of period,1: One,770: Percentage of GDP,0: Units,,,A: Normal value,F: Free,
dataflow,BIS:WS_CREDIT_GAP(1.0): Credit-to-GDP gaps,I,Q: Quarterly,DE: Germany,P: Private non-financial sector,A: All sectors,A: Credit-to-GDP ratios (actual data),1981-Q1,105.57753708299,E: End of period,1: One,770: Percentage of GDP,0: Units,,,A: Normal value,F: Free,
dataflow,BIS:WS_CREDIT_GAP(1.0): Credit-to-GDP gaps,I,Q: Quarterly,DE: Germany,P: Private non-financial sector,A: All sectors,A: Credit-to-GDP ratios (actual data),1981-Q2,107.02261722168,E: End of period,1: One,770: Percentage of GDP,0: Units,,,A: Normal value,F: Free,
dataflow,BIS:WS_CREDIT_GAP(1.0): Credit-to-GDP gaps,I,Q: Quarterly,DE: Germany,P: Private non-financial sector,A: All sectors,A: Credit-to-GDP ratios (actual data),1981-Q3,107.59270641787,E: End of period,1: One,770: Percentage of GDP,0: Units,,,A: Normal value,F: Free,
dataflow,BIS:WS_CREDIT_GAP(1.0): Credit-to-GDP gaps,I,Q: Quarterly,DE: Germany,P: Private non-financial sector,A: All sectors,A: Credit-to-GDP ratios (actual data),1981-Q4,108.830279699,E: End of period,1: One,770: Percentage of GDP,0: Units,,,A: Normal value,F: Free,
dataflow,BIS:WS_CREDIT_GAP(1.0): Credit-to-GDP gaps,I,Q: Quarterly,DE: Germany,P: Private non-financial sector,A: All sectors,A: Credit-to-GDP ratios (actual data),1982-Q1,107.79979021457,E: End of period,1: One,770: Percentage of GDP,0: Units,,,A: Normal value,F: Free,
dataflow,BIS:WS_CREDIT_GAP(1.0): Credit-to-GDP gaps,I,Q: Quarterly,DE: Germany,P: Private non-financial sector,A: All sectors,A: Credit-to-GDP ratios (actual data),1982-Q2,108.80711338779,E: End of period,1: One,770: Percentage of GDP,0: Units,,,A: Normal value,F: Free,
dataflow,BIS:WS_CREDIT_GAP(1.0): Credit-to-GDP gaps,I,Q: Quarterly,DE: Germany,P: Private non-financial sector,A: All sectors,A: Credit-to-GDP ratios (actual data),1982-Q3,109.85068532023,E: End of period,1: One,770: Percentage of GDP,0: Units,,,A: Normal value,F: Free,
dataflow,BIS:WS_CREDIT_GAP(1.0): Credit-to-GDP gaps,I,Q: Quarterly,DE: Germany,P: Private non-financial sector,A: All sectors,A: Credit-to-GDP ratios (actual data),1982-Q4,111.83158764092,E: End of period,1: One,770: Percentage of GDP,0: Units,,,A: Normal value,F: Free,
dataflow,BIS:WS_CREDIT_GAP(1.0): Credit-to-GDP gaps,I,Q: Quarterly,DE: Germany,P: Private non-financial sector,A: All sectors,A: Credit-to-GDP ratios (actual data),1983-Q1,110.23189434856,E: End of period,1: One,770: Percentage of GDP,0: Units,,,A: Normal value,F: Free,
dataflow,BIS:WS_CREDIT_GAP(1.0): Credit-to-GDP gaps,I,Q: Quarterly,DE: Germany,P: Private non-financial sector,A: All sectors,A: Credit-to-GDP ratios (actual data),1983-Q2,111.32725255113,E: End of period,1: One,770: Percentage of GDP,0: Units,,,A: Normal value,F: Free,
dataflow,BIS:WS_CREDIT_GAP(1.0): Credit-to-GDP gaps,I,Q: Quarterly,DE: Germany,P: Private non-financial sector,A: All sectors,A: Credit-to-GDP ratios (actual data),1983-Q3,111.73972654787,E: End of period,1: One,770: Percentage of GDP,0: Units,,,A: Normal value,F: Free,
dataflow,BIS:WS_CREDIT_GAP(1.0): Credit-to-GDP gaps,I,Q: Quarterly,DE: Germany,P: Private non-financial sector,A: All sectors,A: Credit-to-GDP ratios (actual data),1983-Q4,112.81502162814,E: End of period,1: One,770: Percentage of GDP,0: Units,,,A: Normal value,F: Free,
dataflow,BIS:WS_CREDIT_GAP(1.0): Credit-to-GDP gaps,I,Q: Quarterly,DE: Germany,P: Private non-financial sector,A: All sectors,A: Credit-to-GDP ratios (actual data),1984-Q1,111.3141728539,E: End of period,1: One,770: Percentage of GDP,0: Units,,,A: Normal value,F: Free,
dataflow,BIS:WS_CREDIT_GAP(1.0): Credit-to-GDP gaps,I,Q: Quarterly,DE: Germany,P: Private non-financial sector,A: All sectors,A: Credit-to-GDP ratios (actual data),1984-Q2,112.21217506998,E: End of period,1: One,770: Percentage of GDP,0: Units,,,A: Normal value,F: Free,
dataflow,BIS:WS_CREDIT_GAP(1.0): Credit-to-GDP gaps,I,Q: Quarterly,DE: Germany,P: Private non-financial sector,A: All sectors,A: Credit-to-GDP ratios (actual data),1984-Q3,112.42890276238,E: End of period,1: One,770: Percentage of GDP,0: Units,,,A: Normal value,F: Free,
dataflow,BIS:WS_CREDIT_GAP(1.0): Credit-to-GDP gaps,I,Q: Quarterly,DE: Germany,P: Private non-financial sector,A: All sectors,A: Credit-to-GDP ratios (actual data),1984-Q4,113.55491191006,E: End of period,1: One,770: Percentage of GDP,0: Units,,,A: Normal value,F: Free,
dataflow,BIS:WS_CREDIT_GAP(1.0): Credit-to-GDP gaps,I,Q: Quarterly,DE: Germany,P: Private non-financial sector,A: All sectors,A: Credit-to-GDP ratios (actual data),1985-Q1,113.46677686437,E: End of period,1: One,770: Percentage of GDP,0: Units,,,A: Normal value,F: Free,
dataflow,BIS:WS_CREDIT_GAP(1.0): Credit-to-GDP gaps,I,Q: Quarterly,DE: Germany,P: Private non-financial sector,A: All sectors,A: Credit-to-GDP ratios (actual data),1985-Q2,113.37704999125,E: End of period,1: One,770: Percentage of GDP,0: Units,,,A: Normal value,F: Free,
dataflow,BIS:WS_CREDIT_GAP(1.0): Credit-to-GDP gaps,I,Q: Quarterly,DE: Germany,P: Private non-financial sector,A: All sectors,A: Credit-to-GDP ratios (actual data),1985-Q3,112.4835978806,E: End of period,1: One,770: Percentage of GDP,0: Units,,,A: Normal value,F: Free,
dataflow,BIS:WS_CREDIT_GAP(1.0): Credit-to-GDP gaps,I,Q: Quarterly,DE: Germany,P: Private non-financial sector,A: All sectors,A: Credit-to-GDP ratios (actual data),1985-Q4,113.90804672528,E: End of period,1: One,770: Percentage of GDP,0: Units,,,A: Normal value,F: Free,
dataflow,BIS:WS_CREDIT_GAP(1.0): Credit-to-GDP gaps,I,Q: Quarterly,DE: Germany,P: Private non-financial sector,A: All sectors,A: Credit-to-GDP ratios (actual data),1986-Q1,112.49256468421,E: End of period,1: One,770: Percentage of GDP,0: Units,,,A: Normal value,F: Free,
dataflow,BIS:WS_CREDIT_GAP(1.0): Credit-to-GDP gaps,I,Q: Quarterly,DE: Germany,P: Private non-financial sector,A: All sectors,A: Credit-to-GDP ratios (actual data),1986-Q2,112.35013945617,E: End of period,1: One,770: Percentage of GDP,0: Units,,,A: Normal value,F: Free,
dataflow,BIS:WS_CREDIT_GAP(1.0): Credit-to-GDP gaps,I,Q: Quarterly,DE: Germany,P: Private non-financial sector,A: All sectors,A: Credit-to-GDP ratios (actual data),1986-Q3,111.47993576095,E: End of period,1: One,770: Percentage of GDP,0: Units,,,A: Normal value,F: Free,
dataflow,BIS:WS_CREDIT_GAP(1.0): Credit-to-GDP gaps,I,Q: Quarterly,DE: Germany,P: Private non-financial sector,A: All sectors,A: Credit-to-GDP ratios (actual data),1986-Q4,111.39410009088,E: End of period,1: One,770: Percentage of GDP,0: Units,,,A: Normal value,F: Free,
dataflow,BIS:WS_CREDIT_GAP(1.0): Credit-to-GDP gaps,I,Q: Quarterly,DE: Germany,P: Private non-financial sector,A: All sectors,A: Credit-to-GDP ratios (actual data),1987-Q1,110.24175548642,E: End of period,1: One,770: Percentage of GDP,0: Units,,,A: Normal value,F: Free,
dataflow,BIS:WS_CREDIT_GAP(1.0): Credit-to-GDP gaps,I,Q: Quarterly,DE: Germany,P: Private non-financial sector,A: All sectors,A: Credit-to-GDP ratios (actual data),1987-Q2,110.07538077029,E: End of period,1: One,770: Percentage of GDP,0: Units,,,A: Normal value,F: Free,
dataflow,BIS:WS_CREDIT_GAP(1.0): Credit-to-GDP gaps,I,Q: Quarterly,DE: Germany,P: Private non-financial sector,A: All sectors,A: Credit-to-GDP ratios (actual data),1987-Q3,111.00653785641,E: End of period,1: One,770: Percentage of GDP,0: Units,,,A: Normal value,F: Free,
dataflow,BIS:WS_CREDIT_GAP(1.0): Credit-to-GDP gaps,I,Q: Quarterly,DE: Germany,P: Private non-financial sector,A: All sectors,A: Credit-to-GDP ratios (actual data),1987-Q4,111.45581793698,E: End of period,1: One,770: Percentage of GDP,0: Units,,,A: Normal value,F: Free,
dataflow,BIS:WS_CREDIT_GAP(1.0): Credit-to-GDP gaps,I,Q: Quarterly,DE: Germany,P: Private non-financial sector,A: All sectors,A: Credit-to-GDP ratios (actual data),1988-Q1,110.17639363863,E: End of period,1: One,770: Percentage of GDP,0: Units,,,A: Normal value,F: Free,
dataflow,BIS:WS_CREDIT_GAP(1.0): Credit-to-GDP gaps,I,Q: Quarterly,DE: Germany,P: Private non-financial sector,A: All sectors,A: Credit-to-GDP ratios (actual data),1988-Q2,110.57492013575,E: End of period,1: One,770: Percentage of GDP,0: Units,,,A: Normal value,F: Free,
dataflow,BIS:WS_CREDIT_GAP(1.0): Credit-to-GDP gaps,I,Q: Quarterly,DE: Germany,P: Private non-financial sector,A: All sectors,A: Credit-to-GDP ratios (actual data),1988-Q3,110.24978326774,E: End of period,1: One,770: Percentage of GDP,0: Units,,,A: Normal value,F: Free,
dataflow,BIS:WS_CREDIT_GAP(1.0): Credit-to-GDP gaps,I,Q: Quarterly,DE: Germany,P: Private non-financial sector,A: All sectors,A: Credit-to-GDP ratios (actual data),1988-Q4,110.98281956446,E: End of period,1: One,770: Percentage of GDP,0: Units,,,A: Normal value,F: Free,
dataflow,BIS:WS_CREDIT_GAP(1.0): Credit-to-GDP gaps,I,Q: Quarterly,DE: Germany,P: Private non-financial sector,A: All sectors,A: Credit-to-GDP ratios (actual data),1989-Q1,109.87631776017,E: End of period,1: One,770: Percentage of GDP,0: Units,,,A: Normal value,F: Free,
dataflow,BIS:WS_CREDIT_GAP(1.0): Credit-to-GDP gaps,I,Q: Quarterly,DE: Germany,P: Private non-financial sector,A: All sectors,A: Credit-to-GDP ratios (actual data),1989-Q2,110.20099273248,E: End of period,1: One,770: Percentage of GDP,0: Units,,,A: Normal value,F: Free,
dataflow,BIS:WS_CREDIT_GAP(1.0): Credit-to-GDP gaps,I,Q: Quarterly,DE: Germany,P: Private non-financial sector,A: All sectors,A: Credit-to-GDP ratios (actual data),1989-Q3,110.2394531566,E: End of period,1: One,770: Percentage of GDP,0: Units,,,A: Normal value,F: Free,
dataflow,BIS:WS_CREDIT_GAP(1.0): Credit-to-GDP gaps,I,Q: Quarterly,DE: Germany,P: Private non-financial sector,A: All sectors,A: Credit-to-GDP ratios (actual data),1989-Q4,111.47219030675,E: End of period,1: One,770: Percentage of GDP,0: Units,,,A: Normal value,F: Free,
dataflow,BIS:WS_CREDIT_GAP(1.0): Credit-to-GDP gaps,I,Q: Quarterly,DE: Germany,P: Private non-financial sector,A: All sectors,A: Credit-to-GDP ratios (actual data),1990-Q1,111.41139615031,E: End of period,1: One,770: Percentage of GDP,0: Units,,,A: Normal value,F: Free,
dataflow,BIS:WS_CREDIT_GAP(1.0): Credit-to-GDP gaps,I,Q: Quarterly,DE: Germany,P: Private non-financial sector,A: All sectors,A: Credit-to-GDP ratios (actual data),1990-Q2,109.8203784013,E: End of period,1: One,770: Percentage of GDP,0: Units,,,A: Normal value,F: Free,
dataflow,BIS:WS_CREDIT_GAP(1.0): Credit-to-GDP gaps,I,Q: Quarterly,DE: Germany,P: Private non-financial sector,A: All sectors,A: Credit-to-GDP ratios (actual data),1990-Q3,109.36405330148,E: End of period,1: One,770: Percentage of GDP,0: Units,,,A: Normal value,F: Free,
dataflow,BIS:WS_CREDIT_GAP(1.0): Credit-to-GDP gaps,I,Q: Quarterly,DE: Germany,P: Private non-financial sector,A: All sectors,A: Credit-to-GDP ratios (actual data),1990-Q4,109.90673955488,E: End of period,1: One,770: Percentage of GDP,0: Units,,,A: Normal value,F: Free,
dataflow,BIS:WS_CREDIT_GAP(1.0): Credit-to-GDP gaps,I,Q: Quarterly,DE: Germany,P: Private non-financial sector,A: All sectors,A: Credit-to-GDP ratios (actual data),1991-Q1,108.62043162981,E: End of period,1: One,770: Percentage of GDP,0: Units,,,A: Normal value,F: Free,
dataflow,BIS:WS_CREDIT_GAP(1.0): Credit-to-GDP gaps,I,Q: Quarterly,DE: Germany,P: Private non-financial sector,A: All sectors,A: Credit-to-GDP ratios (actual data),1991-Q2,108.80951133825,E: End of period,1: One,770: Percentage of GDP,0: Units,,,A: Normal value,F: Free,
dataflow,BIS:WS_CREDIT_GAP(1.0): Credit-to-GDP gaps,I,Q: Quarterly,DE: Germany,P: Private non-financial sector,A: All sectors,A: Credit-to-GDP ratios (actual data),1991-Q3,110.31873585772,E: End of period,1: One,770: Percentage of GDP,0: Units,,,A: Normal value,F: Free,
dataflow,BIS:WS_CREDIT_GAP(1.0): Credit-to-GDP gaps,I,Q: Quarterly,DE: Germany,P: Private non-financial sector,A: All sectors,A: Credit-to-GDP ratios (actual data),1991-Q4,110.97433504227,E: End of period,1: One,770: Percentage of GDP,0: Units,,,A: Normal value,F: Free,
dataflow,BIS:WS_CREDIT_GAP(1.0): Credit-to-GDP gaps,I,Q: Quarterly,DE: Germany,P: Private non-financial sector,A: All sectors,A: Credit-to-GDP ratios (actual data),1992-Q1,110.8887341816,E: End of period,1: One,770: Percentage of GDP,0: Units,,,A: Normal value,F: Free,
dataflow,BIS:WS_CREDIT_GAP(1.0): Credit-to-GDP gaps,I,Q: Quarterly,DE: Germany,P: Private non-financial sector,A: All sectors,A: Credit-to-GDP ratios (actual data),1992-Q2,111.55699872882,E: End of period,1: One,770: Percentage of GDP,0: Units,,,A: Normal value,F: Free,
dataflow,BIS:WS_CREDIT_GAP(1.0): Credit-to-GDP gaps,I,Q: Quarterly,DE: Germany,P: Private non-financial sector,A: All sectors,A: Credit-to-GDP ratios (actual data),1992-Q3,111.70096488302,E: End of period,1: One,770: Percentage of GDP,0: Units,,,A: Normal value,F: Free,
dataflow,BIS:WS_CREDIT_GAP(1.0): Credit-to-GDP gaps,I,Q: Quarterly,DE: Germany,P: Private non-financial sector,A: All sectors,A: Credit-to-GDP ratios (actual data),1992-Q4,111.52652884709,E: End of period,1: One,770: Percentage of GDP,0: Units,,,A: Normal value,F: Free,
dataflow,BIS:WS_CREDIT_GAP(1.0): Credit-to-GDP gaps,I,Q: Quarterly,DE: Germany,P: Private non-financial sector,A: All sectors,A: Credit-to-GDP ratios (actual data),1993-Q1,113.32625734535,E: End of period,1: One,770: Percentage of GDP,0: Units,,,A: Normal value,F: Free,
dataflow,BIS:WS_CREDIT_GAP(1.0): Credit-to-GDP gaps,I,Q: Quarterly,DE: Germany,P: Private non-financial sector,A: All sectors,A: Credit-to-GDP ratios (actual data),1993-Q2,115.06965742099,E: End of period,1: One,770: Percentage of GDP,0: Units,,,A: Normal value,F: Free,
dataflow,BIS:WS_CREDIT_GAP(1.0): Credit-to-GDP gaps,I,Q: Quarterly,DE: Germany,P: Private non-financial sector,A: All sectors,A: Credit-to-GDP ratios (actual data),1993-Q3,116.86127089739,E: End of period,1: One,770: Percentage of GDP,0: Units,,,A: Normal value,F: Free,
dataflow,BIS:WS_CREDIT_GAP(1.0): Credit-to-GDP gaps,I,Q: Quarterly,DE: Germany,P: Private non-financial sector,A: All sectors,A: Credit-to-GDP ratios (actual data),1993-Q4,119.62852800088,E: End of period,1: One,770: Percentage of GDP,0: Units,,,A: Normal value,F: Free,
dataflow,BIS:WS_CREDIT_GAP(1.0): Credit-to-GDP gaps,I,Q: Quarterly,DE: Germany,P: Private non-financial sector,A: All sectors,A: Credit-to-GDP ratios (actual data),1994-Q1,117.35508337133,E: End of period,1: One,770: Percentage of GDP,0: Units,,,A: Normal value,F: Free,
dataflow,BIS:WS_CREDIT_GAP(1.0): Credit-to-GDP gaps,I,Q: Quarterly,DE: Germany,P: Private non-financial sector,A: All sectors,A: Credit-to-GDP ratios (actual data),1994-Q2,118.04857755011,E: End of period,1: One,770: Percentage of GDP,0: Units,,,A: Normal value,F: Free,
dataflow,BIS:WS_CREDIT_GAP(1.0): Credit-to-GDP gaps,I,Q: Quarterly,DE: Germany,P: Private non-financial sector,A: All sectors,A: Credit-to-GDP ratios (actual data),1994-Q3,119.11321658038,E: End of period,1: One,770: Percentage of GDP,0: Units,,,A: Normal value,F: Free,
dataflow,BIS:WS_CREDIT_GAP(1.0): Credit-to-GDP gaps,I,Q: Quarterly,DE: Germany,P: Private non-financial sector,A: All sectors,A: Credit-to-GDP ratios (actual data),1994-Q4,120.31202501757,E: End of period,1: One,770: Percentage of GDP,0: Units,,,A: Normal value,F: Free,
dataflow,BIS:WS_CREDIT_GAP(1.0): Credit-to-GDP gaps,I,Q: Quarterly,DE: Germany,P: Private non-financial sector,A: All sectors,A: Credit-to-GDP ratios (actual data),1995-Q1,116.55072064681,E: End of period,1: One,770: Percentage of GDP,0: Units,,,A: Normal value,F: Free,
dataflow,BIS:WS_CREDIT_GAP(1.0): Credit-to-GDP gaps,I,Q: Quarterly,DE: Germany,P: Private non-financial sector,A: All sectors,A: Credit-to-GDP ratios (actual data),1995-Q2,117.93381807551,E: End of period,1: One,770: Percentage of GDP,0: Units,,,A: Normal value,F: Free,
dataflow,BIS:WS_CREDIT_GAP(1.0): Credit-to-GDP gaps,I,Q: Quarterly,DE: Germany,P: Private non-financial sector,A: All sectors,A: Credit-to-GDP ratios (actual data),1995-Q3,118.31092282277,E: End of period,1: One,770: Percentage of GDP,0: Units,,,A: Normal value,F: Free,
dataflow,BIS:WS_CREDIT_GAP(1.0): Credit-to-GDP gaps,I,Q: Quarterly,DE: Germany,P: Private non-financial sector,A: All sectors,A: Credit-to-GDP ratios (actual data),1995-Q4,119.33089757036,E: End of period,1: One,770: Percentage of GDP,0: Units,,,A: Normal value,F: Free,
dataflow,BIS:WS_CREDIT_GAP(1.0): Credit-to-GDP gaps,I,Q: Quarterly,DE: Germany,P: Private non-financial sector,A: All sectors,A: Credit-to-GDP ratios (actual data),1996-Q1,120.12255130901,E: End of period,1: One,770: Percentage of GDP,0: Units,,,A: Normal value,F: Free,
dataflow,BIS:WS_CREDIT_GAP(1.0): Credit-to-GDP gaps,I,Q: Quarterly,DE: Germany,P: Private non-financial sector,A: All sectors,A: Credit-to-GDP ratios (actual data),1996-Q2,121.59483927671,E: End of period,1: One,770: Percentage of GDP,0: Units,,,A: Normal value,F: Free,
dataflow,BIS:WS_CREDIT_GAP(1.0): Credit-to-GDP gaps,I,Q: Quarterly,DE: Germany,P: Private non-financial sector,A: All sectors,A: Credit-to-GDP ratios (actual data),1996-Q3,122.70571464458,E: End of period,1: One,770: Percentage of GDP,0: Units,,,A: Normal value,F: Free,
dataflow,BIS:WS_CREDIT_GAP(1.0): Credit-to-GDP gaps,I,Q: Quarterly,DE: Germany,P: Private non-financial sector,A: All sectors,A: Credit-to-GDP ratios (actual data),1996-Q4,124.31060844931,E: End of period,1: One,770: Percentage of GDP,0: Units,,,A: Normal value,F: Free,
dataflow,BIS:WS_CREDIT_GAP(1.0): Credit-to-GDP gaps,I,Q: Quarterly,DE: Germany,P: Private non-financial sector,A: All sectors,A: Credit-to-GDP ratios (actual data),1997-Q1,124.78017630818,E: End of period,1: One,770: Percentage of GDP,0: Units,,,A: Normal value,F: Free,
dataflow,BIS:WS_CREDIT_GAP(1.0): Credit-to-GDP gaps,I,Q: Quarterly,DE: Germany,P: Private non-financial sector,A: All sectors,A: Credit-to-GDP ratios (actual data),1997-Q2,125.80943944786,E: End of period,1: One,770: Percentage of GDP,0: Units,,,A: Normal value,F: Free,
dataflow,BIS:WS_CREDIT_GAP(1.0): Credit-to-GDP gaps,I,Q: Quarterly,DE: Germany,P: Private non-financial sector,A: All sectors,A: Credit-to-GDP ratios (actual data),1997-Q3,126.32697671817,E: End of period,1: One,770: Percentage of GDP,0: Units,,,A: Normal value,F: Free,
dataflow,BIS:WS_CREDIT_GAP(1.0): Credit-to-GDP gaps,I,Q: Quarterly,DE: Germany,P: Private non-financial sector,A: All sectors,A: Credit-to-GDP ratios (actual data),1997-Q4,127.49423636608,E: End of period,1: One,770: Percentage of GDP,0: Units,,,A: Normal value,F: Free,
dataflow,BIS:WS_CREDIT_GAP(1.0): Credit-to-GDP gaps,I,Q: Quarterly,DE: Germany,P: Private non-financial sector,A: All sectors,A: Credit-to-GDP ratios (actual data),1998-Q1,127.51435860012,E: End of period,1: One,770: Percentage of GDP,0: Units,,,A: Normal value,F: Free,
dataflow,BIS:WS_CREDIT_GAP(1.0): Credit-to-GDP gaps,I,Q: Quarterly,DE: Germany,P: Private non-financial sector,A: All sectors,A: Credit-to-GDP ratios (actual data),1998-Q2,128.1467424236,E: End of period,1: One,770: Percentage of GDP,0: Units,,,A: Normal value,F: Free,
dataflow,BIS:WS_CREDIT_GAP(1.0): Credit-to-GDP gaps,I,Q: Quarterly,DE: Germany,P: Private non-financial sector,A: All sectors,A: Credit-to-GDP ratios (actual data),1998-Q3,129.39892358634,E: End of period,1: One,770: Percentage of GDP,0: Units,,,A: Normal value,F: Free,
dataflow,BIS:WS_CREDIT_GAP(1.0): Credit-to-GDP gaps,I,Q: Quarterly,DE: Germany,P: Private non-financial sector,A: All sectors,A: Credit-to-GDP ratios (actual data),1998-Q4,131.89516827573,E: End of period,1: One,770: Percentage of GDP,0: Units,,,A: Normal value,F: Free,
dataflow,BIS:WS_CREDIT_GAP(1.0): Credit-to-GDP gaps,I,Q: Quarterly,DE: Germany,P: Private non-financial sector,A: All sectors,A: Credit-to-GDP ratios (actual data),1999-Q1,129.35755208628,E: End of period,1: One,770: Percentage of GDP,0: Units,,,A: Normal value,F: Free,
dataflow,BIS:WS_CREDIT_GAP(1.0): Credit-to-GDP gaps,I,Q: Quarterly,DE: Germany,P: Private non-financial sector,A: All sectors,A: Credit-to-GDP ratios (actual data),1999-Q2,131.51458602235,E: End of period,1: One,770: Percentage of GDP,0: Units,,,A: Normal value,F: Free,
dataflow,BIS:WS_CREDIT_GAP(1.0): Credit-to-GDP gaps,I,Q: Quarterly,DE: Germany,P: Private non-financial sector,A: All sectors,A: Credit-to-GDP ratios (actual data),1999-Q3,132.9060993925,E: End of period,1: One,770: Percentage of GDP,0: Units,,,A: Normal value,F: Free,
dataflow,BIS:WS_CREDIT_GAP(1.0): Credit-to-GDP gaps,I,Q: Quarterly,DE: Germany,P: Private non-financial sector,A: All sectors,A: Credit-to-GDP ratios (actual data),1999-Q4,136.43712801621,E: End of period,1: One,770: Percentage of GDP,0: Units,,,A: Normal value,F: Free,
dataflow,BIS:WS_CREDIT_GAP(1.0): Credit-to-GDP gaps,I,Q: Quarterly,DE: Germany,P: Private non-financial sector,A: All sectors,A: Credit-to-GDP ratios (actual data),2000-Q1,138.82236527951,E: End of period,1: One,770: Percentage of GDP,0: Units,,,A: Normal value,F: Free,
dataflow,BIS:WS_CREDIT_GAP(1.0): Credit-to-GDP gaps,I,Q: Quarterly,DE: Germany,P: Private non-financial sector,A: All sectors,A: Credit-to-GDP ratios (actual data),2000-Q2,141.47489423013,E: End of period,1: One,770: Percentage of GDP,0: Units,,,A: Normal value,F: Free,
dataflow,BIS:WS_CREDIT_GAP(1.0): Credit-to-GDP gaps,I,Q: Quarterly,DE: Germany,P: Private non-financial sector,A: All sectors,A: Credit-to-GDP ratios (actual data),2000-Q3,141.889056873,E: End of period,1: One,770: Percentage of GDP,0: Units,,,A: Normal value,F: Free,
dataflow,BIS:WS_CREDIT_GAP(1.0): Credit-to-GDP gaps,I,Q: Quarterly,DE: Germany,P: Private non-financial sector,A: All sectors,A: Credit-to-GDP ratios (actual data),2000-Q4,147.73565133125,E: End of period,1: One,770: Percentage of GDP,0: Units,,,A: Normal value,F: Free,
dataflow,BIS:WS_CREDIT_GAP(1.0): Credit-to-GDP gaps,I,Q: Quarterly,DE: Germany,P: Private non-financial sector,A: All sectors,A: Credit-to-GDP ratios (actual data),2001-Q1,148.20649524837,E: End of period,1: One,770: Percentage of GDP,0: Units,,,A: Normal value,F: Free,
dataflow,BIS:WS_CREDIT_GAP(1.0): Credit-to-GDP gaps,I,Q: Quarterly,DE: Germany,P: Private non-financial sector,A: All sectors,A: Credit-to-GDP ratios (actual data),2001-Q2,148.65561276986,E: End of period,1: One,770: Percentage of GDP,0: Units,,,A: Normal value,F: Free,
dataflow,BIS:WS_CREDIT_GAP(1.0): Credit-to-GDP gaps,I,Q: Quarterly,DE: Germany,P: Private non-financial sector,A: All sectors,A: Credit-to-GDP ratios (actual data),2001-Q3,149.42216500927,E: End of period,1: One,770: Percentage of GDP,0: Units,,,A: Normal value,F: Free,
dataflow,BIS:WS_CREDIT_GAP(1.0): Credit-to-GDP gaps,I,Q: Quarterly,DE: Germany,P: Private non-financial sector,A: All sectors,A: Credit-to-GDP ratios (actual data),2001-Q4,149.06284484335,E: End of period,1: One,770: Percentage of GDP,0: Units,,,A: Normal value,F: Free,
dataflow,BIS:WS_CREDIT_GAP(1.0): Credit-to-GDP gaps,I,Q: Quarterly,DE: Germany,P: Private non-financial sector,A: All sectors,A: Credit-to-GDP ratios (actual data),2002-Q1,148.44972255995,E: End of period,1: One,770: Percentage of GDP,0: Units,,,A: Normal value,F: Free,
dataflow,BIS:WS_CREDIT_GAP(1.0): Credit-to-GDP gaps,I,Q: Quarterly,DE: Germany,P: Private non-financial sector,A: All sectors,A: Credit-to-GDP ratios (actual data),2002-Q2,150.38614592544,E: End of period,1: One,770: Percentage of GDP,0: Units,,,A: Normal value,F: Free,
dataflow,BIS:WS_CREDIT_GAP(1.0): Credit-to-GDP gaps,I,Q: Quarterly,DE: Germany,P: Private non-financial sector,A: All sectors,A: Credit-to-GDP ratios (actual data),2002-Q3,150.68735738258,E: End of period,1: One,770: Percentage of GDP,0: Units,,,A: Normal value,F: Free,
dataflow,BIS:WS_CREDIT_GAP(1.0): Credit-to-GDP gaps,I,Q: Quarterly,DE: Germany,P: Private non-financial sector,A: All sectors,A: Credit-to-GDP ratios (actual data),2002-Q4,151.56379866595,E: End of period,1: One,770: Percentage of GDP,0: Units,,,A: Normal value,F: Free,
dataflow,BIS:WS_CREDIT_GAP(1.0): Credit-to-GDP gaps,I,Q: Quarterly,DE: Germany,P: Private non-financial sector,A: All sectors,A: Credit-to-GDP ratios (actual data),2003-Q1,152.10407325997,E: End of period,1: One,770: Percentage of GDP,0: Units,,,A: Normal value,F: Free,
dataflow,BIS:WS_CREDIT_GAP(1.0): Credit-to-GDP gaps,I,Q: Quarterly,DE: Germany,P: Private non-financial sector,A: All sectors,A: Credit-to-GDP ratios (actual data),2003-Q2,153.24833361146,E: End of period,1: One,770: Percentage of GDP,0: Units,,,A: Normal value,F: Free,
dataflow,BIS:WS_CREDIT_GAP(1.0): Credit-to-GDP gaps,I,Q: Quarterly,DE: Germany,P: Private non-financial sector,A: All sectors,A: Credit-to-GDP ratios (actual data),2003-Q3,153.28299335766,E: End of period,1: One,770: Percentage of GDP,0: Units,,,A: Normal value,F: Free,
dataflow,BIS:WS_CREDIT_GAP(1.0): Credit-to-GDP gaps,I,Q: Quarterly,DE: Germany,P: Private non-financial sector,A: All sectors,A: Credit-to-GDP ratios (actual data),2003-Q4,152.51834464222,E: End of period,1: One,770: Percentage of GDP,0: Units,,,A: Normal value,F: Free,
dataflow,BIS:WS_CREDIT_GAP(1.0): Credit-to-GDP gaps,I,Q: Quarterly,DE: Germany,P: Private non-financial sector,A: All sectors,A: Credit-to-GDP ratios (actual data),2004-Q1,149.31812790561,E: End of period,1: One,770: Percentage of GDP,0: Units,,,A: Normal value,F: Free,
dataflow,BIS:WS_CREDIT_GAP(1.0): Credit-to-GDP gaps,I,Q: Quarterly,DE: Germany,P: Private non-financial sector,A: All sectors,A: Credit-to-GDP ratios (actual data),2004-Q2,147.652971116,E: End of period,1: One,770: Percentage of GDP,0: Units,,,A: Normal value,F: Free,
dataflow,BIS:WS_CREDIT_GAP(1.0): Credit-to-GDP gaps,I,Q: Quarterly,DE: Germany,P: Private non-financial sector,A: All sectors,A: Credit-to-GDP ratios (actual data),2004-Q3,146.201911307,E: End of period,1: One,770: Percentage of GDP,0: Units,,,A: Normal value,F: Free,
dataflow,BIS:WS_CREDIT_GAP(1.0): Credit-to-GDP gaps,I,Q: Quarterly,DE: Germany,P: Private non-financial sector,A: All sectors,A: Credit-to-GDP ratios (actual data),2004-Q4,144.7778417917,E: End of period,1: One,770: Percentage of GDP,0: Units,,,A: Normal value,F: Free,
dataflow,BIS:WS_CREDIT_GAP(1.0): Credit-to-GDP gaps,I,Q: Quarterly,DE: Germany,P: Private non-financial sector,A: All sectors,A: Credit-to-GDP ratios (actual data),2005-Q1,143.77468584624,E: End of period,1: One,770: Percentage of GDP,0: Units,,,A: Normal value,F: Free,
dataflow,BIS:WS_CREDIT_GAP(1.0): Credit-to-GDP gaps,I,Q: Quarterly,DE: Germany,P: Private non-financial sector,A: All sectors,A: Credit-to-GDP ratios (actual data),2005-Q2,144.96330730459,E: End of period,1: One,770: Percentage of GDP,0: Units,,,A: Normal value,F: Free,
dataflow,BIS:WS_CREDIT_GAP(1.0): Credit-to-GDP gaps,I,Q: Quarterly,DE: Germany,P: Private non-financial sector,A: All sectors,A: Credit-to-GDP ratios (actual data),2005-Q3,145.50562308904,E: End of period,1: One,770: Percentage of GDP,0: Units,,,A: Normal value,F: Free,
dataflow,BIS:WS_CREDIT_GAP(1.0): Credit-to-GDP gaps,I,Q: Quarterly,DE: Germany,P: Private non-financial sector,A: All sectors,A: Credit-to-GDP ratios (actual data),2005-Q4,145.65489494667,E: End of period,1: One,770: Percentage of GDP,0: Units,,,A: Normal value,F: Free,
dataflow,BIS:WS_CREDIT_GAP(1.0): Credit-to-GDP gaps,I,Q: Quarterly,DE: Germany,P: Private non-financial sector,A: All sectors,A: Credit-to-GDP ratios (actual data),2006-Q1,146.72760260346,E: End of period,1: One,770: Percentage of GDP,0: Units,,,A: Normal value,F: Free,
dataflow,BIS:WS_CREDIT_GAP(1.0): Credit-to-GDP gaps,I,Q: Quarterly,DE: Germany,P: Private non-financial sector,A: All sectors,A: Credit-to-GDP ratios (actual data),2006-Q2,147.44398049143,E: End of period,1: One,770: Percentage of GDP,0: Units,,,A: Normal value,F: Free,
dataflow,BIS:WS_CREDIT_GAP(1.0): Credit-to-GDP gaps,I,Q: Quarterly,DE: Germany,P: Private non-financial sector,A: All sectors,A: Credit-to-GDP ratios (actual data),2006-Q3,147.31626747846,E: End of period,1: One,770: Percentage of GDP,0: Units,,,A: Normal value,F: Free,
dataflow,BIS:WS_CREDIT_GAP(1.0): Credit-to-GDP gaps,I,Q: Quarterly,DE: Germany,P: Private non-financial sector,A: All sectors,A: Credit-to-GDP ratios (actual data),2006-Q4,145.97489542507,E: End of period,1: One,770: Percentage of GDP,0: Units,,,A: Normal value,F: Free,
dataflow,BIS:WS_CREDIT_GAP(1.0): Credit-to-GDP gaps,I,Q: Quarterly,DE: Germany,P: Private non-financial sector,A: All sectors,A: Credit-to-GDP ratios (actual data),2007-Q1,143.64784598083,E: End of period,1: One,770: Percentage of GDP,0: Units,,,A: Normal value,F: Free,
dataflow,BIS:WS_CREDIT_GAP(1.0): Credit-to-GDP gaps,I,Q: Quarterly,DE: Germany,P: Private non-financial sector,A: All sectors,A: Credit-to-GDP ratios (actual data),2007-Q2,143.02890054675,E: End of period,1: One,770: Percentage of GDP,0: Units,,,A: Normal value,F: Free,
dataflow,BIS:WS_CREDIT_GAP(1.0): Credit-to-GDP gaps,I,Q: Quarterly,DE: Germany,P: Private non-financial sector,A: All sectors,A: Credit-to-GDP ratios (actual data),2007-Q3,141.68716140069,E: End of period,1: One,770: Percentage of GDP,0: Units,,,A: Normal value,F: Free,
dataflow,BIS:WS_CREDIT_GAP(1.0): Credit-to-GDP gaps,I,Q: Quarterly,DE: Germany,P: Private non-financial sector,A: All sectors,A: Credit-to-GDP ratios (actual data),2007-Q4,141.92745469159,E: End of period,1: One,770: Percentage of GDP,0: Units,,,A: Normal value,F: Free,
dataflow,BIS:WS_CREDIT_GAP(1.0): Credit-to-GDP gaps,I,Q: Quarterly,DE: Germany,P: Private non-financial sector,A: All sectors,A: Credit-to-GDP ratios (actual data),2008-Q1,141.07212120362,E: End of period,1: One,770: Percentage of GDP,0: Units,,,A: Normal value,F: Free,
dataflow,BIS:WS_CREDIT_GAP(1.0): Credit-to-GDP gaps,I,Q: Quarterly,DE: Germany,P: Private non-financial sector,A: All sectors,A: Credit-to-GDP ratios (actual data),2008-Q2,141.13810223906,E: End of period,1: One,770: Percentage of GDP,0: Units,,,A: Normal value,F: Free,
dataflow,BIS:WS_CREDIT_GAP(1.0): Credit-to-GDP gaps,I,Q: Quarterly,DE: Germany,P: Private non-financial sector,A: All sectors,A: Credit-to-GDP ratios (actual data),2008-Q3,141.54370936312,E: End of period,1: One,770: Percentage of GDP,0: Units,,,A: Normal value,F: Free,
dataflow,BIS:WS_CREDIT_GAP(1.0): Credit-to-GDP gaps,I,Q: Quarterly,DE: Germany,P: Private non-financial sector,A: All sectors,A: Credit-to-GDP ratios (actual data),2008-Q4,143.33287960358,E: End of period,1: One,770: Percentage of GDP,0: Units,,,A: Normal value,F: Free,
dataflow,BIS:WS_CREDIT_GAP(1.0): Credit-to-GDP gaps,I,Q: Quarterly,DE: Germany,P: Private non-financial sector,A: All sectors,A: Credit-to-GDP ratios (actual data),2009-Q1,144.77982229299,E: End of period,1: One,770: Percentage of GDP,0: Units,,,A: Normal value,F: Free,
dataflow,BIS:WS_CREDIT_GAP(1.0): Credit-to-GDP gaps,I,Q: Quarterly,DE: Germany,P: Private non-financial sector,A: All sectors,A: Credit-to-GDP ratios (actual data),2009-Q2,146.1857711665,E: End of period,1: One,770: Percentage of GDP,0: Units,,,A: Normal value,F: Free,
dataflow,BIS:WS_CREDIT_GAP(1.0): Credit-to-GDP gaps,I,Q: Quarterly,DE: Germany,P: Private non-financial sector,A: All sectors,A: Credit-to-GDP ratios (actual data),2009-Q3,146.24298115367,E: End of period,1: One,770: Percentage of GDP,0: Units,,,A: Normal value,F: Free,
dataflow,BIS:WS_CREDIT_GAP(1.0): Credit-to-GDP gaps,I,Q: Quarterly,DE: Germany,P: Private non-financial sector,A: All sectors,A: Credit-to-GDP ratios (actual data),2009-Q4,146.58363633372,E: End of period,1: One,770: Percentage of GDP,0: Units,,,A: Normal value,F: Free,
dataflow,BIS:WS_CREDIT_GAP(1.0): Credit-to-GDP gaps,I,Q: Quarterly,DE: Germany,P: Private non-financial sector,A: All sectors,A: Credit-to-GDP ratios (actual data),2010-Q1,144.96090008782,E: End of period,1: One,770: Percentage of GDP,0: Units,,,A: Normal value,F: Free,
dataflow,BIS:WS_CREDIT_GAP(1.0): Credit-to-GDP gaps,I,Q: Quarterly,DE: Germany,P: Private non-financial sector,A: All sectors,A: Credit-to-GDP ratios (actual data),2010-Q2,144.71570743556,E: End of period,1: One,770: Percentage of GDP,0: Units,,,A: Normal value,F: Free,
dataflow,BIS:WS_CREDIT_GAP(1.0): Credit-to-GDP gaps,I,Q: Quarterly,DE: Germany,P: Private non-financial sector,A: All sectors,A: Credit-to-GDP ratios (actual data),2010-Q3,143.70785260988,E: End of period,1: One,770: Percentage of GDP,0: Units,,,A: Normal value,F: Free,
dataflow,BIS:WS_CREDIT_GAP(1.0): Credit-to-GDP gaps,I,Q: Quarterly,DE: Germany,P: Private non-financial sector,A: All sectors,A: Credit-to-GDP ratios (actual data),2010-Q4,141.73839275074,E: End of period,1: One,770: Percentage of GDP,0: Units,,,A: Normal value,F: Free,
dataflow,BIS:WS_CREDIT_GAP(1.0): Credit-to-GDP gaps,I,Q: Quarterly,DE: Germany,P: Private non-financial sector,A: All sectors,A: Credit-to-GDP ratios (actual data),2011-Q1,137.99128893582,E: End of period,1: One,770: Percentage of GDP,0: Units,,,A: Normal value,F: Free,
dataflow,BIS:WS_CREDIT_GAP(1.0): Credit-to-GDP gaps,I,Q: Quarterly,DE: Germany,P: Private non-financial sector,A: All sectors,A: Credit-to-GDP ratios (actual data),2011-Q2,137.05346207652,E: End of period,1: One,770: Percentage of GDP,0: Units,,,A: Normal value,F: Free,
dataflow,BIS:WS_CREDIT_GAP(1.0): Credit-to-GDP gaps,I,Q: Quarterly,DE: Germany,P: Private non-financial sector,A: All sectors,A: Credit-to-GDP ratios (actual data),2011-Q3,137.85780410013,E: End of period,1: One,770: Percentage of GDP,0: Units,,,A: Normal value,F: Free,
dataflow,BIS:WS_CREDIT_GAP(1.0): Credit-to-GDP gaps,I,Q: Quarterly,DE: Germany,P: Private non-financial sector,A: All sectors,A: Credit-to-GDP ratios (actual data),2011-Q4,137.97728011759,E: End of period,1: One,770: Percentage of GDP,0: Units,,,A: Normal value,F: Free,
dataflow,BIS:WS_CREDIT_GAP(1.0): Credit-to-GDP gaps,I,Q: Quarterly,DE: Germany,P: Private non-financial sector,A: All sectors,A: Credit-to-GDP ratios (actual data),2012-Q1,137.43904582594,E: End of period,1: One,770: Percentage of GDP,0: Units,,,A: Normal value,F: Free,
dataflow,BIS:WS_CREDIT_GAP(1.0): Credit-to-GDP gaps,I,Q: Quarterly,DE: Germany,P: Private non-financial sector,A: All sectors,A: Credit-to-GDP ratios (actual data),2012-Q2,137.64539404846,E: End of period,1: One,770: Percentage of GDP,0: Units,,,A: Normal value,F: Free,
dataflow,BIS:WS_CREDIT_GAP(1.0): Credit-to-GDP gaps,I,Q: Quarterly,DE: Germany,P: Private non-financial sector,A: All sectors,A: Credit-to-GDP ratios (actual data),2012-Q3,137.23202179722,E: End of period,1: One,770: Percentage of GDP,0: Units,,,A: Normal value,F: Free,
dataflow,BIS:WS_CREDIT_GAP(1.0): Credit-to-GDP gaps,I,Q: Quarterly,DE: Germany,P: Private non-financial sector,A: All sectors,A: Credit-to-GDP ratios (actual data),2012-Q4,136.96072812839,E: End of period,1: One,770: Percentage of GDP,0: Units,,,A: Normal value,F: Free,
dataflow,BIS:WS_CREDIT_GAP(1.0): Credit-to-GDP gaps,I,Q: Quarterly,DE: Germany,P: Private non-financial sector,A: All sectors,A: Credit-to-GDP ratios (actual data),2013-Q1,138.12394939381,E: End of period,1: One,770: Percentage of GDP,0: Units,,,A: Normal value,F: Free,
dataflow,BIS:WS_CREDIT_GAP(1.0): Credit-to-GDP gaps,I,Q: Quarterly,DE: Germany,P: Private non-financial sector,A: All sectors,A: Credit-to-GDP ratios (actual data),2013-Q2,138.65493036133,E: End of period,1: One,770: Percentage of GDP,0: Units,,,A: Normal value,F: Free,
dataflow,BIS:WS_CREDIT_GAP(1.0): Credit-to-GDP gaps,I,Q: Quarterly,DE: Germany,P: Private non-financial sector,A: All sectors,A: Credit-to-GDP ratios (actual data),2013-Q3,138.86976522648,E: End of period,1: One,770: Percentage of GDP,0: Units,,,A: Normal value,F: Free,
dataflow,BIS:WS_CREDIT_GAP(1.0): Credit-to-GDP gaps,I,Q: Quarterly,DE: Germany,P: Private non-financial sector,A: All sectors,A: Credit-to-GDP ratios (actual data),2013-Q4,138.73328199647,E: End of period,1: One,770: Percentage of GDP,0: Units,,,A: Normal value,F: Free,
dataflow,BIS:WS_CREDIT_GAP(1.0): Credit-to-GDP gaps,I,Q: Quarterly,DE: Germany,P: Private non-financial sector,A: All sectors,A: Credit-to-GDP ratios (actual data),2014-Q1,137.86694009174,E: End of period,1: One,770: Percentage of GDP,0: Units,,,A: Normal value,F: Free,
dataflow,BIS:WS_CREDIT_GAP(1.0): Credit-to-GDP gaps,I,Q: Quarterly,DE: Germany,P: Private non-financial sector,A: All sectors,A: Credit-to-GDP ratios (actual data),2014-Q2,137.89620912741,E: End of period,1: One,770: Percentage of GDP,0: Units,,,A: Normal value,F: Free,
dataflow,BIS:WS_CREDIT_GAP(1.0): Credit-to-GDP gaps,I,Q: Quarterly,DE: Germany,P: Private non-financial sector,A: All sectors,A: Credit-to-GDP ratios (actual data),2014-Q3,136.50938204397,E: End of period,1: One,770: Percentage of GDP,0: Units,,,A: Normal value,F: Free,
dataflow,BIS:WS_CREDIT_GAP(1.0): Credit-to-GDP gaps,I,Q: Quarterly,DE: Germany,P: Private non-financial sector,A: All sectors,A: Credit-to-GDP ratios (actual data),2014-Q4,132.53851030482,E: End of period,1: One,770: Percentage of GDP,0: Units,,,A: Normal value,F: Free,
dataflow,BIS:WS_CREDIT_GAP(1.0): Credit-to-GDP gaps,I,Q: Quarterly,DE: Germany,P: Private non-financial sector,A: All sectors,A: Credit-to-GDP ratios (actual data),2015-Q1,133.05853798731,E: End of period,1: One,770: Percentage of GDP,0: Units,,,A: Normal value,F: Free,
dataflow,BIS:WS_CREDIT_GAP(1.0): Credit-to-GDP gaps,I,Q: Quarterly,DE: Germany,P: Private non-financial sector,A: All sectors,A: Credit-to-GDP ratios (actual data),2015-Q2,133.03054803809,E: End of period,1: One,770: Percentage of GDP,0: Units,,,A: Normal value,F: Free,
dataflow,BIS:WS_CREDIT_GAP(1.0): Credit-to-GDP gaps,I,Q: Quarterly,DE: Germany,P: Private non-financial sector,A: All sectors,A: Credit-to-GDP ratios (actual data),2015-Q3,133.04314194596,E: End of period,1: One,770: Percentage of GDP,0: Units,,,A: Normal value,F: Free,
dataflow,BIS:WS_CREDIT_GAP(1.0): Credit-to-GDP gaps,I,Q: Quarterly,DE: Germany,P: Private non-financial sector,A: All sectors,A: Credit-to-GDP ratios (actual data),2015-Q4,132.82313531698,E: End of period,1: One,770: Percentage of GDP,0: Units,,,A: Normal value,F: Free,
dataflow,BIS:WS_CREDIT_GAP(1.0): Credit-to-GDP gaps,I,Q: Quarterly,DE: Germany,P: Private non-financial sector,A: All sectors,A: Credit-to-GDP ratios (actual data),2016-Q1,133.4450020388,E: End of period,1: One,770: Percentage of GDP,0: Units,,,A: Normal value,F: Free,
dataflow,BIS:WS_CREDIT_GAP(1.0): Credit-to-GDP gaps,I,Q: Quarterly,DE: Germany,P: Private non-financial sector,A: All sectors,A: Credit-to-GDP ratios (actual data),2016-Q2,133.82429122392,E: End of period,1: One,770: Percentage of GDP,0: Units,,,A: Normal value,F: Free,
dataflow,BIS:WS_CREDIT_GAP(1.0): Credit-to-GDP gaps,I,Q: Quarterly,DE: Germany,P: Private non-financial sector,A: All sectors,A: Credit-to-GDP ratios (actual data),2016-Q3,134.66226585539,E: End of period,1: One,770: Percentage of GDP,0: Units,,,A: Normal value,F: Free,
dataflow,BIS:WS_CREDIT_GAP(1.0): Credit-to-GDP gaps,I,Q: Quarterly,DE: Germany,P: Private non-financial sector,A: All sectors,A: Credit-to-GDP ratios (actual data),2016-Q4,134.83038321497,E: End of period,1: One,770: Percentage of GDP,0: Units,,,A: Normal value,F: Free,
dataflow,BIS:WS_CREDIT_GAP(1.0): Credit-to-GDP gaps,I,Q: Quarterly,DE: Germany,P: Private non-financial sector,A: All sectors,A: Credit-to-GDP ratios (actual data),2017-Q1,135.17278257673,E: End of period,1: One,770: Percentage of GDP,0: Units,,,A: Normal value,F: Free,
dataflow,BIS:WS_CREDIT_GAP(1.0): Credit-to-GDP gaps,I,Q: Quarterly,DE: Germany,P: Private non-financial sector,A: All sectors,A: Credit-to-GDP ratios (actual data),2017-Q2,134.63535852819,E: End of period,1: One,770: Percentage of GDP,0: Units,,,A: Normal value,F: Free,
dataflow,BIS:WS_CREDIT_GAP(1.0): Credit-to-GDP gaps,I,Q: Quarterly,DE: Germany,P: Private non-financial sector,A: All sectors,A: Credit-to-GDP ratios (actual data),2017-Q3,134.15371502997,E: End of period,1: One,770: Percentage of GDP,0: Units,,,A: Normal value,F: Free,
dataflow,BIS:WS_CREDIT_GAP(1.0): Credit-to-GDP gaps,I,Q: Quarterly,DE: Germany,P: Private non-financial sector,A: All sectors,A: Credit-to-GDP ratios (actual data),2017-Q4,134.06828513477,E: End of period,1: One,770: Percentage of GDP,0: Units,,,A: Normal value,F: Free,
dataflow,BIS:WS_CREDIT_GAP(1.0): Credit-to-GDP gaps,I,Q: Quarterly,DE: Germany,P: Private non-financial sector,A: All sectors,A: Credit-to-GDP ratios (actual data),2018-Q1,133.42103262877,E: End of period,1: One,770: Percentage of GDP,0: Units,,,A: Normal value,F: Free,
dataflow,BIS:WS_CREDIT_GAP(1.0): Credit-to-GDP gaps,I,Q: Quarterly,DE: Germany,P: Private non-financial sector,A: All sectors,A: Credit-to-GDP ratios (actual data),2018-Q2,134.56935050477,E: End of period,1: One,770: Percentage of GDP,0: Units,,,A: Normal value,F: Free,
dataflow,BIS:WS_CREDIT_GAP(1.0): Credit-to-GDP gaps,I,Q: Quarterly,DE: Germany,P: Private non-financial sector,A: All sectors,A: Credit-to-GDP ratios (actual data),2018-Q3,135.41730833862,E: End of period,1: One,770: Percentage of GDP,0: Units,,,A: Normal value,F: Free,
dataflow,BIS:WS_CREDIT_GAP(1.0): Credit-to-GDP gaps,I,Q: Quarterly,DE: Germany,P: Private non-financial sector,A: All sectors,A: Credit-to-GDP ratios (actual data),2018-Q4,134.96044848125,E: End of period,1: One,770: Percentage of GDP,0: Units,,,A: Normal value,F: Free,
dataflow,BIS:WS_CREDIT_GAP(1.0): Credit-to-GDP gaps,I,Q: Quarterly,DE: Germany,P: Private non-financial sector,A: All sectors,A: Credit-to-GDP ratios (actual data),2019-Q1,135.99378219989,E: End of period,1: One,770: Percentage of GDP,0: Units,,,A: Normal value,F: Free,
dataflow,BIS:WS_CREDIT_GAP(1.0): Credit-to-GDP gaps,I,Q: Quarterly,DE: Germany,P: Private non-financial sector,A: All sectors,A: Credit-to-GDP ratios (actual data),2019-Q2,137.21939151315,E: End of period,1: One,770: Percentage of GDP,0: Units,,,A: Normal value,F: Free,
dataflow,BIS:WS_CREDIT_GAP(1.0): Credit-to-GDP gaps,I,Q: Quarterly,DE: Germany,P: Private non-financial sector,A: All sectors,A: Credit-to-GDP ratios (actual data),2019-Q3,137.43529799424,E: End of period,1: One,770: Percentage of GDP,0: Units,,,A: Normal value,F: Free,
dataflow,BIS:WS_CREDIT_GAP(1.0): Credit-to-GDP gaps,I,Q: Quarterly,DE: Germany,P: Private non-financial sector,A: All sectors,A: Credit-to-GDP ratios (actual data),2019-Q4,137.76858093092,E: End of period,1: One,770: Percentage of GDP,0: Units,,,A: Normal value,F: Free,
dataflow,BIS:WS_CREDIT_GAP(1.0): Credit-to-GDP gaps,I,Q: Quarterly,DE: Germany,P: Private non-financial sector,A: All sectors,A: Credit-to-GDP ratios (actual data),2020-Q1,138.96674456776,E: End of period,1: One,770: Percentage of GDP,0: Units,,,A: Normal value,F: Free,
dataflow,BIS:WS_CREDIT_GAP(1.0): Credit-to-GDP gaps,I,Q: Quarterly,DE: Germany,P: Private non-financial sector,A: All sectors,A: Credit-to-GDP ratios (actual data),2020-Q2,144.50140289636,E: End of period,1: One,770: Percentage of GDP,0: Units,,,A: Normal value,F: Free,
dataflow,BIS:WS_CREDIT_GAP(1.0): Credit-to-GDP gaps,I,Q: Quarterly,DE: Germany,P: Private non-financial sector,A: All sectors,A: Credit-to-GDP ratios (actual data),2020-Q3,147.04407464438,E: End of period,1: One,770: Percentage of GDP,0: Units,,,A: Normal value,F: Free,
dataflow,BIS:WS_CREDIT_GAP(1.0): Credit-to-GDP gaps,I,Q: Quarterly,DE: Germany,P: Private non-financial sector,A: All sectors,A: Credit-to-GDP ratios (actual data),2020-Q4,148.86357663892,E: End of period,1: One,770: Percentage of GDP,0: Units,,,A: Normal value,F: Free,
dataflow,BIS:WS_CREDIT_GAP(1.0): Credit-to-GDP gaps,I,Q: Quarterly,DE: Germany,P: Private non-financial sector,A: All sectors,A: Credit-to-GDP ratios (actual data),2021-Q1,151.14624721247,E: End of period,1: One,770: Percentage of GDP,0: Units,,,A: Normal value,F: Free,
dataflow,BIS:WS_CREDIT_GAP(1.0): Credit-to-GDP gaps,I,Q: Quarterly,DE: Germany,P: Private non-financial sector,A: All sectors,A: Credit-to-GDP ratios (actual data),2021-Q2,148.51709028206,E: End of period,1: One,770: Percentage of GDP,0: Units,,,A: Normal value,F: Free,
dataflow,BIS:WS_CREDIT_GAP(1.0): Credit-to-GDP gaps,I,Q: Quarterly,DE: Germany,P: Private non-financial sector,A: All sectors,A: Credit-to-GDP ratios (actual data),2021-Q3,147.82685256043,E: End of period,1: One,770: Percentage of GDP,0: Units,,,A: Normal value,F: Free,
dataflow,BIS:WS_CREDIT_GAP(1.0): Credit-to-GDP gaps,I,Q: Quarterly,DE: Germany,P: Private non-financial sector,A: All sectors,A: Credit-to-GDP ratios (actual data),2021-Q4,147.64356370952,E: End of period,1: One,770: Percentage of GDP,0: Units,,,A: Normal value,F: Free,
dataflow,BIS:WS_CREDIT_GAP(1.0): Credit-to-GDP gaps,I,Q: Quarterly,DE: Germany,P: Private non-financial sector,A: All sectors,A: Credit-to-GDP ratios (actual data),2022-Q1,146.89599557845,E: End of period,1: One,770: Percentage of GDP,0: Units,,,A: Normal value,F: Free,
dataflow,BIS:WS_CREDIT_GAP(1.0): Credit-to-GDP gaps,I,Q: Quarterly,DE: Germany,P: Private non-financial sector,A: All sectors,A: Credit-to-GDP ratios (actual data),2022-Q2,146.46658413745,E: End of period,1: One,770: Percentage of GDP,0: Units,,,A: Normal value,F: Free,
dataflow,BIS:WS_CREDIT_GAP(1.0): Credit-to-GDP gaps,I,Q: Quarterly,DE: Germany,P: Private non-financial sector,A: All sectors,A: Credit-to-GDP ratios (actual data),2022-Q3,147.77932805058,E: End of period,1: One,770: Percentage of GDP,0: Units,,,A: Normal value,F: Free,
dataflow,BIS:WS_CREDIT_GAP(1.0): Credit-to-GDP gaps,I,Q: Quarterly,DE: Germany,P: Private non-financial sector,A: All sectors,A: Credit-to-GDP ratios (actual data),2022-Q4,146.27838028795,E: End of period,1: One,770: Percentage of GDP,0: Units,,,A: Normal value,F: Free,
dataflow,BIS:WS_CREDIT_GAP(1.0): Credit-to-GDP gaps,I,Q: Quarterly,DE: Germany,P: Private non-financial sector,A: All sectors,A: Credit-to-GDP ratios (actual data),2023-Q1,144.17737290295,E: End of period,1: One,770: Percentage of GDP,0: Units,,,A: Normal value,F: Free,
dataflow,BIS:WS_CREDIT_GAP(1.0): Credit-to-GDP gaps,I,Q: Quarterly,DE: Germany,P: Private non-financial sector,A: All sectors,A: Credit-to-GDP ratios (actual data),2023-Q2,142.66653531145,E: End of period,1: One,770: Percentage of GDP,0: Units,,,A: Normal value,F: Free,
dataflow,BIS:WS_CREDIT_GAP(1.0): Credit-to-GDP gaps,I,Q: Quarterly,DE: Germany,P: Private non-financial sector,A: All sectors,A: Credit-to-GDP ratios (actual data),2023-Q3,140.8310798738,E: End of period,1: One,770: Percentage of GDP,0: Units,,,A: Normal value,F: Free,
dataflow,BIS:WS_CREDIT_GAP(1.0): Credit-to-GDP gaps,I,Q: Quarterly,DE: Germany,P: Private non-financial sector,A: All sectors,A: Credit-to-GDP ratios (actual data),2023-Q4,139.58750762004,E: End of period,1: One,770: Percentage of GDP,0: Units,,,A: Normal value,F: Free,
dataflow,BIS:WS_CREDIT_GAP(1.0): Credit-to-GDP gaps,I,Q: Quarterly,DE: Germany,P: Private non-financial sector,A: All sectors,A: Credit-to-GDP ratios (actual data),2024-Q1,138.86291722387,E: End of period,1: One,770: Percentage of GDP,0: Units,,,A: Normal value,F: Free,
dataflow,BIS:WS_CREDIT_GAP(1.0): Credit-to-GDP gaps,I,Q: Quarterly,DE: Germany,P: Private non-financial sector,A: All sectors,A: Credit-to-GDP ratios (actual data),2024-Q2,138.5157582088,E: End of period,1: One,770: Percentage of GDP,0: Units,,,A: Normal value,F: Free,
dataflow,BIS:WS_CREDIT_GAP(1.0): Credit-to-GDP gaps,I,Q: Quarterly,DE: Germany,P: Private non-financial sector,A: All sectors,A: Credit-to-GDP ratios (actual data),2024-Q3,138.52128480421,E: End of period,1: One,770: Percentage of GDP,0: Units,,,A: Normal value,F: Free,
dataflow,BIS:WS_CREDIT_GAP(1.0): Credit-to-GDP gaps,I,Q: Quarterly,DE: Germany,P: Private non-financial sector,A: All sectors,A: Credit-to-GDP ratios (actual data),2024-Q4,137.72911371539,E: End of period,1: One,770: Percentage of GDP,0: Units,,,A: Normal value,F: Free,
dataflow,BIS:WS_CREDIT_GAP(1.0): Credit-to-GDP gaps,I,Q: Quarterly,DE: Germany,P: Private non-financial sector,A: All sectors,A: Credit-to-GDP ratios (actual data),2025-Q1,138.31013002771,E: End of period,1: One,770: Percentage of GDP,0: Units,,,A: Normal value,F: Free,
dataflow,BIS:WS_CREDIT_GAP(1.0): Credit-to-GDP gaps,I,Q: Quarterly,DE: Germany,P: Private non-financial sector,A: All sectors,A: Credit-to-GDP ratios (actual data),2025-Q2,137.83915140405,E: End of period,1: One,770: Percentage of GDP,0: Units,,,A: Normal value,F: Free,
dataflow,BIS:WS_CREDIT_GAP(1.0): Credit-to-GDP gaps,I,Q: Quarterly,DE: Germany,P: Private non-financial sector,A: All sectors,A: Credit-to-GDP ratios (actual data),2025-Q3,137.59143697734,E: End of period,1: One,770: Percentage of GDP,0: Units,,,A: Normal value,F: Free,
dataflow,BIS:WS_CREDIT_GAP(1.0): Credit-to-GDP gaps,I,Q: Quarterly,DE: Germany,P: Private non-financial sector,A: All sectors,A: Credit-to-GDP ratios (actual data),2025-Q4,136.69936348409,E: End of period,1: One,770: Percentage of GDP,0: Units,,,A: Normal value,F: Free,
dataflow,BIS:WS_CREDIT_GAP(1.0): Credit-to-GDP gaps,I,Q: Quarterly,DE: Germany,P: Private non-financial sector,A: All sectors,B: Credit-to-GDP trend (HP filter),1970-Q4,88.5043,E: End of period,1: One,770: Percentage of GDP,0: Units,,,A: Normal value,F: Free,
dataflow,BIS:WS_CREDIT_GAP(1.0): Credit-to-GDP gaps,I,Q: Quarterly,DE: Germany,P: Private non-financial sector,A: All sectors,B: Credit-to-GDP trend (HP filter),1971-Q1,88.7361,E: End of period,1: One,770: Percentage of GDP,0: Units,,,A: Normal value,F: Free,
dataflow,BIS:WS_CREDIT_GAP(1.0): Credit-to-GDP gaps,I,Q: Quarterly,DE: Germany,P: Private non-financial sector,A: All sectors,B: Credit-to-GDP trend (HP filter),1971-Q2,88.9846,E: End of period,1: One,770: Percentage of GDP,0: Units,,,A: Normal value,F: Free,
dataflow,BIS:WS_CREDIT_GAP(1.0): Credit-to-GDP gaps,I,Q: Quarterly,DE: Germany,P: Private non-financial sector,A: All sectors,B: Credit-to-GDP trend (HP filter),1971-Q3,89.2816,E: End of period,1: One,770: Percentage of GDP,0: Units,,,A: Normal value,F: Free,
dataflow,BIS:WS_CREDIT_GAP(1.0): Credit-to-GDP gaps,I,Q: Quarterly,DE: Germany,P: Private non-financial sector,A: All sectors,B: Credit-to-GDP trend (HP filter),1971-Q4,89.7213,E: End of period,1: One,770: Percentage of GDP,0: Units,,,A: Normal value,F: Free,
dataflow,BIS:WS_CREDIT_GAP(1.0): Credit-to-GDP gaps,I,Q: Quarterly,DE: Germany,P: Private non-financial sector,A: All sectors,B: Credit-to-GDP trend (HP filter),1972-Q1,90.1055,E: End of period,1: One,770: Percentage of GDP,0: Units,,,A: Normal value,F: Free,
dataflow,BIS:WS_CREDIT_GAP(1.0): Credit-to-GDP gaps,I,Q: Quarterly,DE: Germany,P: Private non-financial sector,A: All sectors,B: Credit-to-GDP trend (HP filter),1972-Q2,90.5763,E: End of period,1: One,770: Percentage of GDP,0: Units,,,A: Normal value,F: Free,
dataflow,BIS:WS_CREDIT_GAP(1.0): Credit-to-GDP gaps,I,Q: Quarterly,DE: Germany,P: Private non-financial sector,A: All sectors,B: Credit-to-GDP trend (HP filter),1972-Q3,91.0229,E: End of period,1: One,770: Percentage of GDP,0: Units,,,A: Normal value,F: Free,
dataflow,BIS:WS_CREDIT_GAP(1.0): Credit-to-GDP gaps,I,Q: Quarterly,DE: Germany,P: Private non-financial sector,A: All sectors,B: Credit-to-GDP trend (HP filter),1972-Q4,91.6063,E: End of period,1: One,770: Percentage of GDP,0: Units,,,A: Normal value,F: Free,
dataflow,BIS:WS_CREDIT_GAP(1.0): Credit-to-GDP gaps,I,Q: Quarterly,DE: Germany,P: Private non-financial sector,A: All sectors,B: Credit-to-GDP trend (HP filter),1973-Q1,92.1591,E: End of period,1: One,770: Percentage of GDP,0: Units,,,A: Normal value,F: Free,
dataflow,BIS:WS_CREDIT_GAP(1.0): Credit-to-GDP gaps,I,Q: Quarterly,DE: Germany,P: Private non-financial sector,A: All sectors,B: Credit-to-GDP trend (HP filter),1973-Q2,92.6996,E: End of period,1: One,770: Percentage of GDP,0: Units,,,A: Normal value,F: Free,
dataflow,BIS:WS_CREDIT_GAP(1.0): Credit-to-GDP gaps,I,Q: Quarterly,DE: Germany,P: Private non-financial sector,A: All sectors,B: Credit-to-GDP trend (HP filter),1973-Q3,93.1925,E: End of period,1: One,770: Percentage of GDP,0: Units,,,A: Normal value,F: Free,
dataflow,BIS:WS_CREDIT_GAP(1.0): Credit-to-GDP gaps,I,Q: Quarterly,DE: Germany,P: Private non-financial sector,A: All sectors,B: Credit-to-GDP trend (HP filter),1973-Q4,93.6961,E: End of period,1: One,770: Percentage of GDP,0: Units,,,A: Normal value,F: Free,
dataflow,BIS:WS_CREDIT_GAP(1.0): Credit-to-GDP gaps,I,Q: Quarterly,DE: Germany,P: Private non-financial sector,A: All sectors,B: Credit-to-GDP trend (HP filter),1974-Q1,94.1341,E: End of period,1: One,770: Percentage of GDP,0: Units,,,A: Normal value,F: Free,
dataflow,BIS:WS_CREDIT_GAP(1.0): Credit-to-GDP gaps,I,Q: Quarterly,DE: Germany,P: Private non-financial sector,A: All sectors,B: Credit-to-GDP trend (HP filter),1974-Q2,94.5774,E: End of period,1: One,770: Percentage of GDP,0: Units,,,A: Normal value,F: Free,
dataflow,BIS:WS_CREDIT_GAP(1.0): Credit-to-GDP gaps,I,Q: Quarterly,DE: Germany,P: Private non-financial sector,A: All sectors,B: Credit-to-GDP trend (HP filter),1974-Q3,94.9872,E: End of period,1: One,770: Percentage of GDP,0: Units,,,A: Normal value,F: Free,
dataflow,BIS:WS_CREDIT_GAP(1.0): Credit-to-GDP gaps,I,Q: Quarterly,DE: Germany,P: Private non-financial sector,A: All sectors,B: Credit-to-GDP trend (HP filter),1974-Q4,95.4136,E: End of period,1: One,770: Percentage of GDP,0: Units,,,A: Normal value,F: Free,
dataflow,BIS:WS_CREDIT_GAP(1.0): Credit-to-GDP gaps,I,Q: Quarterly,DE: Germany,P: Private non-financial sector,A: All sectors,B: Credit-to-GDP trend (HP filter),1975-Q1,95.7583,E: End of period,1: One,770: Percentage of GDP,0: Units,,,A: Normal value,F: Free,
dataflow,BIS:WS_CREDIT_GAP(1.0): Credit-to-GDP gaps,I,Q: Quarterly,DE: Germany,P: Private non-financial sector,A: All sectors,B: Credit-to-GDP trend (HP filter),1975-Q2,96.1139,E: End of period,1: One,770: Percentage of GDP,0: Units,,,A: Normal value,F: Free,
dataflow,BIS:WS_CREDIT_GAP(1.0): Credit-to-GDP gaps,I,Q: Quarterly,DE: Germany,P: Private non-financial sector,A: All sectors,B: Credit-to-GDP trend (HP filter),1975-Q3,96.4593,E: End of period,1: One,770: Percentage of GDP,0: Units,,,A: Normal value,F: Free,
dataflow,BIS:WS_CREDIT_GAP(1.0): Credit-to-GDP gaps,I,Q: Quarterly,DE: Germany,P: Private non-financial sector,A: All sectors,B: Credit-to-GDP trend (HP filter),1975-Q4,96.9104,E: End of period,1: One,770: Percentage of GDP,0: Units,,,A: Normal value,F: Free,
dataflow,BIS:WS_CREDIT_GAP(1.0): Credit-to-GDP gaps,I,Q: Quarterly,DE: Germany,P: Private non-financial sector,A: All sectors,B: Credit-to-GDP trend (HP filter),1976-Q1,97.2391,E: End of period,1: One,770: Percentage of GDP,0: Units,,,A: Normal value,F: Free,
dataflow,BIS:WS_CREDIT_GAP(1.0): Credit-to-GDP gaps,I,Q: Quarterly,DE: Germany,P: Private non-financial sector,A: All sectors,B: Credit-to-GDP trend (HP filter),1976-Q2,97.5651,E: End of period,1: One,770: Percentage of GDP,0: Units,,,A: Normal value,F: Free,
dataflow,BIS:WS_CREDIT_GAP(1.0): Credit-to-GDP gaps,I,Q: Quarterly,DE: Germany,P: Private non-financial sector,A: All sectors,B: Credit-to-GDP trend (HP filter),1976-Q3,97.8552,E: End of period,1: One,770: Percentage of GDP,0: Units,,,A: Normal value,F: Free,
dataflow,BIS:WS_CREDIT_GAP(1.0): Credit-to-GDP gaps,I,Q: Quarterly,DE: Germany,P: Private non-financial sector,A: All sectors,B: Credit-to-GDP trend (HP filter),1976-Q4,98.197,E: End of period,1: One,770: Percentage of GDP,0: Units,,,A: Normal value,F: Free,
dataflow,BIS:WS_CREDIT_GAP(1.0): Credit-to-GDP gaps,I,Q: Quarterly,DE: Germany,P: Private non-financial sector,A: All sectors,B: Credit-to-GDP trend (HP filter),1977-Q1,98.4382,E: End of period,1: One,770: Percentage of GDP,0: Units,,,A: Normal value,F: Free,
dataflow,BIS:WS_CREDIT_GAP(1.0): Credit-to-GDP gaps,I,Q: Quarterly,DE: Germany,P: Private non-financial sector,A: All sectors,B: Credit-to-GDP trend (HP filter),1977-Q2,98.7193,E: End of period,1: One,770: Percentage of GDP,0: Units,,,A: Normal value,F: Free,
dataflow,BIS:WS_CREDIT_GAP(1.0): Credit-to-GDP gaps,I,Q: Quarterly,DE: Germany,P: Private non-financial sector,A: All sectors,B: Credit-to-GDP trend (HP filter),1977-Q3,98.9965,E: End of period,1: One,770: Percentage of GDP,0: Units,,,A: Normal value,F: Free,
dataflow,BIS:WS_CREDIT_GAP(1.0): Credit-to-GDP gaps,I,Q: Quarterly,DE: Germany,P: Private non-financial sector,A: All sectors,B: Credit-to-GDP trend (HP filter),1977-Q4,99.3506,E: End of period,1: One,770: Percentage of GDP,0: Units,,,A: Normal value,F: Free,
dataflow,BIS:WS_CREDIT_GAP(1.0): Credit-to-GDP gaps,I,Q: Quarterly,DE: Germany,P: Private non-financial sector,A: All sectors,B: Credit-to-GDP trend (HP filter),1978-Q1,99.5769,E: End of period,1: One,770: Percentage of GDP,0: Units,,,A: Normal value,F: Free,
dataflow,BIS:WS_CREDIT_GAP(1.0): Credit-to-GDP gaps,I,Q: Quarterly,DE: Germany,P: Private non-financial sector,A: All sectors,B: Credit-to-GDP trend (HP filter),1978-Q2,99.8429,E: End of period,1: One,770: Percentage of GDP,0: Units,,,A: Normal value,F: Free,
dataflow,BIS:WS_CREDIT_GAP(1.0): Credit-to-GDP gaps,I,Q: Quarterly,DE: Germany,P: Private non-financial sector,A: All sectors,B: Credit-to-GDP trend (HP filter),1978-Q3,100.0901,E: End of period,1: One,770: Percentage of GDP,0: Units,,,A: Normal value,F: Free,
dataflow,BIS:WS_CREDIT_GAP(1.0): Credit-to-GDP gaps,I,Q: Quarterly,DE: Germany,P: Private non-financial sector,A: All sectors,B: Credit-to-GDP trend (HP filter),1978-Q4,100.4344,E: End of period,1: One,770: Percentage of GDP,0: Units,,,A: Normal value,F: Free,
dataflow,BIS:WS_CREDIT_GAP(1.0): Credit-to-GDP gaps,I,Q: Quarterly,DE: Germany,P: Private non-financial sector,A: All sectors,B: Credit-to-GDP trend (HP filter),1979-Q1,100.7297,E: End of period,1: One,770: Percentage of GDP,0: Units,,,A: Normal value,F: Free,
dataflow,BIS:WS_CREDIT_GAP(1.0): Credit-to-GDP gaps,I,Q: Quarterly,DE: Germany,P: Private non-financial sector,A: All sectors,B: Credit-to-GDP trend (HP filter),1979-Q2,101.0647,E: End of period,1: One,770: Percentage of GDP,0: Units,,,A: Normal value,F: Free,
dataflow,BIS:WS_CREDIT_GAP(1.0): Credit-to-GDP gaps,I,Q: Quarterly,DE: Germany,P: Private non-financial sector,A: All sectors,B: Credit-to-GDP trend (HP filter),1979-Q3,101.3662,E: End of period,1: One,770: Percentage of GDP,0: Units,,,A: Normal value,F: Free,
dataflow,BIS:WS_CREDIT_GAP(1.0): Credit-to-GDP gaps,I,Q: Quarterly,DE: Germany,P: Private non-financial sector,A: All sectors,B: Credit-to-GDP trend (HP filter),1979-Q4,101.7382,E: End of period,1: One,770: Percentage of GDP,0: Units,,,A: Normal value,F: Free,
dataflow,BIS:WS_CREDIT_GAP(1.0): Credit-to-GDP gaps,I,Q: Quarterly,DE: Germany,P: Private non-financial sector,A: All sectors,B: Credit-to-GDP trend (HP filter),1980-Q1,102.0092,E: End of period,1: One,770: Percentage of GDP,0: Units,,,A: Normal value,F: Free,
dataflow,BIS:WS_CREDIT_GAP(1.0): Credit-to-GDP gaps,I,Q: Quarterly,DE: Germany,P: Private non-financial sector,A: All sectors,B: Credit-to-GDP trend (HP filter),1980-Q2,102.3407,E: End of period,1: One,770: Percentage of GDP,0: Units,,,A: Normal value,F: Free,
dataflow,BIS:WS_CREDIT_GAP(1.0): Credit-to-GDP gaps,I,Q: Quarterly,DE: Germany,P: Private non-financial sector,A: All sectors,B: Credit-to-GDP trend (HP filter),1980-Q3,102.68,E: End of period,1: One,770: Percentage of GDP,0: Units,,,A: Normal value,F: Free,
dataflow,BIS:WS_CREDIT_GAP(1.0): Credit-to-GDP gaps,I,Q: Quarterly,DE: Germany,P: Private non-financial sector,A: All sectors,B: Credit-to-GDP trend (HP filter),1980-Q4,103.1954,E: End of period,1: One,770: Percentage of GDP,0: Units,,,A: Normal value,F: Free,
dataflow,BIS:WS_CREDIT_GAP(1.0): Credit-to-GDP gaps,I,Q: Quarterly,DE: Germany,P: Private non-financial sector,A: All sectors,B: Credit-to-GDP trend (HP filter),1981-Q1,103.7378,E: End of period,1: One,770: Percentage of GDP,0: Units,,,A: Normal value,F: Free,
dataflow,BIS:WS_CREDIT_GAP(1.0): Credit-to-GDP gaps,I,Q: Quarterly,DE: Germany,P: Private non-financial sector,A: All sectors,B: Credit-to-GDP trend (HP filter),1981-Q2,104.3349,E: End of period,1: One,770: Percentage of GDP,0: Units,,,A: Normal value,F: Free,
dataflow,BIS:WS_CREDIT_GAP(1.0): Credit-to-GDP gaps,I,Q: Quarterly,DE: Germany,P: Private non-financial sector,A: All sectors,B: Credit-to-GDP trend (HP filter),1981-Q3,104.9341,E: End of period,1: One,770: Percentage of GDP,0: Units,,,A: Normal value,F: Free,
dataflow,BIS:WS_CREDIT_GAP(1.0): Credit-to-GDP gaps,I,Q: Quarterly,DE: Germany,P: Private non-financial sector,A: All sectors,B: Credit-to-GDP trend (HP filter),1981-Q4,105.5736,E: End of period,1: One,770: Percentage of GDP,0: Units,,,A: Normal value,F: Free,
dataflow,BIS:WS_CREDIT_GAP(1.0): Credit-to-GDP gaps,I,Q: Quarterly,DE: Germany,P: Private non-financial sector,A: All sectors,B: Credit-to-GDP trend (HP filter),1982-Q1,106.1219,E: End of period,1: One,770: Percentage of GDP,0: Units,,,A: Normal value,F: Free,
dataflow,BIS:WS_CREDIT_GAP(1.0): Credit-to-GDP gaps,I,Q: Quarterly,DE: Germany,P: Private non-financial sector,A: All sectors,B: Credit-to-GDP trend (HP filter),1982-Q2,106.6986,E: End of period,1: One,770: Percentage of GDP,0: Units,,,A: Normal value,F: Free,
dataflow,BIS:WS_CREDIT_GAP(1.0): Credit-to-GDP gaps,I,Q: Quarterly,DE: Germany,P: Private non-financial sector,A: All sectors,B: Credit-to-GDP trend (HP filter),1982-Q3,107.3049,E: End of period,1: One,770: Percentage of GDP,0: Units,,,A: Normal value,F: Free,
dataflow,BIS:WS_CREDIT_GAP(1.0): Credit-to-GDP gaps,I,Q: Quarterly,DE: Germany,P: Private non-financial sector,A: All sectors,B: Credit-to-GDP trend (HP filter),1982-Q4,107.9926,E: End of period,1: One,770: Percentage of GDP,0: Units,,,A: Normal value,F: Free,
dataflow,BIS:WS_CREDIT_GAP(1.0): Credit-to-GDP gaps,I,Q: Quarterly,DE: Germany,P: Private non-financial sector,A: All sectors,B: Credit-to-GDP trend (HP filter),1983-Q1,108.5563,E: End of period,1: One,770: Percentage of GDP,0: Units,,,A: Normal value,F: Free,
dataflow,BIS:WS_CREDIT_GAP(1.0): Credit-to-GDP gaps,I,Q: Quarterly,DE: Germany,P: Private non-financial sector,A: All sectors,B: Credit-to-GDP trend (HP filter),1983-Q2,109.1524,E: End of period,1: One,770: Percentage of GDP,0: Units,,,A: Normal value,F: Free,
dataflow,BIS:WS_CREDIT_GAP(1.0): Credit-to-GDP gaps,I,Q: Quarterly,DE: Germany,P: Private non-financial sector,A: All sectors,B: Credit-to-GDP trend (HP filter),1983-Q3,109.7412,E: End of period,1: One,770: Percentage of GDP,0: Units,,,A: Normal value,F: Free,
dataflow,BIS:WS_CREDIT_GAP(1.0): Credit-to-GDP gaps,I,Q: Quarterly,DE: Germany,P: Private non-financial sector,A: All sectors,B: Credit-to-GDP trend (HP filter),1983-Q4,110.3601,E: End of period,1: One,770: Percentage of GDP,0: Units,,,A: Normal value,F: Free,
dataflow,BIS:WS_CREDIT_GAP(1.0): Credit-to-GDP gaps,I,Q: Quarterly,DE: Germany,P: Private non-financial sector,A: All sectors,B: Credit-to-GDP trend (HP filter),1984-Q1,110.8638,E: End of period,1: One,770: Percentage of GDP,0: Units,,,A: Normal value,F: Free,
dataflow,BIS:WS_CREDIT_GAP(1.0): Credit-to-GDP gaps,I,Q: Quarterly,DE: Germany,P: Private non-financial sector,A: All sectors,B: Credit-to-GDP trend (HP filter),1984-Q2,111.3902,E: End of period,1: One,770: Percentage of GDP,0: Units,,,A: Normal value,F: Free,
dataflow,BIS:WS_CREDIT_GAP(1.0): Credit-to-GDP gaps,I,Q: Quarterly,DE: Germany,P: Private non-financial sector,A: All sectors,B: Credit-to-GDP trend (HP filter),1984-Q3,111.9005,E: End of period,1: One,770: Percentage of GDP,0: Units,,,A: Normal value,F: Free,
dataflow,BIS:WS_CREDIT_GAP(1.0): Credit-to-GDP gaps,I,Q: Quarterly,DE: Germany,P: Private non-financial sector,A: All sectors,B: Credit-to-GDP trend (HP filter),1984-Q4,112.4459,E: End of period,1: One,770: Percentage of GDP,0: Units,,,A: Normal value,F: Free,
dataflow,BIS:WS_CREDIT_GAP(1.0): Credit-to-GDP gaps,I,Q: Quarterly,DE: Germany,P: Private non-financial sector,A: All sectors,B: Credit-to-GDP trend (HP filter),1985-Q1,112.9576,E: End of period,1: One,770: Percentage of GDP,0: Units,,,A: Normal value,F: Free,
dataflow,BIS:WS_CREDIT_GAP(1.0): Credit-to-GDP gaps,I,Q: Quarterly,DE: Germany,P: Private non-financial sector,A: All sectors,B: Credit-to-GDP trend (HP filter),1985-Q2,113.4368,E: End of period,1: One,770: Percentage of GDP,0: Units,,,A: Normal value,F: Free,
dataflow,BIS:WS_CREDIT_GAP(1.0): Credit-to-GDP gaps,I,Q: Quarterly,DE: Germany,P: Private non-financial sector,A: All sectors,B: Credit-to-GDP trend (HP filter),1985-Q3,113.8397,E: End of period,1: One,770: Percentage of GDP,0: Units,,,A: Normal value,F: Free,
dataflow,BIS:WS_CREDIT_GAP(1.0): Credit-to-GDP gaps,I,Q: Quarterly,DE: Germany,P: Private non-financial sector,A: All sectors,B: Credit-to-GDP trend (HP filter),1985-Q4,114.2972,E: End of period,1: One,770: Percentage of GDP,0: Units,,,A: Normal value,F: Free,
dataflow,BIS:WS_CREDIT_GAP(1.0): Credit-to-GDP gaps,I,Q: Quarterly,DE: Germany,P: Private non-financial sector,A: All sectors,B: Credit-to-GDP trend (HP filter),1986-Q1,114.6506,E: End of period,1: One,770: Percentage of GDP,0: Units,,,A: Normal value,F: Free,
dataflow,BIS:WS_CREDIT_GAP(1.0): Credit-to-GDP gaps,I,Q: Quarterly,DE: Germany,P: Private non-financial sector,A: All sectors,B: Credit-to-GDP trend (HP filter),1986-Q2,114.9734,E: End of period,1: One,770: Percentage of GDP,0: Units,,,A: Normal value,F: Free,
dataflow,BIS:WS_CREDIT_GAP(1.0): Credit-to-GDP gaps,I,Q: Quarterly,DE: Germany,P: Private non-financial sector,A: All sectors,B: Credit-to-GDP trend (HP filter),1986-Q3,115.2264,E: End of period,1: One,770: Percentage of GDP,0: Units,,,A: Normal value,F: Free,
dataflow,BIS:WS_CREDIT_GAP(1.0): Credit-to-GDP gaps,I,Q: Quarterly,DE: Germany,P: Private non-financial sector,A: All sectors,B: Credit-to-GDP trend (HP filter),1986-Q4,115.4553,E: End of period,1: One,770: Percentage of GDP,0: Units,,,A: Normal value,F: Free,
dataflow,BIS:WS_CREDIT_GAP(1.0): Credit-to-GDP gaps,I,Q: Quarterly,DE: Germany,P: Private non-financial sector,A: All sectors,B: Credit-to-GDP trend (HP filter),1987-Q1,115.602,E: End of period,1: One,770: Percentage of GDP,0: Units,,,A: Normal value,F: Free,
dataflow,BIS:WS_CREDIT_GAP(1.0): Credit-to-GDP gaps,I,Q: Quarterly,DE: Germany,P: Private non-financial sector,A: All sectors,B: Credit-to-GDP trend (HP filter),1987-Q2,115.7234,E: End of period,1: One,770: Percentage of GDP,0: Units,,,A: Normal value,F: Free,
dataflow,BIS:WS_CREDIT_GAP(1.0): Credit-to-GDP gaps,I,Q: Quarterly,DE: Germany,P: Private non-financial sector,A: All sectors,B: Credit-to-GDP trend (HP filter),1987-Q3,115.8809,E: End of period,1: One,770: Percentage of GDP,0: Units,,,A: Normal value,F: Free,
dataflow,BIS:WS_CREDIT_GAP(1.0): Credit-to-GDP gaps,I,Q: Quarterly,DE: Germany,P: Private non-financial sector,A: All sectors,B: Credit-to-GDP trend (HP filter),1987-Q4,116.0472,E: End of period,1: One,770: Percentage of GDP,0: Units,,,A: Normal value,F: Free,
dataflow,BIS:WS_CREDIT_GAP(1.0): Credit-to-GDP gaps,I,Q: Quarterly,DE: Germany,P: Private non-financial sector,A: All sectors,B: Credit-to-GDP trend (HP filter),1988-Q1,116.1271,E: End of period,1: One,770: Percentage of GDP,0: Units,,,A: Normal value,F: Free,
dataflow,BIS:WS_CREDIT_GAP(1.0): Credit-to-GDP gaps,I,Q: Quarterly,DE: Germany,P: Private non-financial sector,A: All sectors,B: Credit-to-GDP trend (HP filter),1988-Q2,116.2155,E: End of period,1: One,770: Percentage of GDP,0: Units,,,A: Normal value,F: Free,
dataflow,BIS:WS_CREDIT_GAP(1.0): Credit-to-GDP gaps,I,Q: Quarterly,DE: Germany,P: Private non-financial sector,A: All sectors,B: Credit-to-GDP trend (HP filter),1988-Q3,116.2727,E: End of period,1: One,770: Percentage of GDP,0: Units,,,A: Normal value,F: Free,
dataflow,BIS:WS_CREDIT_GAP(1.0): Credit-to-GDP gaps,I,Q: Quarterly,DE: Germany,P: Private non-financial sector,A: All sectors,B: Credit-to-GDP trend (HP filter),1988-Q4,116.3579,E: End of period,1: One,770: Percentage of GDP,0: Units,,,A: Normal value,F: Free,
dataflow,BIS:WS_CREDIT_GAP(1.0): Credit-to-GDP gaps,I,Q: Quarterly,DE: Germany,P: Private non-financial sector,A: All sectors,B: Credit-to-GDP trend (HP filter),1989-Q1,116.3695,E: End of period,1: One,770: Percentage of GDP,0: Units,,,A: Normal value,F: Free,
dataflow,BIS:WS_CREDIT_GAP(1.0): Credit-to-GDP gaps,I,Q: Quarterly,DE: Germany,P: Private non-financial sector,A: All sectors,B: Credit-to-GDP trend (HP filter),1989-Q2,116.3885,E: End of period,1: One,770: Percentage of GDP,0: Units,,,A: Normal value,F: Free,
dataflow,BIS:WS_CREDIT_GAP(1.0): Credit-to-GDP gaps,I,Q: Quarterly,DE: Germany,P: Private non-financial sector,A: All sectors,B: Credit-to-GDP trend (HP filter),1989-Q3,116.3991,E: End of period,1: One,770: Percentage of GDP,0: Units,,,A: Normal value,F: Free,
dataflow,BIS:WS_CREDIT_GAP(1.0): Credit-to-GDP gaps,I,Q: Quarterly,DE: Germany,P: Private non-financial sector,A: All sectors,B: Credit-to-GDP trend (HP filter),1989-Q4,116.4673,E: End of period,1: One,770: Percentage of GDP,0: Units,,,A: Normal value,F: Free,
dataflow,BIS:WS_CREDIT_GAP(1.0): Credit-to-GDP gaps,I,Q: Quarterly,DE: Germany,P: Private non-financial sector,A: All sectors,B: Credit-to-GDP trend (HP filter),1990-Q1,116.5208,E: End of period,1: One,770: Percentage of GDP,0: Units,,,A: Normal value,F: Free,
dataflow,BIS:WS_CREDIT_GAP(1.0): Credit-to-GDP gaps,I,Q: Quarterly,DE: Germany,P: Private non-financial sector,A: All sectors,B: Credit-to-GDP trend (HP filter),1990-Q2,116.4764,E: End of period,1: One,770: Percentage of GDP,0: Units,,,A: Normal value,F: Free,
dataflow,BIS:WS_CREDIT_GAP(1.0): Credit-to-GDP gaps,I,Q: Quarterly,DE: Germany,P: Private non-financial sector,A: All sectors,B: Credit-to-GDP trend (HP filter),1990-Q3,116.3993,E: End of period,1: One,770: Percentage of GDP,0: Units,,,A: Normal value,F: Free,
dataflow,BIS:WS_CREDIT_GAP(1.0): Credit-to-GDP gaps,I,Q: Quarterly,DE: Germany,P: Private non-financial sector,A: All sectors,B: Credit-to-GDP trend (HP filter),1990-Q4,116.3454,E: End of period,1: One,770: Percentage of GDP,0: Units,,,A: Normal value,F: Free,
dataflow,BIS:WS_CREDIT_GAP(1.0): Credit-to-GDP gaps,I,Q: Quarterly,DE: Germany,P: Private non-financial sector,A: All sectors,B: Credit-to-GDP trend (HP filter),1991-Q1,116.2141,E: End of period,1: One,770: Percentage of GDP,0: Units,,,A: Normal value,F: Free,
dataflow,BIS:WS_CREDIT_GAP(1.0): Credit-to-GDP gaps,I,Q: Quarterly,DE: Germany,P: Private non-financial sector,A: All sectors,B: Credit-to-GDP trend (HP filter),1991-Q2,116.0887,E: End of period,1: One,770: Percentage of GDP,0: Units,,,A: Normal value,F: Free,
dataflow,BIS:WS_CREDIT_GAP(1.0): Credit-to-GDP gaps,I,Q: Quarterly,DE: Germany,P: Private non-financial sector,A: All sectors,B: Credit-to-GDP trend (HP filter),1991-Q3,116.0417,E: End of period,1: One,770: Percentage of GDP,0: Units,,,A: Normal value,F: Free,
dataflow,BIS:WS_CREDIT_GAP(1.0): Credit-to-GDP gaps,I,Q: Quarterly,DE: Germany,P: Private non-financial sector,A: All sectors,B: Credit-to-GDP trend (HP filter),1991-Q4,116.0243,E: End of period,1: One,770: Percentage of GDP,0: Units,,,A: Normal value,F: Free,
dataflow,BIS:WS_CREDIT_GAP(1.0): Credit-to-GDP gaps,I,Q: Quarterly,DE: Germany,P: Private non-financial sector,A: All sectors,B: Credit-to-GDP trend (HP filter),1992-Q1,115.9955,E: End of period,1: One,770: Percentage of GDP,0: Units,,,A: Normal value,F: Free,
dataflow,BIS:WS_CREDIT_GAP(1.0): Credit-to-GDP gaps,I,Q: Quarterly,DE: Germany,P: Private non-financial sector,A: All sectors,B: Credit-to-GDP trend (HP filter),1992-Q2,115.997,E: End of period,1: One,770: Percentage of GDP,0: Units,,,A: Normal value,F: Free,
dataflow,BIS:WS_CREDIT_GAP(1.0): Credit-to-GDP gaps,I,Q: Quarterly,DE: Germany,P: Private non-financial sector,A: All sectors,B: Credit-to-GDP trend (HP filter),1992-Q3,115.9994,E: End of period,1: One,770: Percentage of GDP,0: Units,,,A: Normal value,F: Free,
dataflow,BIS:WS_CREDIT_GAP(1.0): Credit-to-GDP gaps,I,Q: Quarterly,DE: Germany,P: Private non-financial sector,A: All sectors,B: Credit-to-GDP trend (HP filter),1992-Q4,115.9856,E: End of period,1: One,770: Percentage of GDP,0: Units,,,A: Normal value,F: Free,
dataflow,BIS:WS_CREDIT_GAP(1.0): Credit-to-GDP gaps,I,Q: Quarterly,DE: Germany,P: Private non-financial sector,A: All sectors,B: Credit-to-GDP trend (HP filter),1993-Q1,116.0641,E: End of period,1: One,770: Percentage of GDP,0: Units,,,A: Normal value,F: Free,
dataflow,BIS:WS_CREDIT_GAP(1.0): Credit-to-GDP gaps,I,Q: Quarterly,DE: Germany,P: Private non-financial sector,A: All sectors,B: Credit-to-GDP trend (HP filter),1993-Q2,116.2296,E: End of period,1: One,770: Percentage of GDP,0: Units,,,A: Normal value,F: Free,
dataflow,BIS:WS_CREDIT_GAP(1.0): Credit-to-GDP gaps,I,Q: Quarterly,DE: Germany,P: Private non-financial sector,A: All sectors,B: Credit-to-GDP trend (HP filter),1993-Q3,116.4823,E: End of period,1: One,770: Percentage of GDP,0: Units,,,A: Normal value,F: Free,
dataflow,BIS:WS_CREDIT_GAP(1.0): Credit-to-GDP gaps,I,Q: Quarterly,DE: Germany,P: Private non-financial sector,A: All sectors,B: Credit-to-GDP trend (HP filter),1993-Q4,116.8732,E: End of period,1: One,770: Percentage of GDP,0: Units,,,A: Normal value,F: Free,
dataflow,BIS:WS_CREDIT_GAP(1.0): Credit-to-GDP gaps,I,Q: Quarterly,DE: Germany,P: Private non-financial sector,A: All sectors,B: Credit-to-GDP trend (HP filter),1994-Q1,117.1225,E: End of period,1: One,770: Percentage of GDP,0: Units,,,A: Normal value,F: Free,
dataflow,BIS:WS_CREDIT_GAP(1.0): Credit-to-GDP gaps,I,Q: Quarterly,DE: Germany,P: Private non-financial sector,A: All sectors,B: Credit-to-GDP trend (HP filter),1994-Q2,117.3965,E: End of period,1: One,770: Percentage of GDP,0: Units,,,A: Normal value,F: Free,
dataflow,BIS:WS_CREDIT_GAP(1.0): Credit-to-GDP gaps,I,Q: Quarterly,DE: Germany,P: Private non-financial sector,A: All sectors,B: Credit-to-GDP trend (HP filter),1994-Q3,117.7147,E: End of period,1: One,770: Percentage of GDP,0: Units,,,A: Normal value,F: Free,
dataflow,BIS:WS_CREDIT_GAP(1.0): Credit-to-GDP gaps,I,Q: Quarterly,DE: Germany,P: Private non-financial sector,A: All sectors,B: Credit-to-GDP trend (HP filter),1994-Q4,118.0833,E: End of period,1: One,770: Percentage of GDP,0: Units,,,A: Normal value,F: Free,
dataflow,BIS:WS_CREDIT_GAP(1.0): Credit-to-GDP gaps,I,Q: Quarterly,DE: Germany,P: Private non-financial sector,A: All sectors,B: Credit-to-GDP trend (HP filter),1995-Q1,118.2293,E: End of period,1: One,770: Percentage of GDP,0: Units,,,A: Normal value,F: Free,
dataflow,BIS:WS_CREDIT_GAP(1.0): Credit-to-GDP gaps,I,Q: Quarterly,DE: Germany,P: Private non-financial sector,A: All sectors,B: Credit-to-GDP trend (HP filter),1995-Q2,118.4404,E: End of period,1: One,770: Percentage of GDP,0: Units,,,A: Normal value,F: Free,
dataflow,BIS:WS_CREDIT_GAP(1.0): Credit-to-GDP gaps,I,Q: Quarterly,DE: Germany,P: Private non-financial sector,A: All sectors,B: Credit-to-GDP trend (HP filter),1995-Q3,118.6599,E: End of period,1: One,770: Percentage of GDP,0: Units,,,A: Normal value,F: Free,
dataflow,BIS:WS_CREDIT_GAP(1.0): Credit-to-GDP gaps,I,Q: Quarterly,DE: Germany,P: Private non-financial sector,A: All sectors,B: Credit-to-GDP trend (HP filter),1995-Q4,118.9226,E: End of period,1: One,770: Percentage of GDP,0: Units,,,A: Normal value,F: Free,
dataflow,BIS:WS_CREDIT_GAP(1.0): Credit-to-GDP gaps,I,Q: Quarterly,DE: Germany,P: Private non-financial sector,A: All sectors,B: Credit-to-GDP trend (HP filter),1996-Q1,119.2149,E: End of period,1: One,770: Percentage of GDP,0: Units,,,A: Normal value,F: Free,
dataflow,BIS:WS_CREDIT_GAP(1.0): Credit-to-GDP gaps,I,Q: Quarterly,DE: Germany,P: Private non-financial sector,A: All sectors,B: Credit-to-GDP trend (HP filter),1996-Q2,119.5731,E: End of period,1: One,770: Percentage of GDP,0: Units,,,A: Normal value,F: Free,
dataflow,BIS:WS_CREDIT_GAP(1.0): Credit-to-GDP gaps,I,Q: Quarterly,DE: Germany,P: Private non-financial sector,A: All sectors,B: Credit-to-GDP trend (HP filter),1996-Q3,119.9757,E: End of period,1: One,770: Percentage of GDP,0: Units,,,A: Normal value,F: Free,
dataflow,BIS:WS_CREDIT_GAP(1.0): Credit-to-GDP gaps,I,Q: Quarterly,DE: Germany,P: Private non-financial sector,A: All sectors,B: Credit-to-GDP trend (HP filter),1996-Q4,120.4482,E: End of period,1: One,770: Percentage of GDP,0: Units,,,A: Normal value,F: Free,
dataflow,BIS:WS_CREDIT_GAP(1.0): Credit-to-GDP gaps,I,Q: Quarterly,DE: Germany,P: Private non-financial sector,A: All sectors,B: Credit-to-GDP trend (HP filter),1997-Q1,120.9266,E: End of period,1: One,770: Percentage of GDP,0: Units,,,A: Normal value,F: Free,
dataflow,BIS:WS_CREDIT_GAP(1.0): Credit-to-GDP gaps,I,Q: Quarterly,DE: Germany,P: Private non-financial sector,A: All sectors,B: Credit-to-GDP trend (HP filter),1997-Q2,121.441,E: End of period,1: One,770: Percentage of GDP,0: Units,,,A: Normal value,F: Free,
dataflow,BIS:WS_CREDIT_GAP(1.0): Credit-to-GDP gaps,I,Q: Quarterly,DE: Germany,P: Private non-financial sector,A: All sectors,B: Credit-to-GDP trend (HP filter),1997-Q3,121.9623,E: End of period,1: One,770: Percentage of GDP,0: Units,,,A: Normal value,F: Free,
dataflow,BIS:WS_CREDIT_GAP(1.0): Credit-to-GDP gaps,I,Q: Quarterly,DE: Germany,P: Private non-financial sector,A: All sectors,B: Credit-to-GDP trend (HP filter),1997-Q4,122.5257,E: End of period,1: One,770: Percentage of GDP,0: Units,,,A: Normal value,F: Free,
dataflow,BIS:WS_CREDIT_GAP(1.0): Credit-to-GDP gaps,I,Q: Quarterly,DE: Germany,P: Private non-financial sector,A: All sectors,B: Credit-to-GDP trend (HP filter),1998-Q1,123.067,E: End of period,1: One,770: Percentage of GDP,0: Units,,,A: Normal value,F: Free,
dataflow,BIS:WS_CREDIT_GAP(1.0): Credit-to-GDP gaps,I,Q: Quarterly,DE: Germany,P: Private non-financial sector,A: All sectors,B: Credit-to-GDP trend (HP filter),1998-Q2,123.6201,E: End of period,1: One,770: Percentage of GDP,0: Units,,,A: Normal value,F: Free,
dataflow,BIS:WS_CREDIT_GAP(1.0): Credit-to-GDP gaps,I,Q: Quarterly,DE: Germany,P: Private non-financial sector,A: All sectors,B: Credit-to-GDP trend (HP filter),1998-Q3,124.2185,E: End of period,1: One,770: Percentage of GDP,0: Units,,,A: Normal value,F: Free,
dataflow,BIS:WS_CREDIT_GAP(1.0): Credit-to-GDP gaps,I,Q: Quarterly,DE: Germany,P: Private non-financial sector,A: All sectors,B: Credit-to-GDP trend (HP filter),1998-Q4,124.9287,E: End of period,1: One,770: Percentage of GDP,0: Units,,,A: Normal value,F: Free,
dataflow,BIS:WS_CREDIT_GAP(1.0): Credit-to-GDP gaps,I,Q: Quarterly,DE: Germany,P: Private non-financial sector,A: All sectors,B: Credit-to-GDP trend (HP filter),1999-Q1,125.4718,E: End of period,1: One,770: Percentage of GDP,0: Units,,,A: Normal value,F: Free,
dataflow,BIS:WS_CREDIT_GAP(1.0): Credit-to-GDP gaps,I,Q: Quarterly,DE: Germany,P: Private non-financial sector,A: All sectors,B: Credit-to-GDP trend (HP filter),1999-Q2,126.1093,E: End of period,1: One,770: Percentage of GDP,0: Units,,,A: Normal value,F: Free,
dataflow,BIS:WS_CREDIT_GAP(1.0): Credit-to-GDP gaps,I,Q: Quarterly,DE: Germany,P: Private non-financial sector,A: All sectors,B: Credit-to-GDP trend (HP filter),1999-Q3,126.7964,E: End of period,1: One,770: Percentage of GDP,0: Units,,,A: Normal value,F: Free,
dataflow,BIS:WS_CREDIT_GAP(1.0): Credit-to-GDP gaps,I,Q: Quarterly,DE: Germany,P: Private non-financial sector,A: All sectors,B: Credit-to-GDP trend (HP filter),1999-Q4,127.6484,E: End of period,1: One,770: Percentage of GDP,0: Units,,,A: Normal value,F: Free,
dataflow,BIS:WS_CREDIT_GAP(1.0): Credit-to-GDP gaps,I,Q: Quarterly,DE: Germany,P: Private non-financial sector,A: All sectors,B: Credit-to-GDP trend (HP filter),2000-Q1,128.5979,E: End of period,1: One,770: Percentage of GDP,0: Units,,,A: Normal value,F: Free,
dataflow,BIS:WS_CREDIT_GAP(1.0): Credit-to-GDP gaps,I,Q: Quarterly,DE: Germany,P: Private non-financial sector,A: All sectors,B: Credit-to-GDP trend (HP filter),2000-Q2,129.6563,E: End of period,1: One,770: Percentage of GDP,0: Units,,,A: Normal value,F: Free,
dataflow,BIS:WS_CREDIT_GAP(1.0): Credit-to-GDP gaps,I,Q: Quarterly,DE: Germany,P: Private non-financial sector,A: All sectors,B: Credit-to-GDP trend (HP filter),2000-Q3,130.6976,E: End of period,1: One,770: Percentage of GDP,0: Units,,,A: Normal value,F: Free,
dataflow,BIS:WS_CREDIT_GAP(1.0): Credit-to-GDP gaps,I,Q: Quarterly,DE: Germany,P: Private non-financial sector,A: All sectors,B: Credit-to-GDP trend (HP filter),2000-Q4,132.0191,E: End of period,1: One,770: Percentage of GDP,0: Units,,,A: Normal value,F: Free,
dataflow,BIS:WS_CREDIT_GAP(1.0): Credit-to-GDP gaps,I,Q: Quarterly,DE: Germany,P: Private non-financial sector,A: All sectors,B: Credit-to-GDP trend (HP filter),2001-Q1,133.3182,E: End of period,1: One,770: Percentage of GDP,0: Units,,,A: Normal value,F: Free,
dataflow,BIS:WS_CREDIT_GAP(1.0): Credit-to-GDP gaps,I,Q: Quarterly,DE: Germany,P: Private non-financial sector,A: All sectors,B: Credit-to-GDP trend (HP filter),2001-Q2,134.5937,E: End of period,1: One,770: Percentage of GDP,0: Units,,,A: Normal value,F: Free,
dataflow,BIS:WS_CREDIT_GAP(1.0): Credit-to-GDP gaps,I,Q: Quarterly,DE: Germany,P: Private non-financial sector,A: All sectors,B: Credit-to-GDP trend (HP filter),2001-Q3,135.8629,E: End of period,1: One,770: Percentage of GDP,0: Units,,,A: Normal value,F: Free,
dataflow,BIS:WS_CREDIT_GAP(1.0): Credit-to-GDP gaps,I,Q: Quarterly,DE: Germany,P: Private non-financial sector,A: All sectors,B: Credit-to-GDP trend (HP filter),2001-Q4,137.0639,E: End of period,1: One,770: Percentage of GDP,0: Units,,,A: Normal value,F: Free,
dataflow,BIS:WS_CREDIT_GAP(1.0): Credit-to-GDP gaps,I,Q: Quarterly,DE: Germany,P: Private non-financial sector,A: All sectors,B: Credit-to-GDP trend (HP filter),2002-Q1,138.1841,E: End of period,1: One,770: Percentage of GDP,0: Units,,,A: Normal value,F: Free,
dataflow,BIS:WS_CREDIT_GAP(1.0): Credit-to-GDP gaps,I,Q: Quarterly,DE: Germany,P: Private non-financial sector,A: All sectors,B: Credit-to-GDP trend (HP filter),2002-Q2,139.3647,E: End of period,1: One,770: Percentage of GDP,0: Units,,,A: Normal value,F: Free,
dataflow,BIS:WS_CREDIT_GAP(1.0): Credit-to-GDP gaps,I,Q: Quarterly,DE: Germany,P: Private non-financial sector,A: All sectors,B: Credit-to-GDP trend (HP filter),2002-Q3,140.5142,E: End of period,1: One,770: Percentage of GDP,0: Units,,,A: Normal value,F: Free,
dataflow,BIS:WS_CREDIT_GAP(1.0): Credit-to-GDP gaps,I,Q: Quarterly,DE: Germany,P: Private non-financial sector,A: All sectors,B: Credit-to-GDP trend (HP filter),2002-Q4,141.6643,E: End of period,1: One,770: Percentage of GDP,0: Units,,,A: Normal value,F: Free,
dataflow,BIS:WS_CREDIT_GAP(1.0): Credit-to-GDP gaps,I,Q: Quarterly,DE: Germany,P: Private non-financial sector,A: All sectors,B: Credit-to-GDP trend (HP filter),2003-Q1,142.7963,E: End of period,1: One,770: Percentage of GDP,0: Units,,,A: Normal value,F: Free,
dataflow,BIS:WS_CREDIT_GAP(1.0): Credit-to-GDP gaps,I,Q: Quarterly,DE: Germany,P: Private non-financial sector,A: All sectors,B: Credit-to-GDP trend (HP filter),2003-Q2,143.9433,E: End of period,1: One,770: Percentage of GDP,0: Units,,,A: Normal value,F: Free,
dataflow,BIS:WS_CREDIT_GAP(1.0): Credit-to-GDP gaps,I,Q: Quarterly,DE: Germany,P: Private non-financial sector,A: All sectors,B: Credit-to-GDP trend (HP filter),2003-Q3,145.0438,E: End of period,1: One,770: Percentage of GDP,0: Units,,,A: Normal value,F: Free,
dataflow,BIS:WS_CREDIT_GAP(1.0): Credit-to-GDP gaps,I,Q: Quarterly,DE: Germany,P: Private non-financial sector,A: All sectors,B: Credit-to-GDP trend (HP filter),2003-Q4,146.0548,E: End of period,1: One,770: Percentage of GDP,0: Units,,,A: Normal value,F: Free,
dataflow,BIS:WS_CREDIT_GAP(1.0): Credit-to-GDP gaps,I,Q: Quarterly,DE: Germany,P: Private non-financial sector,A: All sectors,B: Credit-to-GDP trend (HP filter),2004-Q1,146.8455,E: End of period,1: One,770: Percentage of GDP,0: Units,,,A: Normal value,F: Free,
dataflow,BIS:WS_CREDIT_GAP(1.0): Credit-to-GDP gaps,I,Q: Quarterly,DE: Germany,P: Private non-financial sector,A: All sectors,B: Credit-to-GDP trend (HP filter),2004-Q2,147.5055,E: End of period,1: One,770: Percentage of GDP,0: Units,,,A: Normal value,F: Free,
dataflow,BIS:WS_CREDIT_GAP(1.0): Credit-to-GDP gaps,I,Q: Quarterly,DE: Germany,P: Private non-financial sector,A: All sectors,B: Credit-to-GDP trend (HP filter),2004-Q3,148.0504,E: End of period,1: One,770: Percentage of GDP,0: Units,,,A: Normal value,F: Free,
dataflow,BIS:WS_CREDIT_GAP(1.0): Credit-to-GDP gaps,I,Q: Quarterly,DE: Germany,P: Private non-financial sector,A: All sectors,B: Credit-to-GDP trend (HP filter),2004-Q4,148.4846,E: End of period,1: One,770: Percentage of GDP,0: Units,,,A: Normal value,F: Free,
dataflow,BIS:WS_CREDIT_GAP(1.0): Credit-to-GDP gaps,I,Q: Quarterly,DE: Germany,P: Private non-financial sector,A: All sectors,B: Credit-to-GDP trend (HP filter),2005-Q1,148.8346,E: End of period,1: One,770: Percentage of GDP,0: Units,,,A: Normal value,F: Free,
dataflow,BIS:WS_CREDIT_GAP(1.0): Credit-to-GDP gaps,I,Q: Quarterly,DE: Germany,P: Private non-financial sector,A: All sectors,B: Credit-to-GDP trend (HP filter),2005-Q2,149.2226,E: End of period,1: One,770: Percentage of GDP,0: Units,,,A: Normal value,F: Free,
dataflow,BIS:WS_CREDIT_GAP(1.0): Credit-to-GDP gaps,I,Q: Quarterly,DE: Germany,P: Private non-financial sector,A: All sectors,B: Credit-to-GDP trend (HP filter),2005-Q3,149.6125,E: End of period,1: One,770: Percentage of GDP,0: Units,,,A: Normal value,F: Free,
dataflow,BIS:WS_CREDIT_GAP(1.0): Credit-to-GDP gaps,I,Q: Quarterly,DE: Germany,P: Private non-financial sector,A: All sectors,B: Credit-to-GDP trend (HP filter),2005-Q4,149.983,E: End of period,1: One,770: Percentage of GDP,0: Units,,,A: Normal value,F: Free,
dataflow,BIS:WS_CREDIT_GAP(1.0): Credit-to-GDP gaps,I,Q: Quarterly,DE: Germany,P: Private non-financial sector,A: All sectors,B: Credit-to-GDP trend (HP filter),2006-Q1,150.3852,E: End of period,1: One,770: Percentage of GDP,0: Units,,,A: Normal value,F: Free,
dataflow,BIS:WS_CREDIT_GAP(1.0): Credit-to-GDP gaps,I,Q: Quarterly,DE: Germany,P: Private non-financial sector,A: All sectors,B: Credit-to-GDP trend (HP filter),2006-Q2,150.799,E: End of period,1: One,770: Percentage of GDP,0: Units,,,A: Normal value,F: Free,
dataflow,BIS:WS_CREDIT_GAP(1.0): Credit-to-GDP gaps,I,Q: Quarterly,DE: Germany,P: Private non-financial sector,A: All sectors,B: Credit-to-GDP trend (HP filter),2006-Q3,151.178,E: End of period,1: One,770: Percentage of GDP,0: Units,,,A: Normal value,F: Free,
dataflow,BIS:WS_CREDIT_GAP(1.0): Credit-to-GDP gaps,I,Q: Quarterly,DE: Germany,P: Private non-financial sector,A: All sectors,B: Credit-to-GDP trend (HP filter),2006-Q4,151.457,E: End of period,1: One,770: Percentage of GDP,0: Units,,,A: Normal value,F: Free,
dataflow,BIS:WS_CREDIT_GAP(1.0): Credit-to-GDP gaps,I,Q: Quarterly,DE: Germany,P: Private non-financial sector,A: All sectors,B: Credit-to-GDP trend (HP filter),2007-Q1,151.585,E: End of period,1: One,770: Percentage of GDP,0: Units,,,A: Normal value,F: Free,
dataflow,BIS:WS_CREDIT_GAP(1.0): Credit-to-GDP gaps,I,Q: Quarterly,DE: Germany,P: Private non-financial sector,A: All sectors,B: Credit-to-GDP trend (HP filter),2007-Q2,151.66,E: End of period,1: One,770: Percentage of GDP,0: Units,,,A: Normal value,F: Free,
dataflow,BIS:WS_CREDIT_GAP(1.0): Credit-to-GDP gaps,I,Q: Quarterly,DE: Germany,P: Private non-financial sector,A: All sectors,B: Credit-to-GDP trend (HP filter),2007-Q3,151.6442,E: End of period,1: One,770: Percentage of GDP,0: Units,,,A: Normal value,F: Free,
dataflow,BIS:WS_CREDIT_GAP(1.0): Credit-to-GDP gaps,I,Q: Quarterly,DE: Germany,P: Private non-financial sector,A: All sectors,B: Credit-to-GDP trend (HP filter),2007-Q4,151.6271,E: End of period,1: One,770: Percentage of GDP,0: Units,,,A: Normal value,F: Free,
dataflow,BIS:WS_CREDIT_GAP(1.0): Credit-to-GDP gaps,I,Q: Quarterly,DE: Germany,P: Private non-financial sector,A: All sectors,B: Credit-to-GDP trend (HP filter),2008-Q1,151.5492,E: End of period,1: One,770: Percentage of GDP,0: Units,,,A: Normal value,F: Free,
dataflow,BIS:WS_CREDIT_GAP(1.0): Credit-to-GDP gaps,I,Q: Quarterly,DE: Germany,P: Private non-financial sector,A: All sectors,B: Credit-to-GDP trend (HP filter),2008-Q2,151.4631,E: End of period,1: One,770: Percentage of GDP,0: Units,,,A: Normal value,F: Free,
dataflow,BIS:WS_CREDIT_GAP(1.0): Credit-to-GDP gaps,I,Q: Quarterly,DE: Germany,P: Private non-financial sector,A: All sectors,B: Credit-to-GDP trend (HP filter),2008-Q3,151.3881,E: End of period,1: One,770: Percentage of GDP,0: Units,,,A: Normal value,F: Free,
dataflow,BIS:WS_CREDIT_GAP(1.0): Credit-to-GDP gaps,I,Q: Quarterly,DE: Germany,P: Private non-financial sector,A: All sectors,B: Credit-to-GDP trend (HP filter),2008-Q4,151.3998,E: End of period,1: One,770: Percentage of GDP,0: Units,,,A: Normal value,F: Free,
dataflow,BIS:WS_CREDIT_GAP(1.0): Credit-to-GDP gaps,I,Q: Quarterly,DE: Germany,P: Private non-financial sector,A: All sectors,B: Credit-to-GDP trend (HP filter),2009-Q1,151.4777,E: End of period,1: One,770: Percentage of GDP,0: Units,,,A: Normal value,F: Free,
dataflow,BIS:WS_CREDIT_GAP(1.0): Credit-to-GDP gaps,I,Q: Quarterly,DE: Germany,P: Private non-financial sector,A: All sectors,B: Credit-to-GDP trend (HP filter),2009-Q2,151.6179,E: End of period,1: One,770: Percentage of GDP,0: Units,,,A: Normal value,F: Free,
dataflow,BIS:WS_CREDIT_GAP(1.0): Credit-to-GDP gaps,I,Q: Quarterly,DE: Germany,P: Private non-financial sector,A: All sectors,B: Credit-to-GDP trend (HP filter),2009-Q3,151.7452,E: End of period,1: One,770: Percentage of GDP,0: Units,,,A: Normal value,F: Free,
dataflow,BIS:WS_CREDIT_GAP(1.0): Credit-to-GDP gaps,I,Q: Quarterly,DE: Germany,P: Private non-financial sector,A: All sectors,B: Credit-to-GDP trend (HP filter),2009-Q4,151.8758,E: End of period,1: One,770: Percentage of GDP,0: Units,,,A: Normal value,F: Free,
dataflow,BIS:WS_CREDIT_GAP(1.0): Credit-to-GDP gaps,I,Q: Quarterly,DE: Germany,P: Private non-financial sector,A: All sectors,B: Credit-to-GDP trend (HP filter),2010-Q1,151.9023,E: End of period,1: One,770: Percentage of GDP,0: Units,,,A: Normal value,F: Free,
dataflow,BIS:WS_CREDIT_GAP(1.0): Credit-to-GDP gaps,I,Q: Quarterly,DE: Germany,P: Private non-financial sector,A: All sectors,B: Credit-to-GDP trend (HP filter),2010-Q2,151.9032,E: End of period,1: One,770: Percentage of GDP,0: Units,,,A: Normal value,F: Free,
dataflow,BIS:WS_CREDIT_GAP(1.0): Credit-to-GDP gaps,I,Q: Quarterly,DE: Germany,P: Private non-financial sector,A: All sectors,B: Credit-to-GDP trend (HP filter),2010-Q3,151.838,E: End of period,1: One,770: Percentage of GDP,0: Units,,,A: Normal value,F: Free,
dataflow,BIS:WS_CREDIT_GAP(1.0): Credit-to-GDP gaps,I,Q: Quarterly,DE: Germany,P: Private non-financial sector,A: All sectors,B: Credit-to-GDP trend (HP filter),2010-Q4,151.6561,E: End of period,1: One,770: Percentage of GDP,0: Units,,,A: Normal value,F: Free,
dataflow,BIS:WS_CREDIT_GAP(1.0): Credit-to-GDP gaps,I,Q: Quarterly,DE: Germany,P: Private non-financial sector,A: All sectors,B: Credit-to-GDP trend (HP filter),2011-Q1,151.264,E: End of period,1: One,770: Percentage of GDP,0: Units,,,A: Normal value,F: Free,
dataflow,BIS:WS_CREDIT_GAP(1.0): Credit-to-GDP gaps,I,Q: Quarterly,DE: Germany,P: Private non-financial sector,A: All sectors,B: Credit-to-GDP trend (HP filter),2011-Q2,150.8217,E: End of period,1: One,770: Percentage of GDP,0: Units,,,A: Normal value,F: Free,
dataflow,BIS:WS_CREDIT_GAP(1.0): Credit-to-GDP gaps,I,Q: Quarterly,DE: Germany,P: Private non-financial sector,A: All sectors,B: Credit-to-GDP trend (HP filter),2011-Q3,150.4263,E: End of period,1: One,770: Percentage of GDP,0: Units,,,A: Normal value,F: Free,
dataflow,BIS:WS_CREDIT_GAP(1.0): Credit-to-GDP gaps,I,Q: Quarterly,DE: Germany,P: Private non-financial sector,A: All sectors,B: Credit-to-GDP trend (HP filter),2011-Q4,150.0398,E: End of period,1: One,770: Percentage of GDP,0: Units,,,A: Normal value,F: Free,
dataflow,BIS:WS_CREDIT_GAP(1.0): Credit-to-GDP gaps,I,Q: Quarterly,DE: Germany,P: Private non-financial sector,A: All sectors,B: Credit-to-GDP trend (HP filter),2012-Q1,149.6265,E: End of period,1: One,770: Percentage of GDP,0: Units,,,A: Normal value,F: Free,
dataflow,BIS:WS_CREDIT_GAP(1.0): Credit-to-GDP gaps,I,Q: Quarterly,DE: Germany,P: Private non-financial sector,A: All sectors,B: Credit-to-GDP trend (HP filter),2012-Q2,149.2283,E: End of period,1: One,770: Percentage of GDP,0: Units,,,A: Normal value,F: Free,
dataflow,BIS:WS_CREDIT_GAP(1.0): Credit-to-GDP gaps,I,Q: Quarterly,DE: Germany,P: Private non-financial sector,A: All sectors,B: Credit-to-GDP trend (HP filter),2012-Q3,148.8115,E: End of period,1: One,770: Percentage of GDP,0: Units,,,A: Normal value,F: Free,
dataflow,BIS:WS_CREDIT_GAP(1.0): Credit-to-GDP gaps,I,Q: Quarterly,DE: Germany,P: Private non-financial sector,A: All sectors,B: Credit-to-GDP trend (HP filter),2012-Q4,148.3849,E: End of period,1: One,770: Percentage of GDP,0: Units,,,A: Normal value,F: Free,
dataflow,BIS:WS_CREDIT_GAP(1.0): Credit-to-GDP gaps,I,Q: Quarterly,DE: Germany,P: Private non-financial sector,A: All sectors,B: Credit-to-GDP trend (HP filter),2013-Q1,148.0276,E: End of period,1: One,770: Percentage of GDP,0: Units,,,A: Normal value,F: Free,
dataflow,BIS:WS_CREDIT_GAP(1.0): Credit-to-GDP gaps,I,Q: Quarterly,DE: Germany,P: Private non-financial sector,A: All sectors,B: Credit-to-GDP trend (HP filter),2013-Q2,147.7037,E: End of period,1: One,770: Percentage of GDP,0: Units,,,A: Normal value,F: Free,
dataflow,BIS:WS_CREDIT_GAP(1.0): Credit-to-GDP gaps,I,Q: Quarterly,DE: Germany,P: Private non-financial sector,A: All sectors,B: Credit-to-GDP trend (HP filter),2013-Q3,147.3953,E: End of period,1: One,770: Percentage of GDP,0: Units,,,A: Normal value,F: Free,
dataflow,BIS:WS_CREDIT_GAP(1.0): Credit-to-GDP gaps,I,Q: Quarterly,DE: Germany,P: Private non-financial sector,A: All sectors,B: Credit-to-GDP trend (HP filter),2013-Q4,147.0832,E: End of period,1: One,770: Percentage of GDP,0: Units,,,A: Normal value,F: Free,
dataflow,BIS:WS_CREDIT_GAP(1.0): Credit-to-GDP gaps,I,Q: Quarterly,DE: Germany,P: Private non-financial sector,A: All sectors,B: Credit-to-GDP trend (HP filter),2014-Q1,146.728,E: End of period,1: One,770: Percentage of GDP,0: Units,,,A: Normal value,F: Free,
dataflow,BIS:WS_CREDIT_GAP(1.0): Credit-to-GDP gaps,I,Q: Quarterly,DE: Germany,P: Private non-financial sector,A: All sectors,B: Credit-to-GDP trend (HP filter),2014-Q2,146.3802,E: End of period,1: One,770: Percentage of GDP,0: Units,,,A: Normal value,F: Free,
dataflow,BIS:WS_CREDIT_GAP(1.0): Credit-to-GDP gaps,I,Q: Quarterly,DE: Germany,P: Private non-financial sector,A: All sectors,B: Credit-to-GDP trend (HP filter),2014-Q3,145.9625,E: End of period,1: One,770: Percentage of GDP,0: Units,,,A: Normal value,F: Free,
dataflow,BIS:WS_CREDIT_GAP(1.0): Credit-to-GDP gaps,I,Q: Quarterly,DE: Germany,P: Private non-financial sector,A: All sectors,B: Credit-to-GDP trend (HP filter),2014-Q4,145.336,E: End of period,1: One,770: Percentage of GDP,0: Units,,,A: Normal value,F: Free,
dataflow,BIS:WS_CREDIT_GAP(1.0): Credit-to-GDP gaps,I,Q: Quarterly,DE: Germany,P: Private non-financial sector,A: All sectors,B: Credit-to-GDP trend (HP filter),2015-Q1,144.7525,E: End of period,1: One,770: Percentage of GDP,0: Units,,,A: Normal value,F: Free,
dataflow,BIS:WS_CREDIT_GAP(1.0): Credit-to-GDP gaps,I,Q: Quarterly,DE: Germany,P: Private non-financial sector,A: All sectors,B: Credit-to-GDP trend (HP filter),2015-Q2,144.1814,E: End of period,1: One,770: Percentage of GDP,0: Units,,,A: Normal value,F: Free,
dataflow,BIS:WS_CREDIT_GAP(1.0): Credit-to-GDP gaps,I,Q: Quarterly,DE: Germany,P: Private non-financial sector,A: All sectors,B: Credit-to-GDP trend (HP filter),2015-Q3,143.6251,E: End of period,1: One,770: Percentage of GDP,0: Units,,,A: Normal value,F: Free,
dataflow,BIS:WS_CREDIT_GAP(1.0): Credit-to-GDP gaps,I,Q: Quarterly,DE: Germany,P: Private non-financial sector,A: All sectors,B: Credit-to-GDP trend (HP filter),2015-Q4,143.0709,E: End of period,1: One,770: Percentage of GDP,0: Units,,,A: Normal value,F: Free,
dataflow,BIS:WS_CREDIT_GAP(1.0): Credit-to-GDP gaps,I,Q: Quarterly,DE: Germany,P: Private non-financial sector,A: All sectors,B: Credit-to-GDP trend (HP filter),2016-Q1,142.5653,E: End of period,1: One,770: Percentage of GDP,0: Units,,,A: Normal value,F: Free,
dataflow,BIS:WS_CREDIT_GAP(1.0): Credit-to-GDP gaps,I,Q: Quarterly,DE: Germany,P: Private non-financial sector,A: All sectors,B: Credit-to-GDP trend (HP filter),2016-Q2,142.0941,E: End of period,1: One,770: Percentage of GDP,0: Units,,,A: Normal value,F: Free,
dataflow,BIS:WS_CREDIT_GAP(1.0): Credit-to-GDP gaps,I,Q: Quarterly,DE: Germany,P: Private non-financial sector,A: All sectors,B: Credit-to-GDP trend (HP filter),2016-Q3,141.6817,E: End of period,1: One,770: Percentage of GDP,0: Units,,,A: Normal value,F: Free,
dataflow,BIS:WS_CREDIT_GAP(1.0): Credit-to-GDP gaps,I,Q: Quarterly,DE: Germany,P: Private non-financial sector,A: All sectors,B: Credit-to-GDP trend (HP filter),2016-Q4,141.2903,E: End of period,1: One,770: Percentage of GDP,0: Units,,,A: Normal value,F: Free,
dataflow,BIS:WS_CREDIT_GAP(1.0): Credit-to-GDP gaps,I,Q: Quarterly,DE: Germany,P: Private non-financial sector,A: All sectors,B: Credit-to-GDP trend (HP filter),2017-Q1,140.9291,E: End of period,1: One,770: Percentage of GDP,0: Units,,,A: Normal value,F: Free,
dataflow,BIS:WS_CREDIT_GAP(1.0): Credit-to-GDP gaps,I,Q: Quarterly,DE: Germany,P: Private non-financial sector,A: All sectors,B: Credit-to-GDP trend (HP filter),2017-Q2,140.5494,E: End of period,1: One,770: Percentage of GDP,0: Units,,,A: Normal value,F: Free,
dataflow,BIS:WS_CREDIT_GAP(1.0): Credit-to-GDP gaps,I,Q: Quarterly,DE: Germany,P: Private non-financial sector,A: All sectors,B: Credit-to-GDP trend (HP filter),2017-Q3,140.155,E: End of period,1: One,770: Percentage of GDP,0: Units,,,A: Normal value,F: Free,
dataflow,BIS:WS_CREDIT_GAP(1.0): Credit-to-GDP gaps,I,Q: Quarterly,DE: Germany,P: Private non-financial sector,A: All sectors,B: Credit-to-GDP trend (HP filter),2017-Q4,139.7683,E: End of period,1: One,770: Percentage of GDP,0: Units,,,A: Normal value,F: Free,
dataflow,BIS:WS_CREDIT_GAP(1.0): Credit-to-GDP gaps,I,Q: Quarterly,DE: Germany,P: Private non-financial sector,A: All sectors,B: Credit-to-GDP trend (HP filter),2018-Q1,139.3586,E: End of period,1: One,770: Percentage of GDP,0: Units,,,A: Normal value,F: Free,
dataflow,BIS:WS_CREDIT_GAP(1.0): Credit-to-GDP gaps,I,Q: Quarterly,DE: Germany,P: Private non-financial sector,A: All sectors,B: Credit-to-GDP trend (HP filter),2018-Q2,139.025,E: End of period,1: One,770: Percentage of GDP,0: Units,,,A: Normal value,F: Free,
dataflow,BIS:WS_CREDIT_GAP(1.0): Credit-to-GDP gaps,I,Q: Quarterly,DE: Germany,P: Private non-financial sector,A: All sectors,B: Credit-to-GDP trend (HP filter),2018-Q3,138.7491,E: End of period,1: One,770: Percentage of GDP,0: Units,,,A: Normal value,F: Free,
dataflow,BIS:WS_CREDIT_GAP(1.0): Credit-to-GDP gaps,I,Q: Quarterly,DE: Germany,P: Private non-financial sector,A: All sectors,B: Credit-to-GDP trend (HP filter),2018-Q4,138.4582,E: End of period,1: One,770: Percentage of GDP,0: Units,,,A: Normal value,F: Free,
dataflow,BIS:WS_CREDIT_GAP(1.0): Credit-to-GDP gaps,I,Q: Quarterly,DE: Germany,P: Private non-financial sector,A: All sectors,B: Credit-to-GDP trend (HP filter),2019-Q1,138.2344,E: End of period,1: One,770: Percentage of GDP,0: Units,,,A: Normal value,F: Free,
dataflow,BIS:WS_CREDIT_GAP(1.0): Credit-to-GDP gaps,I,Q: Quarterly,DE: Germany,P: Private non-financial sector,A: All sectors,B: Credit-to-GDP trend (HP filter),2019-Q2,138.0863,E: End of period,1: One,770: Percentage of GDP,0: Units,,,A: Normal value,F: Free,
dataflow,BIS:WS_CREDIT_GAP(1.0): Credit-to-GDP gaps,I,Q: Quarterly,DE: Germany,P: Private non-financial sector,A: All sectors,B: Credit-to-GDP trend (HP filter),2019-Q3,137.9569,E: End of period,1: One,770: Percentage of GDP,0: Units,,,A: Normal value,F: Free,
dataflow,BIS:WS_CREDIT_GAP(1.0): Credit-to-GDP gaps,I,Q: Quarterly,DE: Germany,P: Private non-financial sector,A: All sectors,B: Credit-to-GDP trend (HP filter),2019-Q4,137.8519,E: End of period,1: One,770: Percentage of GDP,0: Units,,,A: Normal value,F: Free,
dataflow,BIS:WS_CREDIT_GAP(1.0): Credit-to-GDP gaps,I,Q: Quarterly,DE: Germany,P: Private non-financial sector,A: All sectors,B: Credit-to-GDP trend (HP filter),2020-Q1,137.8181,E: End of period,1: One,770: Percentage of GDP,0: Units,,,A: Normal value,F: Free,
dataflow,BIS:WS_CREDIT_GAP(1.0): Credit-to-GDP gaps,I,Q: Quarterly,DE: Germany,P: Private non-financial sector,A: All sectors,B: Credit-to-GDP trend (HP filter),2020-Q2,138.0906,E: End of period,1: One,770: Percentage of GDP,0: Units,,,A: Normal value,F: Free,
dataflow,BIS:WS_CREDIT_GAP(1.0): Credit-to-GDP gaps,I,Q: Quarterly,DE: Germany,P: Private non-financial sector,A: All sectors,B: Credit-to-GDP trend (HP filter),2020-Q3,138.497,E: End of period,1: One,770: Percentage of GDP,0: Units,,,A: Normal value,F: Free,
dataflow,BIS:WS_CREDIT_GAP(1.0): Credit-to-GDP gaps,I,Q: Quarterly,DE: Germany,P: Private non-financial sector,A: All sectors,B: Credit-to-GDP trend (HP filter),2020-Q4,138.9939,E: End of period,1: One,770: Percentage of GDP,0: Units,,,A: Normal value,F: Free,
dataflow,BIS:WS_CREDIT_GAP(1.0): Credit-to-GDP gaps,I,Q: Quarterly,DE: Germany,P: Private non-financial sector,A: All sectors,B: Credit-to-GDP trend (HP filter),2021-Q1,139.6036,E: End of period,1: One,770: Percentage of GDP,0: Units,,,A: Normal value,F: Free,
dataflow,BIS:WS_CREDIT_GAP(1.0): Credit-to-GDP gaps,I,Q: Quarterly,DE: Germany,P: Private non-financial sector,A: All sectors,B: Credit-to-GDP trend (HP filter),2021-Q2,140.0539,E: End of period,1: One,770: Percentage of GDP,0: Units,,,A: Normal value,F: Free,
dataflow,BIS:WS_CREDIT_GAP(1.0): Credit-to-GDP gaps,I,Q: Quarterly,DE: Germany,P: Private non-financial sector,A: All sectors,B: Credit-to-GDP trend (HP filter),2021-Q3,140.4549,E: End of period,1: One,770: Percentage of GDP,0: Units,,,A: Normal value,F: Free,
dataflow,BIS:WS_CREDIT_GAP(1.0): Credit-to-GDP gaps,I,Q: Quarterly,DE: Germany,P: Private non-financial sector,A: All sectors,B: Credit-to-GDP trend (HP filter),2021-Q4,140.8353,E: End of period,1: One,770: Percentage of GDP,0: Units,,,A: Normal value,F: Free,
dataflow,BIS:WS_CREDIT_GAP(1.0): Credit-to-GDP gaps,I,Q: Quarterly,DE: Germany,P: Private non-financial sector,A: All sectors,B: Credit-to-GDP trend (HP filter),2022-Q1,141.1644,E: End of period,1: One,770: Percentage of GDP,0: Units,,,A: Normal value,F: Free,
dataflow,BIS:WS_CREDIT_GAP(1.0): Credit-to-GDP gaps,I,Q: Quarterly,DE: Germany,P: Private non-financial sector,A: All sectors,B: Credit-to-GDP trend (HP filter),2022-Q2,141.4609,E: End of period,1: One,770: Percentage of GDP,0: Units,,,A: Normal value,F: Free,
dataflow,BIS:WS_CREDIT_GAP(1.0): Credit-to-GDP gaps,I,Q: Quarterly,DE: Germany,P: Private non-financial sector,A: All sectors,B: Credit-to-GDP trend (HP filter),2022-Q3,141.8206,E: End of period,1: One,770: Percentage of GDP,0: Units,,,A: Normal value,F: Free,
dataflow,BIS:WS_CREDIT_GAP(1.0): Credit-to-GDP gaps,I,Q: Quarterly,DE: Germany,P: Private non-financial sector,A: All sectors,B: Credit-to-GDP trend (HP filter),2022-Q4,142.0877,E: End of period,1: One,770: Percentage of GDP,0: Units,,,A: Normal value,F: Free,
dataflow,BIS:WS_CREDIT_GAP(1.0): Credit-to-GDP gaps,I,Q: Quarterly,DE: Germany,P: Private non-financial sector,A: All sectors,B: Credit-to-GDP trend (HP filter),2023-Q1,142.2318,E: End of period,1: One,770: Percentage of GDP,0: Units,,,A: Normal value,F: Free,
dataflow,BIS:WS_CREDIT_GAP(1.0): Credit-to-GDP gaps,I,Q: Quarterly,DE: Germany,P: Private non-financial sector,A: All sectors,B: Credit-to-GDP trend (HP filter),2023-Q2,142.2884,E: End of period,1: One,770: Percentage of GDP,0: Units,,,A: Normal value,F: Free,
dataflow,BIS:WS_CREDIT_GAP(1.0): Credit-to-GDP gaps,I,Q: Quarterly,DE: Germany,P: Private non-financial sector,A: All sectors,B: Credit-to-GDP trend (HP filter),2023-Q3,142.2421,E: End of period,1: One,770: Percentage of GDP,0: Units,,,A: Normal value,F: Free,
dataflow,BIS:WS_CREDIT_GAP(1.0): Credit-to-GDP gaps,I,Q: Quarterly,DE: Germany,P: Private non-financial sector,A: All sectors,B: Credit-to-GDP trend (HP filter),2023-Q4,142.1281,E: End of period,1: One,770: Percentage of GDP,0: Units,,,A: Normal value,F: Free,
dataflow,BIS:WS_CREDIT_GAP(1.0): Credit-to-GDP gaps,I,Q: Quarterly,DE: Germany,P: Private non-financial sector,A: All sectors,B: Credit-to-GDP trend (HP filter),2024-Q1,141.9769,E: End of period,1: One,770: Percentage of GDP,0: Units,,,A: Normal value,F: Free,
dataflow,BIS:WS_CREDIT_GAP(1.0): Credit-to-GDP gaps,I,Q: Quarterly,DE: Germany,P: Private non-financial sector,A: All sectors,B: Credit-to-GDP trend (HP filter),2024-Q2,141.8101,E: End of period,1: One,770: Percentage of GDP,0: Units,,,A: Normal value,F: Free,
dataflow,BIS:WS_CREDIT_GAP(1.0): Credit-to-GDP gaps,I,Q: Quarterly,DE: Germany,P: Private non-financial sector,A: All sectors,B: Credit-to-GDP trend (HP filter),2024-Q3,141.6477,E: End of period,1: One,770: Percentage of GDP,0: Units,,,A: Normal value,F: Free,
dataflow,BIS:WS_CREDIT_GAP(1.0): Credit-to-GDP gaps,I,Q: Quarterly,DE: Germany,P: Private non-financial sector,A: All sectors,B: Credit-to-GDP trend (HP filter),2024-Q4,141.4461,E: End of period,1: One,770: Percentage of GDP,0: Units,,,A: Normal value,F: Free,
dataflow,BIS:WS_CREDIT_GAP(1.0): Credit-to-GDP gaps,I,Q: Quarterly,DE: Germany,P: Private non-financial sector,A: All sectors,B: Credit-to-GDP trend (HP filter),2025-Q1,141.2815,E: End of period,1: One,770: Percentage of GDP,0: Units,,,A: Normal value,F: Free,
dataflow,BIS:WS_CREDIT_GAP(1.0): Credit-to-GDP gaps,I,Q: Quarterly,DE: Germany,P: Private non-financial sector,A: All sectors,B: Credit-to-GDP trend (HP filter),2025-Q2,141.0956,E: End of period,1: One,770: Percentage of GDP,0: Units,,,A: Normal value,F: Free,
dataflow,BIS:WS_CREDIT_GAP(1.0): Credit-to-GDP gaps,I,Q: Quarterly,DE: Germany,P: Private non-financial sector,A: All sectors,B: Credit-to-GDP trend (HP filter),2025-Q3,140.9014,E: End of period,1: One,770: Percentage of GDP,0: Units,,,A: Normal value,F: Free,
dataflow,BIS:WS_CREDIT_GAP(1.0): Credit-to-GDP gaps,I,Q: Quarterly,DE: Germany,P: Private non-financial sector,A: All sectors,B: Credit-to-GDP trend (HP filter),2025-Q4,140.6639,E: End of period,1: One,770: Percentage of GDP,0: Units,,,A: Normal value,F: Free,
dataflow,BIS:WS_CREDIT_GAP(1.0): Credit-to-GDP gaps,I,Q: Quarterly,DE: Germany,P: Private non-financial sector,A: All sectors,C: Credit-to-GDP gaps (actual-trend),1970-Q4,-1.9975,E: End of period,1: One,770: Percentage of GDP,0: Units,,,A: Normal value,F: Free,
dataflow,BIS:WS_CREDIT_GAP(1.0): Credit-to-GDP gaps,I,Q: Quarterly,DE: Germany,P: Private non-financial sector,A: All sectors,C: Credit-to-GDP gaps (actual-trend),1971-Q1,-3.5834,E: End of period,1: One,770: Percentage of GDP,0: Units,,,A: Normal value,F: Free,
dataflow,BIS:WS_CREDIT_GAP(1.0): Credit-to-GDP gaps,I,Q: Quarterly,DE: Germany,P: Private non-financial sector,A: All sectors,C: Credit-to-GDP gaps (actual-trend),1971-Q2,-3.3641,E: End of period,1: One,770: Percentage of GDP,0: Units,,,A: Normal value,F: Free,
dataflow,BIS:WS_CREDIT_GAP(1.0): Credit-to-GDP gaps,I,Q: Quarterly,DE: Germany,P: Private non-financial sector,A: All sectors,C: Credit-to-GDP gaps (actual-trend),1971-Q3,-2.8209,E: End of period,1: One,770: Percentage of GDP,0: Units,,,A: Normal value,F: Free,
dataflow,BIS:WS_CREDIT_GAP(1.0): Credit-to-GDP gaps,I,Q: Quarterly,DE: Germany,P: Private non-financial sector,A: All sectors,C: Credit-to-GDP gaps (actual-trend),1971-Q4,-1.296,E: End of period,1: One,770: Percentage of GDP,0: Units,,,A: Normal value,F: Free,
dataflow,BIS:WS_CREDIT_GAP(1.0): Credit-to-GDP gaps,I,Q: Quarterly,DE: Germany,P: Private non-financial sector,A: All sectors,C: Credit-to-GDP gaps (actual-trend),1972-Q1,-1.8659,E: End of period,1: One,770: Percentage of GDP,0: Units,,,A: Normal value,F: Free,
dataflow,BIS:WS_CREDIT_GAP(1.0): Credit-to-GDP gaps,I,Q: Quarterly,DE: Germany,P: Private non-financial sector,A: All sectors,C: Credit-to-GDP gaps (actual-trend),1972-Q2,-0.9001,E: End of period,1: One,770: Percentage of GDP,0: Units,,,A: Normal value,F: Free,
dataflow,BIS:WS_CREDIT_GAP(1.0): Credit-to-GDP gaps,I,Q: Quarterly,DE: Germany,P: Private non-financial sector,A: All sectors,C: Credit-to-GDP gaps (actual-trend),1972-Q3,-1.1527,E: End of period,1: One,770: Percentage of GDP,0: Units,,,A: Normal value,F: Free,
dataflow,BIS:WS_CREDIT_GAP(1.0): Credit-to-GDP gaps,I,Q: Quarterly,DE: Germany,P: Private non-financial sector,A: All sectors,C: Credit-to-GDP gaps (actual-trend),1972-Q4,0.4037,E: End of period,1: One,770: Percentage of GDP,0: Units,,,A: Normal value,F: Free,
dataflow,BIS:WS_CREDIT_GAP(1.0): Credit-to-GDP gaps,I,Q: Quarterly,DE: Germany,P: Private non-financial sector,A: All sectors,C: Credit-to-GDP gaps (actual-trend),1973-Q1,0.0457,E: End of period,1: One,770: Percentage of GDP,0: Units,,,A: Normal value,F: Free,
dataflow,BIS:WS_CREDIT_GAP(1.0): Credit-to-GDP gaps,I,Q: Quarterly,DE: Germany,P: Private non-financial sector,A: All sectors,C: Credit-to-GDP gaps (actual-trend),1973-Q2,-0.0974,E: End of period,1: One,770: Percentage of GDP,0: Units,,,A: Normal value,F: Free,
dataflow,BIS:WS_CREDIT_GAP(1.0): Credit-to-GDP gaps,I,Q: Quarterly,DE: Germany,P: Private non-financial sector,A: All sectors,C: Credit-to-GDP gaps (actual-trend),1973-Q3,-0.6614,E: End of period,1: One,770: Percentage of GDP,0: Units,,,A: Normal value,F: Free,
dataflow,BIS:WS_CREDIT_GAP(1.0): Credit-to-GDP gaps,I,Q: Quarterly,DE: Germany,P: Private non-financial sector,A: All sectors,C: Credit-to-GDP gaps (actual-trend),1973-Q4,-0.5216,E: End of period,1: One,770: Percentage of GDP,0: Units,,,A: Normal value,F: Free,
dataflow,BIS:WS_CREDIT_GAP(1.0): Credit-to-GDP gaps,I,Q: Quarterly,DE: Germany,P: Private non-financial sector,A: All sectors,C: Credit-to-GDP gaps (actual-trend),1974-Q1,-1.3201,E: End of period,1: One,770: Percentage of GDP,0: Units,,,A: Normal value,F: Free,
dataflow,BIS:WS_CREDIT_GAP(1.0): Credit-to-GDP gaps,I,Q: Quarterly,DE: Germany,P: Private non-financial sector,A: All sectors,C: Credit-to-GDP gaps (actual-trend),1974-Q2,-1.2311,E: End of period,1: One,770: Percentage of GDP,0: Units,,,A: Normal value,F: Free,
dataflow,BIS:WS_CREDIT_GAP(1.0): Credit-to-GDP gaps,I,Q: Quarterly,DE: Germany,P: Private non-financial sector,A: All sectors,C: Credit-to-GDP gaps (actual-trend),1974-Q3,-1.6361,E: End of period,1: One,770: Percentage of GDP,0: Units,,,A: Normal value,F: Free,
dataflow,BIS:WS_CREDIT_GAP(1.0): Credit-to-GDP gaps,I,Q: Quarterly,DE: Germany,P: Private non-financial sector,A: All sectors,C: Credit-to-GDP gaps (actual-trend),1974-Q4,-1.3962,E: End of period,1: One,770: Percentage of GDP,0: Units,,,A: Normal value,F: Free,
dataflow,BIS:WS_CREDIT_GAP(1.0): Credit-to-GDP gaps,I,Q: Quarterly,DE: Germany,P: Private non-financial sector,A: All sectors,C: Credit-to-GDP gaps (actual-trend),1975-Q1,-2.4385,E: End of period,1: One,770: Percentage of GDP,0: Units,,,A: Normal value,F: Free,
dataflow,BIS:WS_CREDIT_GAP(1.0): Credit-to-GDP gaps,I,Q: Quarterly,DE: Germany,P: Private non-financial sector,A: All sectors,C: Credit-to-GDP gaps (actual-trend),1975-Q2,-2.2534,E: End of period,1: One,770: Percentage of GDP,0: Units,,,A: Normal value,F: Free,
dataflow,BIS:WS_CREDIT_GAP(1.0): Credit-to-GDP gaps,I,Q: Quarterly,DE: Germany,P: Private non-financial sector,A: All sectors,C: Credit-to-GDP gaps (actual-trend),1975-Q3,-2.3513,E: End of period,1: One,770: Percentage of GDP,0: Units,,,A: Normal value,F: Free,
dataflow,BIS:WS_CREDIT_GAP(1.0): Credit-to-GDP gaps,I,Q: Quarterly,DE: Germany,P: Private non-financial sector,A: All sectors,C: Credit-to-GDP gaps (actual-trend),1975-Q4,-0.8767,E: End of period,1: One,770: Percentage of GDP,0: Units,,,A: Normal value,F: Free,
dataflow,BIS:WS_CREDIT_GAP(1.0): Credit-to-GDP gaps,I,Q: Quarterly,DE: Germany,P: Private non-financial sector,A: All sectors,C: Credit-to-GDP gaps (actual-trend),1976-Q1,-2.5425,E: End of period,1: One,770: Percentage of GDP,0: Units,,,A: Normal value,F: Free,
dataflow,BIS:WS_CREDIT_GAP(1.0): Credit-to-GDP gaps,I,Q: Quarterly,DE: Germany,P: Private non-financial sector,A: All sectors,C: Credit-to-GDP gaps (actual-trend),1976-Q2,-2.537,E: End of period,1: One,770: Percentage of GDP,0: Units,,,A: Normal value,F: Free,
dataflow,BIS:WS_CREDIT_GAP(1.0): Credit-to-GDP gaps,I,Q: Quarterly,DE: Germany,P: Private non-financial sector,A: All sectors,C: Credit-to-GDP gaps (actual-trend),1976-Q3,-2.9949,E: End of period,1: One,770: Percentage of GDP,0: Units,,,A: Normal value,F: Free,
dataflow,BIS:WS_CREDIT_GAP(1.0): Credit-to-GDP gaps,I,Q: Quarterly,DE: Germany,P: Private non-financial sector,A: All sectors,C: Credit-to-GDP gaps (actual-trend),1976-Q4,-2.2055,E: End of period,1: One,770: Percentage of GDP,0: Units,,,A: Normal value,F: Free,
dataflow,BIS:WS_CREDIT_GAP(1.0): Credit-to-GDP gaps,I,Q: Quarterly,DE: Germany,P: Private non-financial sector,A: All sectors,C: Credit-to-GDP gaps (actual-trend),1977-Q1,-3.6093,E: End of period,1: One,770: Percentage of GDP,0: Units,,,A: Normal value,F: Free,
dataflow,BIS:WS_CREDIT_GAP(1.0): Credit-to-GDP gaps,I,Q: Quarterly,DE: Germany,P: Private non-financial sector,A: All sectors,C: Credit-to-GDP gaps (actual-trend),1977-Q2,-2.964,E: End of period,1: One,770: Percentage of GDP,0: Units,,,A: Normal value,F: Free,
dataflow,BIS:WS_CREDIT_GAP(1.0): Credit-to-GDP gaps,I,Q: Quarterly,DE: Germany,P: Private non-financial sector,A: All sectors,C: Credit-to-GDP gaps (actual-trend),1977-Q3,-2.965,E: End of period,1: One,770: Percentage of GDP,0: Units,,,A: Normal value,F: Free,
dataflow,BIS:WS_CREDIT_GAP(1.0): Credit-to-GDP gaps,I,Q: Quarterly,DE: Germany,P: Private non-financial sector,A: All sectors,C: Credit-to-GDP gaps (actual-trend),1977-Q4,-1.7704,E: End of period,1: One,770: Percentage of GDP,0: Units,,,A: Normal value,F: Free,
dataflow,BIS:WS_CREDIT_GAP(1.0): Credit-to-GDP gaps,I,Q: Quarterly,DE: Germany,P: Private non-financial sector,A: All sectors,C: Credit-to-GDP gaps (actual-trend),1978-Q1,-3.6435,E: End of period,1: One,770: Percentage of GDP,0: Units,,,A: Normal value,F: Free,
dataflow,BIS:WS_CREDIT_GAP(1.0): Credit-to-GDP gaps,I,Q: Quarterly,DE: Germany,P: Private non-financial sector,A: All sectors,C: Credit-to-GDP gaps (actual-trend),1978-Q2,-2.9727,E: End of period,1: One,770: Percentage of GDP,0: Units,,,A: Normal value,F: Free,
dataflow,BIS:WS_CREDIT_GAP(1.0): Credit-to-GDP gaps,I,Q: Quarterly,DE: Germany,P: Private non-financial sector,A: All sectors,C: Credit-to-GDP gaps (actual-trend),1978-Q3,-3.2001,E: End of period,1: One,770: Percentage of GDP,0: Units,,,A: Normal value,F: Free,
dataflow,BIS:WS_CREDIT_GAP(1.0): Credit-to-GDP gaps,I,Q: Quarterly,DE: Germany,P: Private non-financial sector,A: All sectors,C: Credit-to-GDP gaps (actual-trend),1978-Q4,-1.6479,E: End of period,1: One,770: Percentage of GDP,0: Units,,,A: Normal value,F: Free,
dataflow,BIS:WS_CREDIT_GAP(1.0): Credit-to-GDP gaps,I,Q: Quarterly,DE: Germany,P: Private non-financial sector,A: All sectors,C: Credit-to-GDP gaps (actual-trend),1979-Q1,-2.3704,E: End of period,1: One,770: Percentage of GDP,0: Units,,,A: Normal value,F: Free,
dataflow,BIS:WS_CREDIT_GAP(1.0): Credit-to-GDP gaps,I,Q: Quarterly,DE: Germany,P: Private non-financial sector,A: All sectors,C: Credit-to-GDP gaps (actual-trend),1979-Q2,-1.7035,E: End of period,1: One,770: Percentage of GDP,0: Units,,,A: Normal value,F: Free,
dataflow,BIS:WS_CREDIT_GAP(1.0): Credit-to-GDP gaps,I,Q: Quarterly,DE: Germany,P: Private non-financial sector,A: All sectors,C: Credit-to-GDP gaps (actual-trend),1979-Q3,-2.192,E: End of period,1: One,770: Percentage of GDP,0: Units,,,A: Normal value,F: Free,
dataflow,BIS:WS_CREDIT_GAP(1.0): Credit-to-GDP gaps,I,Q: Quarterly,DE: Germany,P: Private non-financial sector,A: All sectors,C: Credit-to-GDP gaps (actual-trend),1979-Q4,-1.0361,E: End of period,1: One,770: Percentage of GDP,0: Units,,,A: Normal value,F: Free,
dataflow,BIS:WS_CREDIT_GAP(1.0): Credit-to-GDP gaps,I,Q: Quarterly,DE: Germany,P: Private non-financial sector,A: All sectors,C: Credit-to-GDP gaps (actual-trend),1980-Q1,-2.6117,E: End of period,1: One,770: Percentage of GDP,0: Units,,,A: Normal value,F: Free,
dataflow,BIS:WS_CREDIT_GAP(1.0): Credit-to-GDP gaps,I,Q: Quarterly,DE: Germany,P: Private non-financial sector,A: All sectors,C: Credit-to-GDP gaps (actual-trend),1980-Q2,-1.591,E: End of period,1: One,770: Percentage of GDP,0: Units,,,A: Normal value,F: Free,
dataflow,BIS:WS_CREDIT_GAP(1.0): Credit-to-GDP gaps,I,Q: Quarterly,DE: Germany,P: Private non-financial sector,A: All sectors,C: Credit-to-GDP gaps (actual-trend),1980-Q3,-1.43,E: End of period,1: One,770: Percentage of GDP,0: Units,,,A: Normal value,F: Free,
dataflow,BIS:WS_CREDIT_GAP(1.0): Credit-to-GDP gaps,I,Q: Quarterly,DE: Germany,P: Private non-financial sector,A: All sectors,C: Credit-to-GDP gaps (actual-trend),1980-Q4,1.4372,E: End of period,1: One,770: Percentage of GDP,0: Units,,,A: Normal value,F: Free,
dataflow,BIS:WS_CREDIT_GAP(1.0): Credit-to-GDP gaps,I,Q: Quarterly,DE: Germany,P: Private non-financial sector,A: All sectors,C: Credit-to-GDP gaps (actual-trend),1981-Q1,1.8397,E: End of period,1: One,770: Percentage of GDP,0: Units,,,A: Normal value,F: Free,
dataflow,BIS:WS_CREDIT_GAP(1.0): Credit-to-GDP gaps,I,Q: Quarterly,DE: Germany,P: Private non-financial sector,A: All sectors,C: Credit-to-GDP gaps (actual-trend),1981-Q2,2.6877,E: End of period,1: One,770: Percentage of GDP,0: Units,,,A: Normal value,F: Free,
dataflow,BIS:WS_CREDIT_GAP(1.0): Credit-to-GDP gaps,I,Q: Quarterly,DE: Germany,P: Private non-financial sector,A: All sectors,C: Credit-to-GDP gaps (actual-trend),1981-Q3,2.6586,E: End of period,1: One,770: Percentage of GDP,0: Units,,,A: Normal value,F: Free,
dataflow,BIS:WS_CREDIT_GAP(1.0): Credit-to-GDP gaps,I,Q: Quarterly,DE: Germany,P: Private non-financial sector,A: All sectors,C: Credit-to-GDP gaps (actual-trend),1981-Q4,3.2567,E: End of period,1: One,770: Percentage of GDP,0: Units,,,A: Normal value,F: Free,
dataflow,BIS:WS_CREDIT_GAP(1.0): Credit-to-GDP gaps,I,Q: Quarterly,DE: Germany,P: Private non-financial sector,A: All sectors,C: Credit-to-GDP gaps (actual-trend),1982-Q1,1.6779,E: End of period,1: One,770: Percentage of GDP,0: Units,,,A: Normal value,F: Free,
dataflow,BIS:WS_CREDIT_GAP(1.0): Credit-to-GDP gaps,I,Q: Quarterly,DE: Germany,P: Private non-financial sector,A: All sectors,C: Credit-to-GDP gaps (actual-trend),1982-Q2,2.1085,E: End of period,1: One,770: Percentage of GDP,0: Units,,,A: Normal value,F: Free,
dataflow,BIS:WS_CREDIT_GAP(1.0): Credit-to-GDP gaps,I,Q: Quarterly,DE: Germany,P: Private non-financial sector,A: All sectors,C: Credit-to-GDP gaps (actual-trend),1982-Q3,2.5458,E: End of period,1: One,770: Percentage of GDP,0: Units,,,A: Normal value,F: Free,
dataflow,BIS:WS_CREDIT_GAP(1.0): Credit-to-GDP gaps,I,Q: Quarterly,DE: Germany,P: Private non-financial sector,A: All sectors,C: Credit-to-GDP gaps (actual-trend),1982-Q4,3.839,E: End of period,1: One,770: Percentage of GDP,0: Units,,,A: Normal value,F: Free,
dataflow,BIS:WS_CREDIT_GAP(1.0): Credit-to-GDP gaps,I,Q: Quarterly,DE: Germany,P: Private non-financial sector,A: All sectors,C: Credit-to-GDP gaps (actual-trend),1983-Q1,1.6756,E: End of period,1: One,770: Percentage of GDP,0: Units,,,A: Normal value,F: Free,
dataflow,BIS:WS_CREDIT_GAP(1.0): Credit-to-GDP gaps,I,Q: Quarterly,DE: Germany,P: Private non-financial sector,A: All sectors,C: Credit-to-GDP gaps (actual-trend),1983-Q2,2.1749,E: End of period,1: One,770: Percentage of GDP,0: Units,,,A: Normal value,F: Free,
dataflow,BIS:WS_CREDIT_GAP(1.0): Credit-to-GDP gaps,I,Q: Quarterly,DE: Germany,P: Private non-financial sector,A: All sectors,C: Credit-to-GDP gaps (actual-trend),1983-Q3,1.9986,E: End of period,1: One,770: Percentage of GDP,0: Units,,,A: Normal value,F: Free,
dataflow,BIS:WS_CREDIT_GAP(1.0): Credit-to-GDP gaps,I,Q: Quarterly,DE: Germany,P: Private non-financial sector,A: All sectors,C: Credit-to-GDP gaps (actual-trend),1983-Q4,2.4549,E: End of period,1: One,770: Percentage of GDP,0: Units,,,A: Normal value,F: Free,
dataflow,BIS:WS_CREDIT_GAP(1.0): Credit-to-GDP gaps,I,Q: Quarterly,DE: Germany,P: Private non-financial sector,A: All sectors,C: Credit-to-GDP gaps (actual-trend),1984-Q1,0.4503,E: End of period,1: One,770: Percentage of GDP,0: Units,,,A: Normal value,F: Free,
dataflow,BIS:WS_CREDIT_GAP(1.0): Credit-to-GDP gaps,I,Q: Quarterly,DE: Germany,P: Private non-financial sector,A: All sectors,C: Credit-to-GDP gaps (actual-trend),1984-Q2,0.8219,E: End of period,1: One,770: Percentage of GDP,0: Units,,,A: Normal value,F: Free,
dataflow,BIS:WS_CREDIT_GAP(1.0): Credit-to-GDP gaps,I,Q: Quarterly,DE: Germany,P: Private non-financial sector,A: All sectors,C: Credit-to-GDP gaps (actual-trend),1984-Q3,0.5284,E: End of period,1: One,770: Percentage of GDP,0: Units,,,A: Normal value,F: Free,
dataflow,BIS:WS_CREDIT_GAP(1.0): Credit-to-GDP gaps,I,Q: Quarterly,DE: Germany,P: Private non-financial sector,A: All sectors,C: Credit-to-GDP gaps (actual-trend),1984-Q4,1.109,E: End of period,1: One,770: Percentage of GDP,0: Units,,,A: Normal value,F: Free,
dataflow,BIS:WS_CREDIT_GAP(1.0): Credit-to-GDP gaps,I,Q: Quarterly,DE: Germany,P: Private non-financial sector,A: All sectors,C: Credit-to-GDP gaps (actual-trend),1985-Q1,0.5091,E: End of period,1: One,770: Percentage of GDP,0: Units,,,A: Normal value,F: Free,
dataflow,BIS:WS_CREDIT_GAP(1.0): Credit-to-GDP gaps,I,Q: Quarterly,DE: Germany,P: Private non-financial sector,A: All sectors,C: Credit-to-GDP gaps (actual-trend),1985-Q2,-0.0597,E: End of period,1: One,770: Percentage of GDP,0: Units,,,A: Normal value,F: Free,
dataflow,BIS:WS_CREDIT_GAP(1.0): Credit-to-GDP gaps,I,Q: Quarterly,DE: Germany,P: Private non-financial sector,A: All sectors,C: Credit-to-GDP gaps (actual-trend),1985-Q3,-1.3561,E: End of period,1: One,770: Percentage of GDP,0: Units,,,A: Normal value,F: Free,
dataflow,BIS:WS_CREDIT_GAP(1.0): Credit-to-GDP gaps,I,Q: Quarterly,DE: Germany,P: Private non-financial sector,A: All sectors,C: Credit-to-GDP gaps (actual-trend),1985-Q4,-0.3892,E: End of period,1: One,770: Percentage of GDP,0: Units,,,A: Normal value,F: Free,
dataflow,BIS:WS_CREDIT_GAP(1.0): Credit-to-GDP gaps,I,Q: Quarterly,DE: Germany,P: Private non-financial sector,A: All sectors,C: Credit-to-GDP gaps (actual-trend),1986-Q1,-2.158,E: End of period,1: One,770: Percentage of GDP,0: Units,,,A: Normal value,F: Free,
dataflow,BIS:WS_CREDIT_GAP(1.0): Credit-to-GDP gaps,I,Q: Quarterly,DE: Germany,P: Private non-financial sector,A: All sectors,C: Credit-to-GDP gaps (actual-trend),1986-Q2,-2.6232,E: End of period,1: One,770: Percentage of GDP,0: Units,,,A: Normal value,F: Free,
dataflow,BIS:WS_CREDIT_GAP(1.0): Credit-to-GDP gaps,I,Q: Quarterly,DE: Germany,P: Private non-financial sector,A: All sectors,C: Credit-to-GDP gaps (actual-trend),1986-Q3,-3.7465,E: End of period,1: One,770: Percentage of GDP,0: Units,,,A: Normal value,F: Free,
dataflow,BIS:WS_CREDIT_GAP(1.0): Credit-to-GDP gaps,I,Q: Quarterly,DE: Germany,P: Private non-financial sector,A: All sectors,C: Credit-to-GDP gaps (actual-trend),1986-Q4,-4.0612,E: End of period,1: One,770: Percentage of GDP,0: Units,,,A: Normal value,F: Free,
dataflow,BIS:WS_CREDIT_GAP(1.0): Credit-to-GDP gaps,I,Q: Quarterly,DE: Germany,P: Private non-financial sector,A: All sectors,C: Credit-to-GDP gaps (actual-trend),1987-Q1,-5.3602,E: End of period,1: One,770: Percentage of GDP,0: Units,,,A: Normal value,F: Free,
dataflow,BIS:WS_CREDIT_GAP(1.0): Credit-to-GDP gaps,I,Q: Quarterly,DE: Germany,P: Private non-financial sector,A: All sectors,C: Credit-to-GDP gaps (actual-trend),1987-Q2,-5.648,E: End of period,1: One,770: Percentage of GDP,0: Units,,,A: Normal value,F: Free,
dataflow,BIS:WS_CREDIT_GAP(1.0): Credit-to-GDP gaps,I,Q: Quarterly,DE: Germany,P: Private non-financial sector,A: All sectors,C: Credit-to-GDP gaps (actual-trend),1987-Q3,-4.8744,E: End of period,1: One,770: Percentage of GDP,0: Units,,,A: Normal value,F: Free,
dataflow,BIS:WS_CREDIT_GAP(1.0): Credit-to-GDP gaps,I,Q: Quarterly,DE: Germany,P: Private non-financial sector,A: All sectors,C: Credit-to-GDP gaps (actual-trend),1987-Q4,-4.5914,E: End of period,1: One,770: Percentage of GDP,0: Units,,,A: Normal value,F: Free,
dataflow,BIS:WS_CREDIT_GAP(1.0): Credit-to-GDP gaps,I,Q: Quarterly,DE: Germany,P: Private non-financial sector,A: All sectors,C: Credit-to-GDP gaps (actual-trend),1988-Q1,-5.9507,E: End of period,1: One,770: Percentage of GDP,0: Units,,,A: Normal value,F: Free,
dataflow,BIS:WS_CREDIT_GAP(1.0): Credit-to-GDP gaps,I,Q: Quarterly,DE: Germany,P: Private non-financial sector,A: All sectors,C: Credit-to-GDP gaps (actual-trend),1988-Q2,-5.6406,E: End of period,1: One,770: Percentage of GDP,0: Units,,,A: Normal value,F: Free,
dataflow,BIS:WS_CREDIT_GAP(1.0): Credit-to-GDP gaps,I,Q: Quarterly,DE: Germany,P: Private non-financial sector,A: All sectors,C: Credit-to-GDP gaps (actual-trend),1988-Q3,-6.0229,E: End of period,1: One,770: Percentage of GDP,0: Units,,,A: Normal value,F: Free,
dataflow,BIS:WS_CREDIT_GAP(1.0): Credit-to-GDP gaps,I,Q: Quarterly,DE: Germany,P: Private non-financial sector,A: All sectors,C: Credit-to-GDP gaps (actual-trend),1988-Q4,-5.375,E: End of period,1: One,770: Percentage of GDP,0: Units,,,A: Normal value,F: Free,
dataflow,BIS:WS_CREDIT_GAP(1.0): Credit-to-GDP gaps,I,Q: Quarterly,DE: Germany,P: Private non-financial sector,A: All sectors,C: Credit-to-GDP gaps (actual-trend),1989-Q1,-6.4932,E: End of period,1: One,770: Percentage of GDP,0: Units,,,A: Normal value,F: Free,
dataflow,BIS:WS_CREDIT_GAP(1.0): Credit-to-GDP gaps,I,Q: Quarterly,DE: Germany,P: Private non-financial sector,A: All sectors,C: Credit-to-GDP gaps (actual-trend),1989-Q2,-6.1875,E: End of period,1: One,770: Percentage of GDP,0: Units,,,A: Normal value,F: Free,
dataflow,BIS:WS_CREDIT_GAP(1.0): Credit-to-GDP gaps,I,Q: Quarterly,DE: Germany,P: Private non-financial sector,A: All sectors,C: Credit-to-GDP gaps (actual-trend),1989-Q3,-6.1596,E: End of period,1: One,770: Percentage of GDP,0: Units,,,A: Normal value,F: Free,
dataflow,BIS:WS_CREDIT_GAP(1.0): Credit-to-GDP gaps,I,Q: Quarterly,DE: Germany,P: Private non-financial sector,A: All sectors,C: Credit-to-GDP gaps (actual-trend),1989-Q4,-4.9951,E: End of period,1: One,770: Percentage of GDP,0: Units,,,A: Normal value,F: Free,
dataflow,BIS:WS_CREDIT_GAP(1.0): Credit-to-GDP gaps,I,Q: Quarterly,DE: Germany,P: Private non-financial sector,A: All sectors,C: Credit-to-GDP gaps (actual-trend),1990-Q1,-5.1094,E: End of period,1: One,770: Percentage of GDP,0: Units,,,A: Normal value,F: Free,
dataflow,BIS:WS_CREDIT_GAP(1.0): Credit-to-GDP gaps,I,Q: Quarterly,DE: Germany,P: Private non-financial sector,A: All sectors,C: Credit-to-GDP gaps (actual-trend),1990-Q2,-6.656,E: End of period,1: One,770: Percentage of GDP,0: Units,,,A: Normal value,F: Free,
dataflow,BIS:WS_CREDIT_GAP(1.0): Credit-to-GDP gaps,I,Q: Quarterly,DE: Germany,P: Private non-financial sector,A: All sectors,C: Credit-to-GDP gaps (actual-trend),1990-Q3,-7.0352,E: End of period,1: One,770: Percentage of GDP,0: Units,,,A: Normal value,F: Free,
dataflow,BIS:WS_CREDIT_GAP(1.0): Credit-to-GDP gaps,I,Q: Quarterly,DE: Germany,P: Private non-financial sector,A: All sectors,C: Credit-to-GDP gaps (actual-trend),1990-Q4,-6.4386,E: End of period,1: One,770: Percentage of GDP,0: Units,,,A: Normal value,F: Free,
dataflow,BIS:WS_CREDIT_GAP(1.0): Credit-to-GDP gaps,I,Q: Quarterly,DE: Germany,P: Private non-financial sector,A: All sectors,C: Credit-to-GDP gaps (actual-trend),1991-Q1,-7.5936,E: End of period,1: One,770: Percentage of GDP,0: Units,,,A: Normal value,F: Free,
dataflow,BIS:WS_CREDIT_GAP(1.0): Credit-to-GDP gaps,I,Q: Quarterly,DE: Germany,P: Private non-financial sector,A: All sectors,C: Credit-to-GDP gaps (actual-trend),1991-Q2,-7.2792,E: End of period,1: One,770: Percentage of GDP,0: Units,,,A: Normal value,F: Free,
dataflow,BIS:WS_CREDIT_GAP(1.0): Credit-to-GDP gaps,I,Q: Quarterly,DE: Germany,P: Private non-financial sector,A: All sectors,C: Credit-to-GDP gaps (actual-trend),1991-Q3,-5.7229,E: End of period,1: One,770: Percentage of GDP,0: Units,,,A: Normal value,F: Free,
dataflow,BIS:WS_CREDIT_GAP(1.0): Credit-to-GDP gaps,I,Q: Quarterly,DE: Germany,P: Private non-financial sector,A: All sectors,C: Credit-to-GDP gaps (actual-trend),1991-Q4,-5.05,E: End of period,1: One,770: Percentage of GDP,0: Units,,,A: Normal value,F: Free,
dataflow,BIS:WS_CREDIT_GAP(1.0): Credit-to-GDP gaps,I,Q: Quarterly,DE: Germany,P: Private non-financial sector,A: All sectors,C: Credit-to-GDP gaps (actual-trend),1992-Q1,-5.1067,E: End of period,1: One,770: Percentage of GDP,0: Units,,,A: Normal value,F: Free,
dataflow,BIS:WS_CREDIT_GAP(1.0): Credit-to-GDP gaps,I,Q: Quarterly,DE: Germany,P: Private non-financial sector,A: All sectors,C: Credit-to-GDP gaps (actual-trend),1992-Q2,-4.44,E: End of period,1: One,770: Percentage of GDP,0: Units,,,A: Normal value,F: Free,
dataflow,BIS:WS_CREDIT_GAP(1.0): Credit-to-GDP gaps,I,Q: Quarterly,DE: Germany,P: Private non-financial sector,A: All sectors,C: Credit-to-GDP gaps (actual-trend),1992-Q3,-4.2984,E: End of period,1: One,770: Percentage of GDP,0: Units,,,A: Normal value,F: Free,
dataflow,BIS:WS_CREDIT_GAP(1.0): Credit-to-GDP gaps,I,Q: Quarterly,DE: Germany,P: Private non-financial sector,A: All sectors,C: Credit-to-GDP gaps (actual-trend),1992-Q4,-4.459,E: End of period,1: One,770: Percentage of GDP,0: Units,,,A: Normal value,F: Free,
dataflow,BIS:WS_CREDIT_GAP(1.0): Credit-to-GDP gaps,I,Q: Quarterly,DE: Germany,P: Private non-financial sector,A: All sectors,C: Credit-to-GDP gaps (actual-trend),1993-Q1,-2.7379,E: End of period,1: One,770: Percentage of GDP,0: Units,,,A: Normal value,F: Free,
dataflow,BIS:WS_CREDIT_GAP(1.0): Credit-to-GDP gaps,I,Q: Quarterly,DE: Germany,P: Private non-financial sector,A: All sectors,C: Credit-to-GDP gaps (actual-trend),1993-Q2,-1.1599,E: End of period,1: One,770: Percentage of GDP,0: Units,,,A: Normal value,F: Free,
dataflow,BIS:WS_CREDIT_GAP(1.0): Credit-to-GDP gaps,I,Q: Quarterly,DE: Germany,P: Private non-financial sector,A: All sectors,C: Credit-to-GDP gaps (actual-trend),1993-Q3,0.379,E: End of period,1: One,770: Percentage of GDP,0: Units,,,A: Normal value,F: Free,
dataflow,BIS:WS_CREDIT_GAP(1.0): Credit-to-GDP gaps,I,Q: Quarterly,DE: Germany,P: Private non-financial sector,A: All sectors,C: Credit-to-GDP gaps (actual-trend),1993-Q4,2.7554,E: End of period,1: One,770: Percentage of GDP,0: Units,,,A: Normal value,F: Free,
dataflow,BIS:WS_CREDIT_GAP(1.0): Credit-to-GDP gaps,I,Q: Quarterly,DE: Germany,P: Private non-financial sector,A: All sectors,C: Credit-to-GDP gaps (actual-trend),1994-Q1,0.2326,E: End of period,1: One,770: Percentage of GDP,0: Units,,,A: Normal value,F: Free,
dataflow,BIS:WS_CREDIT_GAP(1.0): Credit-to-GDP gaps,I,Q: Quarterly,DE: Germany,P: Private non-financial sector,A: All sectors,C: Credit-to-GDP gaps (actual-trend),1994-Q2,0.6521,E: End of period,1: One,770: Percentage of GDP,0: Units,,,A: Normal value,F: Free,
dataflow,BIS:WS_CREDIT_GAP(1.0): Credit-to-GDP gaps,I,Q: Quarterly,DE: Germany,P: Private non-financial sector,A: All sectors,C: Credit-to-GDP gaps (actual-trend),1994-Q3,1.3985,E: End of period,1: One,770: Percentage of GDP,0: Units,,,A: Normal value,F: Free,
dataflow,BIS:WS_CREDIT_GAP(1.0): Credit-to-GDP gaps,I,Q: Quarterly,DE: Germany,P: Private non-financial sector,A: All sectors,C: Credit-to-GDP gaps (actual-trend),1994-Q4,2.2287,E: End of period,1: One,770: Percentage of GDP,0: Units,,,A: Normal value,F: Free,
dataflow,BIS:WS_CREDIT_GAP(1.0): Credit-to-GDP gaps,I,Q: Quarterly,DE: Germany,P: Private non-financial sector,A: All sectors,C: Credit-to-GDP gaps (actual-trend),1995-Q1,-1.6786,E: End of period,1: One,770: Percentage of GDP,0: Units,,,A: Normal value,F: Free,
dataflow,BIS:WS_CREDIT_GAP(1.0): Credit-to-GDP gaps,I,Q: Quarterly,DE: Germany,P: Private non-financial sector,A: All sectors,C: Credit-to-GDP gaps (actual-trend),1995-Q2,-0.5066,E: End of period,1: One,770: Percentage of GDP,0: Units,,,A: Normal value,F: Free,
dataflow,BIS:WS_CREDIT_GAP(1.0): Credit-to-GDP gaps,I,Q: Quarterly,DE: Germany,P: Private non-financial sector,A: All sectors,C: Credit-to-GDP gaps (actual-trend),1995-Q3,-0.3489,E: End of period,1: One,770: Percentage of GDP,0: Units,,,A: Normal value,F: Free,
dataflow,BIS:WS_CREDIT_GAP(1.0): Credit-to-GDP gaps,I,Q: Quarterly,DE: Germany,P: Private non-financial sector,A: All sectors,C: Credit-to-GDP gaps (actual-trend),1995-Q4,0.4083,E: End of period,1: One,770: Percentage of GDP,0: Units,,,A: Normal value,F: Free,
dataflow,BIS:WS_CREDIT_GAP(1.0): Credit-to-GDP gaps,I,Q: Quarterly,DE: Germany,P: Private non-financial sector,A: All sectors,C: Credit-to-GDP gaps (actual-trend),1996-Q1,0.9077,E: End of period,1: One,770: Percentage of GDP,0: Units,,,A: Normal value,F: Free,
dataflow,BIS:WS_CREDIT_GAP(1.0): Credit-to-GDP gaps,I,Q: Quarterly,DE: Germany,P: Private non-financial sector,A: All sectors,C: Credit-to-GDP gaps (actual-trend),1996-Q2,2.0217,E: End of period,1: One,770: Percentage of GDP,0: Units,,,A: Normal value,F: Free,
dataflow,BIS:WS_CREDIT_GAP(1.0): Credit-to-GDP gaps,I,Q: Quarterly,DE: Germany,P: Private non-financial sector,A: All sectors,C: Credit-to-GDP gaps (actual-trend),1996-Q3,2.73,E: End of period,1: One,770: Percentage of GDP,0: Units,,,A: Normal value,F: Free,
dataflow,BIS:WS_CREDIT_GAP(1.0): Credit-to-GDP gaps,I,Q: Quarterly,DE: Germany,P: Private non-financial sector,A: All sectors,C: Credit-to-GDP gaps (actual-trend),1996-Q4,3.8624,E: End of period,1: One,770: Percentage of GDP,0: Units,,,A: Normal value,F: Free,
dataflow,BIS:WS_CREDIT_GAP(1.0): Credit-to-GDP gaps,I,Q: Quarterly,DE: Germany,P: Private non-financial sector,A: All sectors,C: Credit-to-GDP gaps (actual-trend),1997-Q1,3.8536,E: End of period,1: One,770: Percentage of GDP,0: Units,,,A: Normal value,F: Free,
dataflow,BIS:WS_CREDIT_GAP(1.0): Credit-to-GDP gaps,I,Q: Quarterly,DE: Germany,P: Private non-financial sector,A: All sectors,C: Credit-to-GDP gaps (actual-trend),1997-Q2,4.3684,E: End of period,1: One,770: Percentage of GDP,0: Units,,,A: Normal value,F: Free,
dataflow,BIS:WS_CREDIT_GAP(1.0): Credit-to-GDP gaps,I,Q: Quarterly,DE: Germany,P: Private non-financial sector,A: All sectors,C: Credit-to-GDP gaps (actual-trend),1997-Q3,4.3647,E: End of period,1: One,770: Percentage of GDP,0: Units,,,A: Normal value,F: Free,
dataflow,BIS:WS_CREDIT_GAP(1.0): Credit-to-GDP gaps,I,Q: Quarterly,DE: Germany,P: Private non-financial sector,A: All sectors,C: Credit-to-GDP gaps (actual-trend),1997-Q4,4.9685,E: End of period,1: One,770: Percentage of GDP,0: Units,,,A: Normal value,F: Free,
dataflow,BIS:WS_CREDIT_GAP(1.0): Credit-to-GDP gaps,I,Q: Quarterly,DE: Germany,P: Private non-financial sector,A: All sectors,C: Credit-to-GDP gaps (actual-trend),1998-Q1,4.4473,E: End of period,1: One,770: Percentage of GDP,0: Units,,,A: Normal value,F: Free,
dataflow,BIS:WS_CREDIT_GAP(1.0): Credit-to-GDP gaps,I,Q: Quarterly,DE: Germany,P: Private non-financial sector,A: All sectors,C: Credit-to-GDP gaps (actual-trend),1998-Q2,4.5266,E: End of period,1: One,770: Percentage of GDP,0: Units,,,A: Normal value,F: Free,
dataflow,BIS:WS_CREDIT_GAP(1.0): Credit-to-GDP gaps,I,Q: Quarterly,DE: Germany,P: Private non-financial sector,A: All sectors,C: Credit-to-GDP gaps (actual-trend),1998-Q3,5.1804,E: End of period,1: One,770: Percentage of GDP,0: Units,,,A: Normal value,F: Free,
dataflow,BIS:WS_CREDIT_GAP(1.0): Credit-to-GDP gaps,I,Q: Quarterly,DE: Germany,P: Private non-financial sector,A: All sectors,C: Credit-to-GDP gaps (actual-trend),1998-Q4,6.9665,E: End of period,1: One,770: Percentage of GDP,0: Units,,,A: Normal value,F: Free,
dataflow,BIS:WS_CREDIT_GAP(1.0): Credit-to-GDP gaps,I,Q: Quarterly,DE: Germany,P: Private non-financial sector,A: All sectors,C: Credit-to-GDP gaps (actual-trend),1999-Q1,3.8857,E: End of period,1: One,770: Percentage of GDP,0: Units,,,A: Normal value,F: Free,
dataflow,BIS:WS_CREDIT_GAP(1.0): Credit-to-GDP gaps,I,Q: Quarterly,DE: Germany,P: Private non-financial sector,A: All sectors,C: Credit-to-GDP gaps (actual-trend),1999-Q2,5.4053,E: End of period,1: One,770: Percentage of GDP,0: Units,,,A: Normal value,F: Free,
dataflow,BIS:WS_CREDIT_GAP(1.0): Credit-to-GDP gaps,I,Q: Quarterly,DE: Germany,P: Private non-financial sector,A: All sectors,C: Credit-to-GDP gaps (actual-trend),1999-Q3,6.1097,E: End of period,1: One,770: Percentage of GDP,0: Units,,,A: Normal value,F: Free,
dataflow,BIS:WS_CREDIT_GAP(1.0): Credit-to-GDP gaps,I,Q: Quarterly,DE: Germany,P: Private non-financial sector,A: All sectors,C: Credit-to-GDP gaps (actual-trend),1999-Q4,8.7887,E: End of period,1: One,770: Percentage of GDP,0: Units,,,A: Normal value,F: Free,
dataflow,BIS:WS_CREDIT_GAP(1.0): Credit-to-GDP gaps,I,Q: Quarterly,DE: Germany,P: Private non-financial sector,A: All sectors,C: Credit-to-GDP gaps (actual-trend),2000-Q1,10.2245,E: End of period,1: One,770: Percentage of GDP,0: Units,,,A: Normal value,F: Free,
dataflow,BIS:WS_CREDIT_GAP(1.0): Credit-to-GDP gaps,I,Q: Quarterly,DE: Germany,P: Private non-financial sector,A: All sectors,C: Credit-to-GDP gaps (actual-trend),2000-Q2,11.8186,E: End of period,1: One,770: Percentage of GDP,0: Units,,,A: Normal value,F: Free,
dataflow,BIS:WS_CREDIT_GAP(1.0): Credit-to-GDP gaps,I,Q: Quarterly,DE: Germany,P: Private non-financial sector,A: All sectors,C: Credit-to-GDP gaps (actual-trend),2000-Q3,11.1914,E: End of period,1: One,770: Percentage of GDP,0: Units,,,A: Normal value,F: Free,
dataflow,BIS:WS_CREDIT_GAP(1.0): Credit-to-GDP gaps,I,Q: Quarterly,DE: Germany,P: Private non-financial sector,A: All sectors,C: Credit-to-GDP gaps (actual-trend),2000-Q4,15.7166,E: End of period,1: One,770: Percentage of GDP,0: Units,,,A: Normal value,F: Free,
dataflow,BIS:WS_CREDIT_GAP(1.0): Credit-to-GDP gaps,I,Q: Quarterly,DE: Germany,P: Private non-financial sector,A: All sectors,C: Credit-to-GDP gaps (actual-trend),2001-Q1,14.8883,E: End of period,1: One,770: Percentage of GDP,0: Units,,,A: Normal value,F: Free,
dataflow,BIS:WS_CREDIT_GAP(1.0): Credit-to-GDP gaps,I,Q: Quarterly,DE: Germany,P: Private non-financial sector,A: All sectors,C: Credit-to-GDP gaps (actual-trend),2001-Q2,14.0619,E: End of period,1: One,770: Percentage of GDP,0: Units,,,A: Normal value,F: Free,
dataflow,BIS:WS_CREDIT_GAP(1.0): Credit-to-GDP gaps,I,Q: Quarterly,DE: Germany,P: Private non-financial sector,A: All sectors,C: Credit-to-GDP gaps (actual-trend),2001-Q3,13.5592,E: End of period,1: One,770: Percentage of GDP,0: Units,,,A: Normal value,F: Free,
dataflow,BIS:WS_CREDIT_GAP(1.0): Credit-to-GDP gaps,I,Q: Quarterly,DE: Germany,P: Private non-financial sector,A: All sectors,C: Credit-to-GDP gaps (actual-trend),2001-Q4,11.9989,E: End of period,1: One,770: Percentage of GDP,0: Units,,,A: Normal value,F: Free,
dataflow,BIS:WS_CREDIT_GAP(1.0): Credit-to-GDP gaps,I,Q: Quarterly,DE: Germany,P: Private non-financial sector,A: All sectors,C: Credit-to-GDP gaps (actual-trend),2002-Q1,10.2656,E: End of period,1: One,770: Percentage of GDP,0: Units,,,A: Normal value,F: Free,
dataflow,BIS:WS_CREDIT_GAP(1.0): Credit-to-GDP gaps,I,Q: Quarterly,DE: Germany,P: Private non-financial sector,A: All sectors,C: Credit-to-GDP gaps (actual-trend),2002-Q2,11.0214,E: End of period,1: One,770: Percentage of GDP,0: Units,,,A: Normal value,F: Free,
dataflow,BIS:WS_CREDIT_GAP(1.0): Credit-to-GDP gaps,I,Q: Quarterly,DE: Germany,P: Private non-financial sector,A: All sectors,C: Credit-to-GDP gaps (actual-trend),2002-Q3,10.1732,E: End of period,1: One,770: Percentage of GDP,0: Units,,,A: Normal value,F: Free,
dataflow,BIS:WS_CREDIT_GAP(1.0): Credit-to-GDP gaps,I,Q: Quarterly,DE: Germany,P: Private non-financial sector,A: All sectors,C: Credit-to-GDP gaps (actual-trend),2002-Q4,9.8995,E: End of period,1: One,770: Percentage of GDP,0: Units,,,A: Normal value,F: Free,
dataflow,BIS:WS_CREDIT_GAP(1.0): Credit-to-GDP gaps,I,Q: Quarterly,DE: Germany,P: Private non-financial sector,A: All sectors,C: Credit-to-GDP gaps (actual-trend),2003-Q1,9.3077,E: End of period,1: One,770: Percentage of GDP,0: Units,,,A: Normal value,F: Free,
dataflow,BIS:WS_CREDIT_GAP(1.0): Credit-to-GDP gaps,I,Q: Quarterly,DE: Germany,P: Private non-financial sector,A: All sectors,C: Credit-to-GDP gaps (actual-trend),2003-Q2,9.305,E: End of period,1: One,770: Percentage of GDP,0: Units,,,A: Normal value,F: Free,
dataflow,BIS:WS_CREDIT_GAP(1.0): Credit-to-GDP gaps,I,Q: Quarterly,DE: Germany,P: Private non-financial sector,A: All sectors,C: Credit-to-GDP gaps (actual-trend),2003-Q3,8.2392,E: End of period,1: One,770: Percentage of GDP,0: Units,,,A: Normal value,F: Free,
dataflow,BIS:WS_CREDIT_GAP(1.0): Credit-to-GDP gaps,I,Q: Quarterly,DE: Germany,P: Private non-financial sector,A: All sectors,C: Credit-to-GDP gaps (actual-trend),2003-Q4,6.4635,E: End of period,1: One,770: Percentage of GDP,0: Units,,,A: Normal value,F: Free,
dataflow,BIS:WS_CREDIT_GAP(1.0): Credit-to-GDP gaps,I,Q: Quarterly,DE: Germany,P: Private non-financial sector,A: All sectors,C: Credit-to-GDP gaps (actual-trend),2004-Q1,2.4727,E: End of period,1: One,770: Percentage of GDP,0: Units,,,A: Normal value,F: Free,
dataflow,BIS:WS_CREDIT_GAP(1.0): Credit-to-GDP gaps,I,Q: Quarterly,DE: Germany,P: Private non-financial sector,A: All sectors,C: Credit-to-GDP gaps (actual-trend),2004-Q2,0.1474,E: End of period,1: One,770: Percentage of GDP,0: Units,,,A: Normal value,F: Free,
dataflow,BIS:WS_CREDIT_GAP(1.0): Credit-to-GDP gaps,I,Q: Quarterly,DE: Germany,P: Private non-financial sector,A: All sectors,C: Credit-to-GDP gaps (actual-trend),2004-Q3,-1.8484,E: End of period,1: One,770: Percentage of GDP,0: Units,,,A: Normal value,F: Free,
dataflow,BIS:WS_CREDIT_GAP(1.0): Credit-to-GDP gaps,I,Q: Quarterly,DE: Germany,P: Private non-financial sector,A: All sectors,C: Credit-to-GDP gaps (actual-trend),2004-Q4,-3.7068,E: End of period,1: One,770: Percentage of GDP,0: Units,,,A: Normal value,F: Free,
dataflow,BIS:WS_CREDIT_GAP(1.0): Credit-to-GDP gaps,I,Q: Quarterly,DE: Germany,P: Private non-financial sector,A: All sectors,C: Credit-to-GDP gaps (actual-trend),2005-Q1,-5.0599,E: End of period,1: One,770: Percentage of GDP,0: Units,,,A: Normal value,F: Free,
dataflow,BIS:WS_CREDIT_GAP(1.0): Credit-to-GDP gaps,I,Q: Quarterly,DE: Germany,P: Private non-financial sector,A: All sectors,C: Credit-to-GDP gaps (actual-trend),2005-Q2,-4.2593,E: End of period,1: One,770: Percentage of GDP,0: Units,,,A: Normal value,F: Free,
dataflow,BIS:WS_CREDIT_GAP(1.0): Credit-to-GDP gaps,I,Q: Quarterly,DE: Germany,P: Private non-financial sector,A: All sectors,C: Credit-to-GDP gaps (actual-trend),2005-Q3,-4.1069,E: End of period,1: One,770: Percentage of GDP,0: Units,,,A: Normal value,F: Free,
dataflow,BIS:WS_CREDIT_GAP(1.0): Credit-to-GDP gaps,I,Q: Quarterly,DE: Germany,P: Private non-financial sector,A: All sectors,C: Credit-to-GDP gaps (actual-trend),2005-Q4,-4.3281,E: End of period,1: One,770: Percentage of GDP,0: Units,,,A: Normal value,F: Free,
dataflow,BIS:WS_CREDIT_GAP(1.0): Credit-to-GDP gaps,I,Q: Quarterly,DE: Germany,P: Private non-financial sector,A: All sectors,C: Credit-to-GDP gaps (actual-trend),2006-Q1,-3.6576,E: End of period,1: One,770: Percentage of GDP,0: Units,,,A: Normal value,F: Free,
dataflow,BIS:WS_CREDIT_GAP(1.0): Credit-to-GDP gaps,I,Q: Quarterly,DE: Germany,P: Private non-financial sector,A: All sectors,C: Credit-to-GDP gaps (actual-trend),2006-Q2,-3.355,E: End of period,1: One,770: Percentage of GDP,0: Units,,,A: Normal value,F: Free,
dataflow,BIS:WS_CREDIT_GAP(1.0): Credit-to-GDP gaps,I,Q: Quarterly,DE: Germany,P: Private non-financial sector,A: All sectors,C: Credit-to-GDP gaps (actual-trend),2006-Q3,-3.8618,E: End of period,1: One,770: Percentage of GDP,0: Units,,,A: Normal value,F: Free,
dataflow,BIS:WS_CREDIT_GAP(1.0): Credit-to-GDP gaps,I,Q: Quarterly,DE: Germany,P: Private non-financial sector,A: All sectors,C: Credit-to-GDP gaps (actual-trend),2006-Q4,-5.4821,E: End of period,1: One,770: Percentage of GDP,0: Units,,,A: Normal value,F: Free,
dataflow,BIS:WS_CREDIT_GAP(1.0): Credit-to-GDP gaps,I,Q: Quarterly,DE: Germany,P: Private non-financial sector,A: All sectors,C: Credit-to-GDP gaps (actual-trend),2007-Q1,-7.9372,E: End of period,1: One,770: Percentage of GDP,0: Units,,,A: Normal value,F: Free,
dataflow,BIS:WS_CREDIT_GAP(1.0): Credit-to-GDP gaps,I,Q: Quarterly,DE: Germany,P: Private non-financial sector,A: All sectors,C: Credit-to-GDP gaps (actual-trend),2007-Q2,-8.6311,E: End of period,1: One,770: Percentage of GDP,0: Units,,,A: Normal value,F: Free,
dataflow,BIS:WS_CREDIT_GAP(1.0): Credit-to-GDP gaps,I,Q: Quarterly,DE: Germany,P: Private non-financial sector,A: All sectors,C: Credit-to-GDP gaps (actual-trend),2007-Q3,-9.957,E: End of period,1: One,770: Percentage of GDP,0: Units,,,A: Normal value,F: Free,
dataflow,BIS:WS_CREDIT_GAP(1.0): Credit-to-GDP gaps,I,Q: Quarterly,DE: Germany,P: Private non-financial sector,A: All sectors,C: Credit-to-GDP gaps (actual-trend),2007-Q4,-9.6996,E: End of period,1: One,770: Percentage of GDP,0: Units,,,A: Normal value,F: Free,
dataflow,BIS:WS_CREDIT_GAP(1.0): Credit-to-GDP gaps,I,Q: Quarterly,DE: Germany,P: Private non-financial sector,A: All sectors,C: Credit-to-GDP gaps (actual-trend),2008-Q1,-10.4771,E: End of period,1: One,770: Percentage of GDP,0: Units,,,A: Normal value,F: Free,
dataflow,BIS:WS_CREDIT_GAP(1.0): Credit-to-GDP gaps,I,Q: Quarterly,DE: Germany,P: Private non-financial sector,A: All sectors,C: Credit-to-GDP gaps (actual-trend),2008-Q2,-10.325,E: End of period,1: One,770: Percentage of GDP,0: Units,,,A: Normal value,F: Free,
dataflow,BIS:WS_CREDIT_GAP(1.0): Credit-to-GDP gaps,I,Q: Quarterly,DE: Germany,P: Private non-financial sector,A: All sectors,C: Credit-to-GDP gaps (actual-trend),2008-Q3,-9.8444,E: End of period,1: One,770: Percentage of GDP,0: Units,,,A: Normal value,F: Free,
dataflow,BIS:WS_CREDIT_GAP(1.0): Credit-to-GDP gaps,I,Q: Quarterly,DE: Germany,P: Private non-financial sector,A: All sectors,C: Credit-to-GDP gaps (actual-trend),2008-Q4,-8.067,E: End of period,1: One,770: Percentage of GDP,0: Units,,,A: Normal value,F: Free,
dataflow,BIS:WS_CREDIT_GAP(1.0): Credit-to-GDP gaps,I,Q: Quarterly,DE: Germany,P: Private non-financial sector,A: All sectors,C: Credit-to-GDP gaps (actual-trend),2009-Q1,-6.6979,E: End of period,1: One,770: Percentage of GDP,0: Units,,,A: Normal value,F: Free,
dataflow,BIS:WS_CREDIT_GAP(1.0): Credit-to-GDP gaps,I,Q: Quarterly,DE: Germany,P: Private non-financial sector,A: All sectors,C: Credit-to-GDP gaps (actual-trend),2009-Q2,-5.4321,E: End of period,1: One,770: Percentage of GDP,0: Units,,,A: Normal value,F: Free,
dataflow,BIS:WS_CREDIT_GAP(1.0): Credit-to-GDP gaps,I,Q: Quarterly,DE: Germany,P: Private non-financial sector,A: All sectors,C: Credit-to-GDP gaps (actual-trend),2009-Q3,-5.5022,E: End of period,1: One,770: Percentage of GDP,0: Units,,,A: Normal value,F: Free,
dataflow,BIS:WS_CREDIT_GAP(1.0): Credit-to-GDP gaps,I,Q: Quarterly,DE: Germany,P: Private non-financial sector,A: All sectors,C: Credit-to-GDP gaps (actual-trend),2009-Q4,-5.2921,E: End of period,1: One,770: Percentage of GDP,0: Units,,,A: Normal value,F: Free,
dataflow,BIS:WS_CREDIT_GAP(1.0): Credit-to-GDP gaps,I,Q: Quarterly,DE: Germany,P: Private non-financial sector,A: All sectors,C: Credit-to-GDP gaps (actual-trend),2010-Q1,-6.9414,E: End of period,1: One,770: Percentage of GDP,0: Units,,,A: Normal value,F: Free,
dataflow,BIS:WS_CREDIT_GAP(1.0): Credit-to-GDP gaps,I,Q: Quarterly,DE: Germany,P: Private non-financial sector,A: All sectors,C: Credit-to-GDP gaps (actual-trend),2010-Q2,-7.1875,E: End of period,1: One,770: Percentage of GDP,0: Units,,,A: Normal value,F: Free,
dataflow,BIS:WS_CREDIT_GAP(1.0): Credit-to-GDP gaps,I,Q: Quarterly,DE: Germany,P: Private non-financial sector,A: All sectors,C: Credit-to-GDP gaps (actual-trend),2010-Q3,-8.1301,E: End of period,1: One,770: Percentage of GDP,0: Units,,,A: Normal value,F: Free,
dataflow,BIS:WS_CREDIT_GAP(1.0): Credit-to-GDP gaps,I,Q: Quarterly,DE: Germany,P: Private non-financial sector,A: All sectors,C: Credit-to-GDP gaps (actual-trend),2010-Q4,-9.9177,E: End of period,1: One,770: Percentage of GDP,0: Units,,,A: Normal value,F: Free,
dataflow,BIS:WS_CREDIT_GAP(1.0): Credit-to-GDP gaps,I,Q: Quarterly,DE: Germany,P: Private non-financial sector,A: All sectors,C: Credit-to-GDP gaps (actual-trend),2011-Q1,-13.2727,E: End of period,1: One,770: Percentage of GDP,0: Units,,,A: Normal value,F: Free,
dataflow,BIS:WS_CREDIT_GAP(1.0): Credit-to-GDP gaps,I,Q: Quarterly,DE: Germany,P: Private non-financial sector,A: All sectors,C: Credit-to-GDP gaps (actual-trend),2011-Q2,-13.7682,E: End of period,1: One,770: Percentage of GDP,0: Units,,,A: Normal value,F: Free,
dataflow,BIS:WS_CREDIT_GAP(1.0): Credit-to-GDP gaps,I,Q: Quarterly,DE: Germany,P: Private non-financial sector,A: All sectors,C: Credit-to-GDP gaps (actual-trend),2011-Q3,-12.5685,E: End of period,1: One,770: Percentage of GDP,0: Units,,,A: Normal value,F: Free,
dataflow,BIS:WS_CREDIT_GAP(1.0): Credit-to-GDP gaps,I,Q: Quarterly,DE: Germany,P: Private non-financial sector,A: All sectors,C: Credit-to-GDP gaps (actual-trend),2011-Q4,-12.0626,E: End of period,1: One,770: Percentage of GDP,0: Units,,,A: Normal value,F: Free,
dataflow,BIS:WS_CREDIT_GAP(1.0): Credit-to-GDP gaps,I,Q: Quarterly,DE: Germany,P: Private non-financial sector,A: All sectors,C: Credit-to-GDP gaps (actual-trend),2012-Q1,-12.1875,E: End of period,1: One,770: Percentage of GDP,0: Units,,,A: Normal value,F: Free,
dataflow,BIS:WS_CREDIT_GAP(1.0): Credit-to-GDP gaps,I,Q: Quarterly,DE: Germany,P: Private non-financial sector,A: All sectors,C: Credit-to-GDP gaps (actual-trend),2012-Q2,-11.5829,E: End of period,1: One,770: Percentage of GDP,0: Units,,,A: Normal value,F: Free,
dataflow,BIS:WS_CREDIT_GAP(1.0): Credit-to-GDP gaps,I,Q: Quarterly,DE: Germany,P: Private non-financial sector,A: All sectors,C: Credit-to-GDP gaps (actual-trend),2012-Q3,-11.5795,E: End of period,1: One,770: Percentage of GDP,0: Units,,,A: Normal value,F: Free,
dataflow,BIS:WS_CREDIT_GAP(1.0): Credit-to-GDP gaps,I,Q: Quarterly,DE: Germany,P: Private non-financial sector,A: All sectors,C: Credit-to-GDP gaps (actual-trend),2012-Q4,-11.4241,E: End of period,1: One,770: Percentage of GDP,0: Units,,,A: Normal value,F: Free,
dataflow,BIS:WS_CREDIT_GAP(1.0): Credit-to-GDP gaps,I,Q: Quarterly,DE: Germany,P: Private non-financial sector,A: All sectors,C: Credit-to-GDP gaps (actual-trend),2013-Q1,-9.9036,E: End of period,1: One,770: Percentage of GDP,0: Units,,,A: Normal value,F: Free,
dataflow,BIS:WS_CREDIT_GAP(1.0): Credit-to-GDP gaps,I,Q: Quarterly,DE: Germany,P: Private non-financial sector,A: All sectors,C: Credit-to-GDP gaps (actual-trend),2013-Q2,-9.0487,E: End of period,1: One,770: Percentage of GDP,0: Units,,,A: Normal value,F: Free,
dataflow,BIS:WS_CREDIT_GAP(1.0): Credit-to-GDP gaps,I,Q: Quarterly,DE: Germany,P: Private non-financial sector,A: All sectors,C: Credit-to-GDP gaps (actual-trend),2013-Q3,-8.5255,E: End of period,1: One,770: Percentage of GDP,0: Units,,,A: Normal value,F: Free,
dataflow,BIS:WS_CREDIT_GAP(1.0): Credit-to-GDP gaps,I,Q: Quarterly,DE: Germany,P: Private non-financial sector,A: All sectors,C: Credit-to-GDP gaps (actual-trend),2013-Q4,-8.35,E: End of period,1: One,770: Percentage of GDP,0: Units,,,A: Normal value,F: Free,
dataflow,BIS:WS_CREDIT_GAP(1.0): Credit-to-GDP gaps,I,Q: Quarterly,DE: Germany,P: Private non-financial sector,A: All sectors,C: Credit-to-GDP gaps (actual-trend),2014-Q1,-8.8611,E: End of period,1: One,770: Percentage of GDP,0: Units,,,A: Normal value,F: Free,
dataflow,BIS:WS_CREDIT_GAP(1.0): Credit-to-GDP gaps,I,Q: Quarterly,DE: Germany,P: Private non-financial sector,A: All sectors,C: Credit-to-GDP gaps (actual-trend),2014-Q2,-8.484,E: End of period,1: One,770: Percentage of GDP,0: Units,,,A: Normal value,F: Free,
dataflow,BIS:WS_CREDIT_GAP(1.0): Credit-to-GDP gaps,I,Q: Quarterly,DE: Germany,P: Private non-financial sector,A: All sectors,C: Credit-to-GDP gaps (actual-trend),2014-Q3,-9.4531,E: End of period,1: One,770: Percentage of GDP,0: Units,,,A: Normal value,F: Free,
dataflow,BIS:WS_CREDIT_GAP(1.0): Credit-to-GDP gaps,I,Q: Quarterly,DE: Germany,P: Private non-financial sector,A: All sectors,C: Credit-to-GDP gaps (actual-trend),2014-Q4,-12.7975,E: End of period,1: One,770: Percentage of GDP,0: Units,,,A: Normal value,F: Free,
dataflow,BIS:WS_CREDIT_GAP(1.0): Credit-to-GDP gaps,I,Q: Quarterly,DE: Germany,P: Private non-financial sector,A: All sectors,C: Credit-to-GDP gaps (actual-trend),2015-Q1,-11.694,E: End of period,1: One,770: Percentage of GDP,0: Units,,,A: Normal value,F: Free,
dataflow,BIS:WS_CREDIT_GAP(1.0): Credit-to-GDP gaps,I,Q: Quarterly,DE: Germany,P: Private non-financial sector,A: All sectors,C: Credit-to-GDP gaps (actual-trend),2015-Q2,-11.1509,E: End of period,1: One,770: Percentage of GDP,0: Units,,,A: Normal value,F: Free,
dataflow,BIS:WS_CREDIT_GAP(1.0): Credit-to-GDP gaps,I,Q: Quarterly,DE: Germany,P: Private non-financial sector,A: All sectors,C: Credit-to-GDP gaps (actual-trend),2015-Q3,-10.582,E: End of period,1: One,770: Percentage of GDP,0: Units,,,A: Normal value,F: Free,
dataflow,BIS:WS_CREDIT_GAP(1.0): Credit-to-GDP gaps,I,Q: Quarterly,DE: Germany,P: Private non-financial sector,A: All sectors,C: Credit-to-GDP gaps (actual-trend),2015-Q4,-10.2478,E: End of period,1: One,770: Percentage of GDP,0: Units,,,A: Normal value,F: Free,
dataflow,BIS:WS_CREDIT_GAP(1.0): Credit-to-GDP gaps,I,Q: Quarterly,DE: Germany,P: Private non-financial sector,A: All sectors,C: Credit-to-GDP gaps (actual-trend),2016-Q1,-9.1203,E: End of period,1: One,770: Percentage of GDP,0: Units,,,A: Normal value,F: Free,
dataflow,BIS:WS_CREDIT_GAP(1.0): Credit-to-GDP gaps,I,Q: Quarterly,DE: Germany,P: Private non-financial sector,A: All sectors,C: Credit-to-GDP gaps (actual-trend),2016-Q2,-8.2698,E: End of period,1: One,770: Percentage of GDP,0: Units,,,A: Normal value,F: Free,
dataflow,BIS:WS_CREDIT_GAP(1.0): Credit-to-GDP gaps,I,Q: Quarterly,DE: Germany,P: Private non-financial sector,A: All sectors,C: Credit-to-GDP gaps (actual-trend),2016-Q3,-7.0194,E: End of period,1: One,770: Percentage of GDP,0: Units,,,A: Normal value,F: Free,
dataflow,BIS:WS_CREDIT_GAP(1.0): Credit-to-GDP gaps,I,Q: Quarterly,DE: Germany,P: Private non-financial sector,A: All sectors,C: Credit-to-GDP gaps (actual-trend),2016-Q4,-6.4599,E: End of period,1: One,770: Percentage of GDP,0: Units,,,A: Normal value,F: Free,
dataflow,BIS:WS_CREDIT_GAP(1.0): Credit-to-GDP gaps,I,Q: Quarterly,DE: Germany,P: Private non-financial sector,A: All sectors,C: Credit-to-GDP gaps (actual-trend),2017-Q1,-5.7563,E: End of period,1: One,770: Percentage of GDP,0: Units,,,A: Normal value,F: Free,
dataflow,BIS:WS_CREDIT_GAP(1.0): Credit-to-GDP gaps,I,Q: Quarterly,DE: Germany,P: Private non-financial sector,A: All sectors,C: Credit-to-GDP gaps (actual-trend),2017-Q2,-5.914,E: End of period,1: One,770: Percentage of GDP,0: Units,,,A: Normal value,F: Free,
dataflow,BIS:WS_CREDIT_GAP(1.0): Credit-to-GDP gaps,I,Q: Quarterly,DE: Germany,P: Private non-financial sector,A: All sectors,C: Credit-to-GDP gaps (actual-trend),2017-Q3,-6.0013,E: End of period,1: One,770: Percentage of GDP,0: Units,,,A: Normal value,F: Free,
dataflow,BIS:WS_CREDIT_GAP(1.0): Credit-to-GDP gaps,I,Q: Quarterly,DE: Germany,P: Private non-financial sector,A: All sectors,C: Credit-to-GDP gaps (actual-trend),2017-Q4,-5.7,E: End of period,1: One,770: Percentage of GDP,0: Units,,,A: Normal value,F: Free,
dataflow,BIS:WS_CREDIT_GAP(1.0): Credit-to-GDP gaps,I,Q: Quarterly,DE: Germany,P: Private non-financial sector,A: All sectors,C: Credit-to-GDP gaps (actual-trend),2018-Q1,-5.9376,E: End of period,1: One,770: Percentage of GDP,0: Units,,,A: Normal value,F: Free,
dataflow,BIS:WS_CREDIT_GAP(1.0): Credit-to-GDP gaps,I,Q: Quarterly,DE: Germany,P: Private non-financial sector,A: All sectors,C: Credit-to-GDP gaps (actual-trend),2018-Q2,-4.4556,E: End of period,1: One,770: Percentage of GDP,0: Units,,,A: Normal value,F: Free,
dataflow,BIS:WS_CREDIT_GAP(1.0): Credit-to-GDP gaps,I,Q: Quarterly,DE: Germany,P: Private non-financial sector,A: All sectors,C: Credit-to-GDP gaps (actual-trend),2018-Q3,-3.3318,E: End of period,1: One,770: Percentage of GDP,0: Units,,,A: Normal value,F: Free,
dataflow,BIS:WS_CREDIT_GAP(1.0): Credit-to-GDP gaps,I,Q: Quarterly,DE: Germany,P: Private non-financial sector,A: All sectors,C: Credit-to-GDP gaps (actual-trend),2018-Q4,-3.4978,E: End of period,1: One,770: Percentage of GDP,0: Units,,,A: Normal value,F: Free,
dataflow,BIS:WS_CREDIT_GAP(1.0): Credit-to-GDP gaps,I,Q: Quarterly,DE: Germany,P: Private non-financial sector,A: All sectors,C: Credit-to-GDP gaps (actual-trend),2019-Q1,-2.2406,E: End of period,1: One,770: Percentage of GDP,0: Units,,,A: Normal value,F: Free,
dataflow,BIS:WS_CREDIT_GAP(1.0): Credit-to-GDP gaps,I,Q: Quarterly,DE: Germany,P: Private non-financial sector,A: All sectors,C: Credit-to-GDP gaps (actual-trend),2019-Q2,-0.8669,E: End of period,1: One,770: Percentage of GDP,0: Units,,,A: Normal value,F: Free,
dataflow,BIS:WS_CREDIT_GAP(1.0): Credit-to-GDP gaps,I,Q: Quarterly,DE: Germany,P: Private non-financial sector,A: All sectors,C: Credit-to-GDP gaps (actual-trend),2019-Q3,-0.5216,E: End of period,1: One,770: Percentage of GDP,0: Units,,,A: Normal value,F: Free,
dataflow,BIS:WS_CREDIT_GAP(1.0): Credit-to-GDP gaps,I,Q: Quarterly,DE: Germany,P: Private non-financial sector,A: All sectors,C: Credit-to-GDP gaps (actual-trend),2019-Q4,-0.0833,E: End of period,1: One,770: Percentage of GDP,0: Units,,,A: Normal value,F: Free,
dataflow,BIS:WS_CREDIT_GAP(1.0): Credit-to-GDP gaps,I,Q: Quarterly,DE: Germany,P: Private non-financial sector,A: All sectors,C: Credit-to-GDP gaps (actual-trend),2020-Q1,1.1487,E: End of period,1: One,770: Percentage of GDP,0: Units,,,A: Normal value,F: Free,
dataflow,BIS:WS_CREDIT_GAP(1.0): Credit-to-GDP gaps,I,Q: Quarterly,DE: Germany,P: Private non-financial sector,A: All sectors,C: Credit-to-GDP gaps (actual-trend),2020-Q2,6.4109,E: End of period,1: One,770: Percentage of GDP,0: Units,,,A: Normal value,F: Free,
dataflow,BIS:WS_CREDIT_GAP(1.0): Credit-to-GDP gaps,I,Q: Quarterly,DE: Germany,P: Private non-financial sector,A: All sectors,C: Credit-to-GDP gaps (actual-trend),2020-Q3,8.5471,E: End of period,1: One,770: Percentage of GDP,0: Units,,,A: Normal value,F: Free,
dataflow,BIS:WS_CREDIT_GAP(1.0): Credit-to-GDP gaps,I,Q: Quarterly,DE: Germany,P: Private non-financial sector,A: All sectors,C: Credit-to-GDP gaps (actual-trend),2020-Q4,9.8697,E: End of period,1: One,770: Percentage of GDP,0: Units,,,A: Normal value,F: Free,
dataflow,BIS:WS_CREDIT_GAP(1.0): Credit-to-GDP gaps,I,Q: Quarterly,DE: Germany,P: Private non-financial sector,A: All sectors,C: Credit-to-GDP gaps (actual-trend),2021-Q1,11.5426,E: End of period,1: One,770: Percentage of GDP,0: Units,,,A: Normal value,F: Free,
dataflow,BIS:WS_CREDIT_GAP(1.0): Credit-to-GDP gaps,I,Q: Quarterly,DE: Germany,P: Private non-financial sector,A: All sectors,C: Credit-to-GDP gaps (actual-trend),2021-Q2,8.4632,E: End of period,1: One,770: Percentage of GDP,0: Units,,,A: Normal value,F: Free,
dataflow,BIS:WS_CREDIT_GAP(1.0): Credit-to-GDP gaps,I,Q: Quarterly,DE: Germany,P: Private non-financial sector,A: All sectors,C: Credit-to-GDP gaps (actual-trend),2021-Q3,7.3719,E: End of period,1: One,770: Percentage of GDP,0: Units,,,A: Normal value,F: Free,
dataflow,BIS:WS_CREDIT_GAP(1.0): Credit-to-GDP gaps,I,Q: Quarterly,DE: Germany,P: Private non-financial sector,A: All sectors,C: Credit-to-GDP gaps (actual-trend),2021-Q4,6.8083,E: End of period,1: One,770: Percentage of GDP,0: Units,,,A: Normal value,F: Free,
dataflow,BIS:WS_CREDIT_GAP(1.0): Credit-to-GDP gaps,I,Q: Quarterly,DE: Germany,P: Private non-financial sector,A: All sectors,C: Credit-to-GDP gaps (actual-trend),2022-Q1,5.7316,E: End of period,1: One,770: Percentage of GDP,0: Units,,,A: Normal value,F: Free,
dataflow,BIS:WS_CREDIT_GAP(1.0): Credit-to-GDP gaps,I,Q: Quarterly,DE: Germany,P: Private non-financial sector,A: All sectors,C: Credit-to-GDP gaps (actual-trend),2022-Q2,5.0057,E: End of period,1: One,770: Percentage of GDP,0: Units,,,A: Normal value,F: Free,
dataflow,BIS:WS_CREDIT_GAP(1.0): Credit-to-GDP gaps,I,Q: Quarterly,DE: Germany,P: Private non-financial sector,A: All sectors,C: Credit-to-GDP gaps (actual-trend),2022-Q3,5.9587,E: End of period,1: One,770: Percentage of GDP,0: Units,,,A: Normal value,F: Free,
dataflow,BIS:WS_CREDIT_GAP(1.0): Credit-to-GDP gaps,I,Q: Quarterly,DE: Germany,P: Private non-financial sector,A: All sectors,C: Credit-to-GDP gaps (actual-trend),2022-Q4,4.1906,E: End of period,1: One,770: Percentage of GDP,0: Units,,,A: Normal value,F: Free,
dataflow,BIS:WS_CREDIT_GAP(1.0): Credit-to-GDP gaps,I,Q: Quarterly,DE: Germany,P: Private non-financial sector,A: All sectors,C: Credit-to-GDP gaps (actual-trend),2023-Q1,1.9455,E: End of period,1: One,770: Percentage of GDP,0: Units,,,A: Normal value,F: Free,
dataflow,BIS:WS_CREDIT_GAP(1.0): Credit-to-GDP gaps,I,Q: Quarterly,DE: Germany,P: Private non-financial sector,A: All sectors,C: Credit-to-GDP gaps (actual-trend),2023-Q2,0.3781,E: End of period,1: One,770: Percentage of GDP,0: Units,,,A: Normal value,F: Free,
dataflow,BIS:WS_CREDIT_GAP(1.0): Credit-to-GDP gaps,I,Q: Quarterly,DE: Germany,P: Private non-financial sector,A: All sectors,C: Credit-to-GDP gaps (actual-trend),2023-Q3,-1.411,E: End of period,1: One,770: Percentage of GDP,0: Units,,,A: Normal value,F: Free,
dataflow,BIS:WS_CREDIT_GAP(1.0): Credit-to-GDP gaps,I,Q: Quarterly,DE: Germany,P: Private non-financial sector,A: All sectors,C: Credit-to-GDP gaps (actual-trend),2023-Q4,-2.5406,E: End of period,1: One,770: Percentage of GDP,0: Units,,,A: Normal value,F: Free,
dataflow,BIS:WS_CREDIT_GAP(1.0): Credit-to-GDP gaps,I,Q: Quarterly,DE: Germany,P: Private non-financial sector,A: All sectors,C: Credit-to-GDP gaps (actual-trend),2024-Q1,-3.114,E: End of period,1: One,770: Percentage of GDP,0: Units,,,A: Normal value,F: Free,
dataflow,BIS:WS_CREDIT_GAP(1.0): Credit-to-GDP gaps,I,Q: Quarterly,DE: Germany,P: Private non-financial sector,A: All sectors,C: Credit-to-GDP gaps (actual-trend),2024-Q2,-3.2944,E: End of period,1: One,770: Percentage of GDP,0: Units,,,A: Normal value,F: Free,
dataflow,BIS:WS_CREDIT_GAP(1.0): Credit-to-GDP gaps,I,Q: Quarterly,DE: Germany,P: Private non-financial sector,A: All sectors,C: Credit-to-GDP gaps (actual-trend),2024-Q3,-3.1264,E: End of period,1: One,770: Percentage of GDP,0: Units,,,A: Normal value,F: Free,
dataflow,BIS:WS_CREDIT_GAP(1.0): Credit-to-GDP gaps,I,Q: Quarterly,DE: Germany,P: Private non-financial sector,A: All sectors,C: Credit-to-GDP gaps (actual-trend),2024-Q4,-3.717,E: End of period,1: One,770: Percentage of GDP,0: Units,,,A: Normal value,F: Free,
dataflow,BIS:WS_CREDIT_GAP(1.0): Credit-to-GDP gaps,I,Q: Quarterly,DE: Germany,P: Private non-financial sector,A: All sectors,C: Credit-to-GDP gaps (actual-trend),2025-Q1,-2.9714,E: End of period,1: One,770: Percentage of GDP,0: Units,,,A: Normal value,F: Free,
dataflow,BIS:WS_CREDIT_GAP(1.0): Credit-to-GDP gaps,I,Q: Quarterly,DE: Germany,P: Private non-financial sector,A: All sectors,C: Credit-to-GDP gaps (actual-trend),2025-Q2,-3.2565,E: End of period,1: One,770: Percentage of GDP,0: Units,,,A: Normal value,F: Free,
dataflow,BIS:WS_CREDIT_GAP(1.0): Credit-to-GDP gaps,I,Q: Quarterly,DE: Germany,P: Private non-financial sector,A: All sectors,C: Credit-to-GDP gaps (actual-trend),2025-Q3,-3.3099,E: End of period,1: One,770: Percentage of GDP,0: Units,,,A: Normal value,F: Free,
dataflow,BIS:WS_CREDIT_GAP(1.0): Credit-to-GDP gaps,I,Q: Quarterly,DE: Germany,P: Private non-financial sector,A: All sectors,C: Credit-to-GDP gaps (actual-trend),2025-Q4,-3.9645,E: End of period,1: One,770: Percentage of GDP,0: Units,,,A: Normal value,F: Free,
dataflow,BIS:WS_CREDIT_GAP(1.0): Credit-to-GDP gaps,I,Q: Quarterly,IN: India,P: Private non-financial sector,A: All sectors,A: Credit-to-GDP ratios (actual data),1951-Q2,25.177798488718,E: End of period,1: One,770: Percentage of GDP,0: Units,,,A: Normal value,F: Free,
dataflow,BIS:WS_CREDIT_GAP(1.0): Credit-to-GDP gaps,I,Q: Quarterly,IN: India,P: Private non-financial sector,A: All sectors,A: Credit-to-GDP ratios (actual data),1951-Q3,23.382729417527,E: End of period,1: One,770: Percentage of GDP,0: Units,,,A: Normal value,F: Free,
dataflow,BIS:WS_CREDIT_GAP(1.0): Credit-to-GDP gaps,I,Q: Quarterly,IN: India,P: Private non-financial sector,A: All sectors,A: Credit-to-GDP ratios (actual data),1951-Q4,22.983615110376,E: End of period,1: One,770: Percentage of GDP,0: Units,,,A: Normal value,F: Free,
dataflow,BIS:WS_CREDIT_GAP(1.0): Credit-to-GDP gaps,I,Q: Quarterly,IN: India,P: Private non-financial sector,A: All sectors,A: Credit-to-GDP ratios (actual data),1952-Q1,23.13026987745,E: End of period,1: One,770: Percentage of GDP,0: Units,,,A: Normal value,F: Free,
dataflow,BIS:WS_CREDIT_GAP(1.0): Credit-to-GDP gaps,I,Q: Quarterly,IN: India,P: Private non-financial sector,A: All sectors,A: Credit-to-GDP ratios (actual data),1952-Q2,23.296640119947,E: End of period,1: One,770: Percentage of GDP,0: Units,,,A: Normal value,F: Free,
dataflow,BIS:WS_CREDIT_GAP(1.0): Credit-to-GDP gaps,I,Q: Quarterly,IN: India,P: Private non-financial sector,A: All sectors,A: Credit-to-GDP ratios (actual data),1952-Q3,22.968887947891,E: End of period,1: One,770: Percentage of GDP,0: Units,,,A: Normal value,F: Free,
dataflow,BIS:WS_CREDIT_GAP(1.0): Credit-to-GDP gaps,I,Q: Quarterly,IN: India,P: Private non-financial sector,A: All sectors,A: Credit-to-GDP ratios (actual data),1952-Q4,22.808362206096,E: End of period,1: One,770: Percentage of GDP,0: Units,,,A: Normal value,F: Free,
dataflow,BIS:WS_CREDIT_GAP(1.0): Credit-to-GDP gaps,I,Q: Quarterly,IN: India,P: Private non-financial sector,A: All sectors,A: Credit-to-GDP ratios (actual data),1953-Q1,23.055421642726,E: End of period,1: One,770: Percentage of GDP,0: Units,,,A: Normal value,F: Free,
dataflow,BIS:WS_CREDIT_GAP(1.0): Credit-to-GDP gaps,I,Q: Quarterly,IN: India,P: Private non-financial sector,A: All sectors,A: Credit-to-GDP ratios (actual data),1953-Q2,22.668072985431,E: End of period,1: One,770: Percentage of GDP,0: Units,,,A: Normal value,F: Free,
dataflow,BIS:WS_CREDIT_GAP(1.0): Credit-to-GDP gaps,I,Q: Quarterly,IN: India,P: Private non-financial sector,A: All sectors,A: Credit-to-GDP ratios (actual data),1953-Q3,21.287067914676,E: End of period,1: One,770: Percentage of GDP,0: Units,,,A: Normal value,F: Free,
dataflow,BIS:WS_CREDIT_GAP(1.0): Credit-to-GDP gaps,I,Q: Quarterly,IN: India,P: Private non-financial sector,A: All sectors,A: Credit-to-GDP ratios (actual data),1953-Q4,21.430588293072,E: End of period,1: One,770: Percentage of GDP,0: Units,,,A: Normal value,F: Free,
dataflow,BIS:WS_CREDIT_GAP(1.0): Credit-to-GDP gaps,I,Q: Quarterly,IN: India,P: Private non-financial sector,A: All sectors,A: Credit-to-GDP ratios (actual data),1954-Q1,22.321560934367,E: End of period,1: One,770: Percentage of GDP,0: Units,,,A: Normal value,F: Free,
dataflow,BIS:WS_CREDIT_GAP(1.0): Credit-to-GDP gaps,I,Q: Quarterly,IN: India,P: Private non-financial sector,A: All sectors,A: Credit-to-GDP ratios (actual data),1954-Q2,22.751478383805,E: End of period,1: One,770: Percentage of GDP,0: Units,,,A: Normal value,F: Free,
dataflow,BIS:WS_CREDIT_GAP(1.0): Credit-to-GDP gaps,I,Q: Quarterly,IN: India,P: Private non-financial sector,A: All sectors,A: Credit-to-GDP ratios (actual data),1954-Q3,23.123781060886,E: End of period,1: One,770: Percentage of GDP,0: Units,,,A: Normal value,F: Free,
dataflow,BIS:WS_CREDIT_GAP(1.0): Credit-to-GDP gaps,I,Q: Quarterly,IN: India,P: Private non-financial sector,A: All sectors,A: Credit-to-GDP ratios (actual data),1954-Q4,24.362572219878,E: End of period,1: One,770: Percentage of GDP,0: Units,,,A: Normal value,F: Free,
dataflow,BIS:WS_CREDIT_GAP(1.0): Credit-to-GDP gaps,I,Q: Quarterly,IN: India,P: Private non-financial sector,A: All sectors,A: Credit-to-GDP ratios (actual data),1955-Q1,25.725701343312,E: End of period,1: One,770: Percentage of GDP,0: Units,,,A: Normal value,F: Free,
dataflow,BIS:WS_CREDIT_GAP(1.0): Credit-to-GDP gaps,I,Q: Quarterly,IN: India,P: Private non-financial sector,A: All sectors,A: Credit-to-GDP ratios (actual data),1955-Q2,26.605115100902,E: End of period,1: One,770: Percentage of GDP,0: Units,,,A: Normal value,F: Free,
dataflow,BIS:WS_CREDIT_GAP(1.0): Credit-to-GDP gaps,I,Q: Quarterly,IN: India,P: Private non-financial sector,A: All sectors,A: Credit-to-GDP ratios (actual data),1955-Q3,26.374137174407,E: End of period,1: One,770: Percentage of GDP,0: Units,,,A: Normal value,F: Free,
dataflow,BIS:WS_CREDIT_GAP(1.0): Credit-to-GDP gaps,I,Q: Quarterly,IN: India,P: Private non-financial sector,A: All sectors,A: Credit-to-GDP ratios (actual data),1955-Q4,26.729633463358,E: End of period,1: One,770: Percentage of GDP,0: Units,,,A: Normal value,F: Free,
dataflow,BIS:WS_CREDIT_GAP(1.0): Credit-to-GDP gaps,I,Q: Quarterly,IN: India,P: Private non-financial sector,A: All sectors,A: Credit-to-GDP ratios (actual data),1956-Q1,27.083942358137,E: End of period,1: One,770: Percentage of GDP,0: Units,,,A: Normal value,F: Free,
dataflow,BIS:WS_CREDIT_GAP(1.0): Credit-to-GDP gaps,I,Q: Quarterly,IN: India,P: Private non-financial sector,A: All sectors,A: Credit-to-GDP ratios (actual data),1956-Q2,26.052526759837,E: End of period,1: One,770: Percentage of GDP,0: Units,,,A: Normal value,F: Free,
dataflow,BIS:WS_CREDIT_GAP(1.0): Credit-to-GDP gaps,I,Q: Quarterly,IN: India,P: Private non-financial sector,A: All sectors,A: Credit-to-GDP ratios (actual data),1956-Q3,24.218354057074,E: End of period,1: One,770: Percentage of GDP,0: Units,,,A: Normal value,F: Free,
dataflow,BIS:WS_CREDIT_GAP(1.0): Credit-to-GDP gaps,I,Q: Quarterly,IN: India,P: Private non-financial sector,A: All sectors,A: Credit-to-GDP ratios (actual data),1956-Q4,24.024366637199,E: End of period,1: One,770: Percentage of GDP,0: Units,,,A: Normal value,F: Free,
dataflow,BIS:WS_CREDIT_GAP(1.0): Credit-to-GDP gaps,I,Q: Quarterly,IN: India,P: Private non-financial sector,A: All sectors,A: Credit-to-GDP ratios (actual data),1957-Q1,24.969977977354,E: End of period,1: One,770: Percentage of GDP,0: Units,,,A: Normal value,F: Free,
dataflow,BIS:WS_CREDIT_GAP(1.0): Credit-to-GDP gaps,I,Q: Quarterly,IN: India,P: Private non-financial sector,A: All sectors,A: Credit-to-GDP ratios (actual data),1957-Q2,25.768126449793,E: End of period,1: One,770: Percentage of GDP,0: Units,,,A: Normal value,F: Free,
dataflow,BIS:WS_CREDIT_GAP(1.0): Credit-to-GDP gaps,I,Q: Quarterly,IN: India,P: Private non-financial sector,A: All sectors,A: Credit-to-GDP ratios (actual data),1957-Q3,25.280881400028,E: End of period,1: One,770: Percentage of GDP,0: Units,,,A: Normal value,F: Free,
dataflow,BIS:WS_CREDIT_GAP(1.0): Credit-to-GDP gaps,I,Q: Quarterly,IN: India,P: Private non-financial sector,A: All sectors,A: Credit-to-GDP ratios (actual data),1957-Q4,25.670180918855,E: End of period,1: One,770: Percentage of GDP,0: Units,,,A: Normal value,F: Free,
dataflow,BIS:WS_CREDIT_GAP(1.0): Credit-to-GDP gaps,I,Q: Quarterly,IN: India,P: Private non-financial sector,A: All sectors,A: Credit-to-GDP ratios (actual data),1958-Q1,26.557543668911,E: End of period,1: One,770: Percentage of GDP,0: Units,,,A: Normal value,F: Free,
dataflow,BIS:WS_CREDIT_GAP(1.0): Credit-to-GDP gaps,I,Q: Quarterly,IN: India,P: Private non-financial sector,A: All sectors,A: Credit-to-GDP ratios (actual data),1958-Q2,25.960211577251,E: End of period,1: One,770: Percentage of GDP,0: Units,,,A: Normal value,F: Free,
dataflow,BIS:WS_CREDIT_GAP(1.0): Credit-to-GDP gaps,I,Q: Quarterly,IN: India,P: Private non-financial sector,A: All sectors,A: Credit-to-GDP ratios (actual data),1958-Q3,25.055034492251,E: End of period,1: One,770: Percentage of GDP,0: Units,,,A: Normal value,F: Free,
dataflow,BIS:WS_CREDIT_GAP(1.0): Credit-to-GDP gaps,I,Q: Quarterly,IN: India,P: Private non-financial sector,A: All sectors,A: Credit-to-GDP ratios (actual data),1958-Q4,25.274037969928,E: End of period,1: One,770: Percentage of GDP,0: Units,,,A: Normal value,F: Free,
dataflow,BIS:WS_CREDIT_GAP(1.0): Credit-to-GDP gaps,I,Q: Quarterly,IN: India,P: Private non-financial sector,A: All sectors,A: Credit-to-GDP ratios (actual data),1959-Q1,26.28505507183,E: End of period,1: One,770: Percentage of GDP,0: Units,,,A: Normal value,F: Free,
dataflow,BIS:WS_CREDIT_GAP(1.0): Credit-to-GDP gaps,I,Q: Quarterly,IN: India,P: Private non-financial sector,A: All sectors,A: Credit-to-GDP ratios (actual data),1959-Q2,26.815963023044,E: End of period,1: One,770: Percentage of GDP,0: Units,,,A: Normal value,F: Free,
dataflow,BIS:WS_CREDIT_GAP(1.0): Credit-to-GDP gaps,I,Q: Quarterly,IN: India,P: Private non-financial sector,A: All sectors,A: Credit-to-GDP ratios (actual data),1959-Q3,26.480294205633,E: End of period,1: One,770: Percentage of GDP,0: Units,,,A: Normal value,F: Free,
dataflow,BIS:WS_CREDIT_GAP(1.0): Credit-to-GDP gaps,I,Q: Quarterly,IN: India,P: Private non-financial sector,A: All sectors,A: Credit-to-GDP ratios (actual data),1959-Q4,26.917201573725,E: End of period,1: One,770: Percentage of GDP,0: Units,,,A: Normal value,F: Free,
dataflow,BIS:WS_CREDIT_GAP(1.0): Credit-to-GDP gaps,I,Q: Quarterly,IN: India,P: Private non-financial sector,A: All sectors,A: Credit-to-GDP ratios (actual data),1960-Q1,27.733790635529,E: End of period,1: One,770: Percentage of GDP,0: Units,,,A: Normal value,F: Free,
dataflow,BIS:WS_CREDIT_GAP(1.0): Credit-to-GDP gaps,I,Q: Quarterly,IN: India,P: Private non-financial sector,A: All sectors,A: Credit-to-GDP ratios (actual data),1960-Q2,27.596088861558,E: End of period,1: One,770: Percentage of GDP,0: Units,,,A: Normal value,F: Free,
dataflow,BIS:WS_CREDIT_GAP(1.0): Credit-to-GDP gaps,I,Q: Quarterly,IN: India,P: Private non-financial sector,A: All sectors,A: Credit-to-GDP ratios (actual data),1960-Q3,26.292624758006,E: End of period,1: One,770: Percentage of GDP,0: Units,,,A: Normal value,F: Free,
dataflow,BIS:WS_CREDIT_GAP(1.0): Credit-to-GDP gaps,I,Q: Quarterly,IN: India,P: Private non-financial sector,A: All sectors,A: Credit-to-GDP ratios (actual data),1960-Q4,25.625938721796,E: End of period,1: One,770: Percentage of GDP,0: Units,,,A: Normal value,F: Free,
dataflow,BIS:WS_CREDIT_GAP(1.0): Credit-to-GDP gaps,I,Q: Quarterly,IN: India,P: Private non-financial sector,A: All sectors,A: Credit-to-GDP ratios (actual data),1961-Q1,26.035413317441,E: End of period,1: One,770: Percentage of GDP,0: Units,,,A: Normal value,F: Free,
dataflow,BIS:WS_CREDIT_GAP(1.0): Credit-to-GDP gaps,I,Q: Quarterly,IN: India,P: Private non-financial sector,A: All sectors,A: Credit-to-GDP ratios (actual data),1961-Q2,25.568910188316,E: End of period,1: One,770: Percentage of GDP,0: Units,,,A: Normal value,F: Free,
dataflow,BIS:WS_CREDIT_GAP(1.0): Credit-to-GDP gaps,I,Q: Quarterly,IN: India,P: Private non-financial sector,A: All sectors,A: Credit-to-GDP ratios (actual data),1961-Q3,24.8170915088,E: End of period,1: One,770: Percentage of GDP,0: Units,,,A: Normal value,F: Free,
dataflow,BIS:WS_CREDIT_GAP(1.0): Credit-to-GDP gaps,I,Q: Quarterly,IN: India,P: Private non-financial sector,A: All sectors,A: Credit-to-GDP ratios (actual data),1961-Q4,25.143722540769,E: End of period,1: One,770: Percentage of GDP,0: Units,,,A: Normal value,F: Free,
dataflow,BIS:WS_CREDIT_GAP(1.0): Credit-to-GDP gaps,I,Q: Quarterly,IN: India,P: Private non-financial sector,A: All sectors,A: Credit-to-GDP ratios (actual data),1962-Q1,26.313003016817,E: End of period,1: One,770: Percentage of GDP,0: Units,,,A: Normal value,F: Free,
dataflow,BIS:WS_CREDIT_GAP(1.0): Credit-to-GDP gaps,I,Q: Quarterly,IN: India,P: Private non-financial sector,A: All sectors,A: Credit-to-GDP ratios (actual data),1962-Q2,26.588727338529,E: End of period,1: One,770: Percentage of GDP,0: Units,,,A: Normal value,F: Free,
dataflow,BIS:WS_CREDIT_GAP(1.0): Credit-to-GDP gaps,I,Q: Quarterly,IN: India,P: Private non-financial sector,A: All sectors,A: Credit-to-GDP ratios (actual data),1962-Q3,25.840619865147,E: End of period,1: One,770: Percentage of GDP,0: Units,,,A: Normal value,F: Free,
dataflow,BIS:WS_CREDIT_GAP(1.0): Credit-to-GDP gaps,I,Q: Quarterly,IN: India,P: Private non-financial sector,A: All sectors,A: Credit-to-GDP ratios (actual data),1962-Q4,25.797447873992,E: End of period,1: One,770: Percentage of GDP,0: Units,,,A: Normal value,F: Free,
dataflow,BIS:WS_CREDIT_GAP(1.0): Credit-to-GDP gaps,I,Q: Quarterly,IN: India,P: Private non-financial sector,A: All sectors,A: Credit-to-GDP ratios (actual data),1963-Q1,25.911537854975,E: End of period,1: One,770: Percentage of GDP,0: Units,,,A: Normal value,F: Free,
dataflow,BIS:WS_CREDIT_GAP(1.0): Credit-to-GDP gaps,I,Q: Quarterly,IN: India,P: Private non-financial sector,A: All sectors,A: Credit-to-GDP ratios (actual data),1963-Q2,25.756304039422,E: End of period,1: One,770: Percentage of GDP,0: Units,,,A: Normal value,F: Free,
dataflow,BIS:WS_CREDIT_GAP(1.0): Credit-to-GDP gaps,I,Q: Quarterly,IN: India,P: Private non-financial sector,A: All sectors,A: Credit-to-GDP ratios (actual data),1963-Q3,24.848244298699,E: End of period,1: One,770: Percentage of GDP,0: Units,,,A: Normal value,F: Free,
dataflow,BIS:WS_CREDIT_GAP(1.0): Credit-to-GDP gaps,I,Q: Quarterly,IN: India,P: Private non-financial sector,A: All sectors,A: Credit-to-GDP ratios (actual data),1963-Q4,24.807273181581,E: End of period,1: One,770: Percentage of GDP,0: Units,,,A: Normal value,F: Free,
dataflow,BIS:WS_CREDIT_GAP(1.0): Credit-to-GDP gaps,I,Q: Quarterly,IN: India,P: Private non-financial sector,A: All sectors,A: Credit-to-GDP ratios (actual data),1964-Q1,24.581734239454,E: End of period,1: One,770: Percentage of GDP,0: Units,,,A: Normal value,F: Free,
dataflow,BIS:WS_CREDIT_GAP(1.0): Credit-to-GDP gaps,I,Q: Quarterly,IN: India,P: Private non-financial sector,A: All sectors,A: Credit-to-GDP ratios (actual data),1964-Q2,24.224082661057,E: End of period,1: One,770: Percentage of GDP,0: Units,,,A: Normal value,F: Free,
dataflow,BIS:WS_CREDIT_GAP(1.0): Credit-to-GDP gaps,I,Q: Quarterly,IN: India,P: Private non-financial sector,A: All sectors,A: Credit-to-GDP ratios (actual data),1964-Q3,23.32482817225,E: End of period,1: One,770: Percentage of GDP,0: Units,,,A: Normal value,F: Free,
dataflow,BIS:WS_CREDIT_GAP(1.0): Credit-to-GDP gaps,I,Q: Quarterly,IN: India,P: Private non-financial sector,A: All sectors,A: Credit-to-GDP ratios (actual data),1964-Q4,23.291522994113,E: End of period,1: One,770: Percentage of GDP,0: Units,,,A: Normal value,F: Free,
dataflow,BIS:WS_CREDIT_GAP(1.0): Credit-to-GDP gaps,I,Q: Quarterly,IN: India,P: Private non-financial sector,A: All sectors,A: Credit-to-GDP ratios (actual data),1965-Q1,23.64072380383,E: End of period,1: One,770: Percentage of GDP,0: Units,,,A: Normal value,F: Free,
dataflow,BIS:WS_CREDIT_GAP(1.0): Credit-to-GDP gaps,I,Q: Quarterly,IN: India,P: Private non-financial sector,A: All sectors,A: Credit-to-GDP ratios (actual data),1965-Q2,24.210881057065,E: End of period,1: One,770: Percentage of GDP,0: Units,,,A: Normal value,F: Free,
dataflow,BIS:WS_CREDIT_GAP(1.0): Credit-to-GDP gaps,I,Q: Quarterly,IN: India,P: Private non-financial sector,A: All sectors,A: Credit-to-GDP ratios (actual data),1965-Q3,23.889758077181,E: End of period,1: One,770: Percentage of GDP,0: Units,,,A: Normal value,F: Free,
dataflow,BIS:WS_CREDIT_GAP(1.0): Credit-to-GDP gaps,I,Q: Quarterly,IN: India,P: Private non-financial sector,A: All sectors,A: Credit-to-GDP ratios (actual data),1965-Q4,24.484381100988,E: End of period,1: One,770: Percentage of GDP,0: Units,,,A: Normal value,F: Free,
dataflow,BIS:WS_CREDIT_GAP(1.0): Credit-to-GDP gaps,I,Q: Quarterly,IN: India,P: Private non-financial sector,A: All sectors,A: Credit-to-GDP ratios (actual data),1966-Q1,24.859089560854,E: End of period,1: One,770: Percentage of GDP,0: Units,,,A: Normal value,F: Free,
dataflow,BIS:WS_CREDIT_GAP(1.0): Credit-to-GDP gaps,I,Q: Quarterly,IN: India,P: Private non-financial sector,A: All sectors,A: Credit-to-GDP ratios (actual data),1966-Q2,25.033542222407,E: End of period,1: One,770: Percentage of GDP,0: Units,,,A: Normal value,F: Free,
dataflow,BIS:WS_CREDIT_GAP(1.0): Credit-to-GDP gaps,I,Q: Quarterly,IN: India,P: Private non-financial sector,A: All sectors,A: Credit-to-GDP ratios (actual data),1966-Q3,23.970177229724,E: End of period,1: One,770: Percentage of GDP,0: Units,,,A: Normal value,F: Free,
dataflow,BIS:WS_CREDIT_GAP(1.0): Credit-to-GDP gaps,I,Q: Quarterly,IN: India,P: Private non-financial sector,A: All sectors,A: Credit-to-GDP ratios (actual data),1966-Q4,24.055268969599,E: End of period,1: One,770: Percentage of GDP,0: Units,,,A: Normal value,F: Free,
dataflow,BIS:WS_CREDIT_GAP(1.0): Credit-to-GDP gaps,I,Q: Quarterly,IN: India,P: Private non-financial sector,A: All sectors,A: Credit-to-GDP ratios (actual data),1967-Q1,23.946622257784,E: End of period,1: One,770: Percentage of GDP,0: Units,,,A: Normal value,F: Free,
dataflow,BIS:WS_CREDIT_GAP(1.0): Credit-to-GDP gaps,I,Q: Quarterly,IN: India,P: Private non-financial sector,A: All sectors,A: Credit-to-GDP ratios (actual data),1967-Q2,23.216357879789,E: End of period,1: One,770: Percentage of GDP,0: Units,,,A: Normal value,F: Free,
dataflow,BIS:WS_CREDIT_GAP(1.0): Credit-to-GDP gaps,I,Q: Quarterly,IN: India,P: Private non-financial sector,A: All sectors,A: Credit-to-GDP ratios (actual data),1967-Q3,22.206016400545,E: End of period,1: One,770: Percentage of GDP,0: Units,,,A: Normal value,F: Free,
dataflow,BIS:WS_CREDIT_GAP(1.0): Credit-to-GDP gaps,I,Q: Quarterly,IN: India,P: Private non-financial sector,A: All sectors,A: Credit-to-GDP ratios (actual data),1967-Q4,22.452927998676,E: End of period,1: One,770: Percentage of GDP,0: Units,,,A: Normal value,F: Free,
dataflow,BIS:WS_CREDIT_GAP(1.0): Credit-to-GDP gaps,I,Q: Quarterly,IN: India,P: Private non-financial sector,A: All sectors,A: Credit-to-GDP ratios (actual data),1968-Q1,22.805368067177,E: End of period,1: One,770: Percentage of GDP,0: Units,,,A: Normal value,F: Free,
dataflow,BIS:WS_CREDIT_GAP(1.0): Credit-to-GDP gaps,I,Q: Quarterly,IN: India,P: Private non-financial sector,A: All sectors,A: Credit-to-GDP ratios (actual data),1968-Q2,23.242680521586,E: End of period,1: One,770: Percentage of GDP,0: Units,,,A: Normal value,F: Free,
dataflow,BIS:WS_CREDIT_GAP(1.0): Credit-to-GDP gaps,I,Q: Quarterly,IN: India,P: Private non-financial sector,A: All sectors,A: Credit-to-GDP ratios (actual data),1968-Q3,22.891029183019,E: End of period,1: One,770: Percentage of GDP,0: Units,,,A: Normal value,F: Free,
dataflow,BIS:WS_CREDIT_GAP(1.0): Credit-to-GDP gaps,I,Q: Quarterly,IN: India,P: Private non-financial sector,A: All sectors,A: Credit-to-GDP ratios (actual data),1968-Q4,23.230406553745,E: End of period,1: One,770: Percentage of GDP,0: Units,,,A: Normal value,F: Free,
dataflow,BIS:WS_CREDIT_GAP(1.0): Credit-to-GDP gaps,I,Q: Quarterly,IN: India,P: Private non-financial sector,A: All sectors,A: Credit-to-GDP ratios (actual data),1969-Q1,24.079756852696,E: End of period,1: One,770: Percentage of GDP,0: Units,,,A: Normal value,F: Free,
dataflow,BIS:WS_CREDIT_GAP(1.0): Credit-to-GDP gaps,I,Q: Quarterly,IN: India,P: Private non-financial sector,A: All sectors,A: Credit-to-GDP ratios (actual data),1969-Q2,24.618902010384,E: End of period,1: One,770: Percentage of GDP,0: Units,,,A: Normal value,F: Free,
dataflow,BIS:WS_CREDIT_GAP(1.0): Credit-to-GDP gaps,I,Q: Quarterly,IN: India,P: Private non-financial sector,A: All sectors,A: Credit-to-GDP ratios (actual data),1969-Q3,23.562643630607,E: End of period,1: One,770: Percentage of GDP,0: Units,,,A: Normal value,F: Free,
dataflow,BIS:WS_CREDIT_GAP(1.0): Credit-to-GDP gaps,I,Q: Quarterly,IN: India,P: Private non-financial sector,A: All sectors,A: Credit-to-GDP ratios (actual data),1969-Q4,23.946949334074,E: End of period,1: One,770: Percentage of GDP,0: Units,,,A: Normal value,F: Free,
dataflow,BIS:WS_CREDIT_GAP(1.0): Credit-to-GDP gaps,I,Q: Quarterly,IN: India,P: Private non-financial sector,A: All sectors,A: Credit-to-GDP ratios (actual data),1970-Q1,24.555939402358,E: End of period,1: One,770: Percentage of GDP,0: Units,,,A: Normal value,F: Free,
dataflow,BIS:WS_CREDIT_GAP(1.0): Credit-to-GDP gaps,I,Q: Quarterly,IN: India,P: Private non-financial sector,A: All sectors,A: Credit-to-GDP ratios (actual data),1970-Q2,25.550018146812,E: End of period,1: One,770: Percentage of GDP,0: Units,,,A: Normal value,F: Free,
dataflow,BIS:WS_CREDIT_GAP(1.0): Credit-to-GDP gaps,I,Q: Quarterly,IN: India,P: Private non-financial sector,A: All sectors,A: Credit-to-GDP ratios (actual data),1970-Q3,25.517896634903,E: End of period,1: One,770: Percentage of GDP,0: Units,,,A: Normal value,F: Free,
dataflow,BIS:WS_CREDIT_GAP(1.0): Credit-to-GDP gaps,I,Q: Quarterly,IN: India,P: Private non-financial sector,A: All sectors,A: Credit-to-GDP ratios (actual data),1970-Q4,26.467436031667,E: End of period,1: One,770: Percentage of GDP,0: Units,,,A: Normal value,F: Free,
dataflow,BIS:WS_CREDIT_GAP(1.0): Credit-to-GDP gaps,I,Q: Quarterly,IN: India,P: Private non-financial sector,A: All sectors,A: Credit-to-GDP ratios (actual data),1971-Q1,27.626334855876,E: End of period,1: One,770: Percentage of GDP,0: Units,,,A: Normal value,F: Free,
dataflow,BIS:WS_CREDIT_GAP(1.0): Credit-to-GDP gaps,I,Q: Quarterly,IN: India,P: Private non-financial sector,A: All sectors,A: Credit-to-GDP ratios (actual data),1971-Q2,27.106061790256,E: End of period,1: One,770: Percentage of GDP,0: Units,,,A: Normal value,F: Free,
dataflow,BIS:WS_CREDIT_GAP(1.0): Credit-to-GDP gaps,I,Q: Quarterly,IN: India,P: Private non-financial sector,A: All sectors,A: Credit-to-GDP ratios (actual data),1971-Q3,27.019547089296,E: End of period,1: One,770: Percentage of GDP,0: Units,,,A: Normal value,F: Free,
dataflow,BIS:WS_CREDIT_GAP(1.0): Credit-to-GDP gaps,I,Q: Quarterly,IN: India,P: Private non-financial sector,A: All sectors,A: Credit-to-GDP ratios (actual data),1971-Q4,28.239778678037,E: End of period,1: One,770: Percentage of GDP,0: Units,,,A: Normal value,F: Free,
dataflow,BIS:WS_CREDIT_GAP(1.0): Credit-to-GDP gaps,I,Q: Quarterly,IN: India,P: Private non-financial sector,A: All sectors,A: Credit-to-GDP ratios (actual data),1972-Q1,28.663891685061,E: End of period,1: One,770: Percentage of GDP,0: Units,,,A: Normal value,F: Free,
dataflow,BIS:WS_CREDIT_GAP(1.0): Credit-to-GDP gaps,I,Q: Quarterly,IN: India,P: Private non-financial sector,A: All sectors,A: Credit-to-GDP ratios (actual data),1972-Q2,29.221922184927,E: End of period,1: One,770: Percentage of GDP,0: Units,,,A: Normal value,F: Free,
dataflow,BIS:WS_CREDIT_GAP(1.0): Credit-to-GDP gaps,I,Q: Quarterly,IN: India,P: Private non-financial sector,A: All sectors,A: Credit-to-GDP ratios (actual data),1972-Q3,28.131705214685,E: End of period,1: One,770: Percentage of GDP,0: Units,,,A: Normal value,F: Free,
dataflow,BIS:WS_CREDIT_GAP(1.0): Credit-to-GDP gaps,I,Q: Quarterly,IN: India,P: Private non-financial sector,A: All sectors,A: Credit-to-GDP ratios (actual data),1972-Q4,29.115461657225,E: End of period,1: One,770: Percentage of GDP,0: Units,,,A: Normal value,F: Free,
dataflow,BIS:WS_CREDIT_GAP(1.0): Credit-to-GDP gaps,I,Q: Quarterly,IN: India,P: Private non-financial sector,A: All sectors,A: Credit-to-GDP ratios (actual data),1973-Q1,30.381196581514,E: End of period,1: One,770: Percentage of GDP,0: Units,,,A: Normal value,F: Free,
dataflow,BIS:WS_CREDIT_GAP(1.0): Credit-to-GDP gaps,I,Q: Quarterly,IN: India,P: Private non-financial sector,A: All sectors,A: Credit-to-GDP ratios (actual data),1973-Q2,29.753703191968,E: End of period,1: One,770: Percentage of GDP,0: Units,,,A: Normal value,F: Free,
dataflow,BIS:WS_CREDIT_GAP(1.0): Credit-to-GDP gaps,I,Q: Quarterly,IN: India,P: Private non-financial sector,A: All sectors,A: Credit-to-GDP ratios (actual data),1973-Q3,28.322409203076,E: End of period,1: One,770: Percentage of GDP,0: Units,,,A: Normal value,F: Free,
dataflow,BIS:WS_CREDIT_GAP(1.0): Credit-to-GDP gaps,I,Q: Quarterly,IN: India,P: Private non-financial sector,A: All sectors,A: Credit-to-GDP ratios (actual data),1973-Q4,29.913267107765,E: End of period,1: One,770: Percentage of GDP,0: Units,,,A: Normal value,F: Free,
dataflow,BIS:WS_CREDIT_GAP(1.0): Credit-to-GDP gaps,I,Q: Quarterly,IN: India,P: Private non-financial sector,A: All sectors,A: Credit-to-GDP ratios (actual data),1974-Q1,29.844072877324,E: End of period,1: One,770: Percentage of GDP,0: Units,,,A: Normal value,F: Free,
dataflow,BIS:WS_CREDIT_GAP(1.0): Credit-to-GDP gaps,I,Q: Quarterly,IN: India,P: Private non-financial sector,A: All sectors,A: Credit-to-GDP ratios (actual data),1974-Q2,29.795525791951,E: End of period,1: One,770: Percentage of GDP,0: Units,,,A: Normal value,F: Free,
dataflow,BIS:WS_CREDIT_GAP(1.0): Credit-to-GDP gaps,I,Q: Quarterly,IN: India,P: Private non-financial sector,A: All sectors,A: Credit-to-GDP ratios (actual data),1974-Q3,28.448425838038,E: End of period,1: One,770: Percentage of GDP,0: Units,,,A: Normal value,F: Free,
dataflow,BIS:WS_CREDIT_GAP(1.0): Credit-to-GDP gaps,I,Q: Quarterly,IN: India,P: Private non-financial sector,A: All sectors,A: Credit-to-GDP ratios (actual data),1974-Q4,28.925289341914,E: End of period,1: One,770: Percentage of GDP,0: Units,,,A: Normal value,F: Free,
dataflow,BIS:WS_CREDIT_GAP(1.0): Credit-to-GDP gaps,I,Q: Quarterly,IN: India,P: Private non-financial sector,A: All sectors,A: Credit-to-GDP ratios (actual data),1975-Q1,30.516293573915,E: End of period,1: One,770: Percentage of GDP,0: Units,,,A: Normal value,F: Free,
dataflow,BIS:WS_CREDIT_GAP(1.0): Credit-to-GDP gaps,I,Q: Quarterly,IN: India,P: Private non-financial sector,A: All sectors,A: Credit-to-GDP ratios (actual data),1975-Q2,30.689041059968,E: End of period,1: One,770: Percentage of GDP,0: Units,,,A: Normal value,F: Free,
dataflow,BIS:WS_CREDIT_GAP(1.0): Credit-to-GDP gaps,I,Q: Quarterly,IN: India,P: Private non-financial sector,A: All sectors,A: Credit-to-GDP ratios (actual data),1975-Q3,30.959464691714,E: End of period,1: One,770: Percentage of GDP,0: Units,,,A: Normal value,F: Free,
dataflow,BIS:WS_CREDIT_GAP(1.0): Credit-to-GDP gaps,I,Q: Quarterly,IN: India,P: Private non-financial sector,A: All sectors,A: Credit-to-GDP ratios (actual data),1975-Q4,32.937562936186,E: End of period,1: One,770: Percentage of GDP,0: Units,,,A: Normal value,F: Free,
dataflow,BIS:WS_CREDIT_GAP(1.0): Credit-to-GDP gaps,I,Q: Quarterly,IN: India,P: Private non-financial sector,A: All sectors,A: Credit-to-GDP ratios (actual data),1976-Q1,35.29656119061,E: End of period,1: One,770: Percentage of GDP,0: Units,,,A: Normal value,F: Free,
dataflow,BIS:WS_CREDIT_GAP(1.0): Credit-to-GDP gaps,I,Q: Quarterly,IN: India,P: Private non-financial sector,A: All sectors,A: Credit-to-GDP ratios (actual data),1976-Q2,35.730002010272,E: End of period,1: One,770: Percentage of GDP,0: Units,,,A: Normal value,F: Free,
dataflow,BIS:WS_CREDIT_GAP(1.0): Credit-to-GDP gaps,I,Q: Quarterly,IN: India,P: Private non-financial sector,A: All sectors,A: Credit-to-GDP ratios (actual data),1976-Q3,36.548179150911,E: End of period,1: One,770: Percentage of GDP,0: Units,,,A: Normal value,F: Free,
dataflow,BIS:WS_CREDIT_GAP(1.0): Credit-to-GDP gaps,I,Q: Quarterly,IN: India,P: Private non-financial sector,A: All sectors,A: Credit-to-GDP ratios (actual data),1976-Q4,39.391414052933,E: End of period,1: One,770: Percentage of GDP,0: Units,,,A: Normal value,F: Free,
dataflow,BIS:WS_CREDIT_GAP(1.0): Credit-to-GDP gaps,I,Q: Quarterly,IN: India,P: Private non-financial sector,A: All sectors,A: Credit-to-GDP ratios (actual data),1977-Q1,39.161285890945,E: End of period,1: One,770: Percentage of GDP,0: Units,,,A: Normal value,F: Free,
dataflow,BIS:WS_CREDIT_GAP(1.0): Credit-to-GDP gaps,I,Q: Quarterly,IN: India,P: Private non-financial sector,A: All sectors,A: Credit-to-GDP ratios (actual data),1977-Q2,38.239336170345,E: End of period,1: One,770: Percentage of GDP,0: Units,,,A: Normal value,F: Free,
dataflow,BIS:WS_CREDIT_GAP(1.0): Credit-to-GDP gaps,I,Q: Quarterly,IN: India,P: Private non-financial sector,A: All sectors,A: Credit-to-GDP ratios (actual data),1977-Q3,37.943905458174,E: End of period,1: One,770: Percentage of GDP,0: Units,,,A: Normal value,F: Free,
dataflow,BIS:WS_CREDIT_GAP(1.0): Credit-to-GDP gaps,I,Q: Quarterly,IN: India,P: Private non-financial sector,A: All sectors,A: Credit-to-GDP ratios (actual data),1977-Q4,39.355876874445,E: End of period,1: One,770: Percentage of GDP,0: Units,,,A: Normal value,F: Free,
dataflow,BIS:WS_CREDIT_GAP(1.0): Credit-to-GDP gaps,I,Q: Quarterly,IN: India,P: Private non-financial sector,A: All sectors,A: Credit-to-GDP ratios (actual data),1978-Q1,39.127557914589,E: End of period,1: One,770: Percentage of GDP,0: Units,,,A: Normal value,F: Free,
dataflow,BIS:WS_CREDIT_GAP(1.0): Credit-to-GDP gaps,I,Q: Quarterly,IN: India,P: Private non-financial sector,A: All sectors,A: Credit-to-GDP ratios (actual data),1978-Q2,40.022658072404,E: End of period,1: One,770: Percentage of GDP,0: Units,,,A: Normal value,F: Free,
dataflow,BIS:WS_CREDIT_GAP(1.0): Credit-to-GDP gaps,I,Q: Quarterly,IN: India,P: Private non-financial sector,A: All sectors,A: Credit-to-GDP ratios (actual data),1978-Q3,40.030256287714,E: End of period,1: One,770: Percentage of GDP,0: Units,,,A: Normal value,F: Free,
dataflow,BIS:WS_CREDIT_GAP(1.0): Credit-to-GDP gaps,I,Q: Quarterly,IN: India,P: Private non-financial sector,A: All sectors,A: Credit-to-GDP ratios (actual data),1978-Q4,43.654814054856,E: End of period,1: One,770: Percentage of GDP,0: Units,,,A: Normal value,F: Free,
dataflow,BIS:WS_CREDIT_GAP(1.0): Credit-to-GDP gaps,I,Q: Quarterly,IN: India,P: Private non-financial sector,A: All sectors,A: Credit-to-GDP ratios (actual data),1979-Q1,43.506926003714,E: End of period,1: One,770: Percentage of GDP,0: Units,,,A: Normal value,F: Free,
dataflow,BIS:WS_CREDIT_GAP(1.0): Credit-to-GDP gaps,I,Q: Quarterly,IN: India,P: Private non-financial sector,A: All sectors,A: Credit-to-GDP ratios (actual data),1979-Q2,44.667893367928,E: End of period,1: One,770: Percentage of GDP,0: Units,,,A: Normal value,F: Free,
dataflow,BIS:WS_CREDIT_GAP(1.0): Credit-to-GDP gaps,I,Q: Quarterly,IN: India,P: Private non-financial sector,A: All sectors,A: Credit-to-GDP ratios (actual data),1979-Q3,45.427839037798,E: End of period,1: One,770: Percentage of GDP,0: Units,,,A: Normal value,F: Free,
dataflow,BIS:WS_CREDIT_GAP(1.0): Credit-to-GDP gaps,I,Q: Quarterly,IN: India,P: Private non-financial sector,A: All sectors,A: Credit-to-GDP ratios (actual data),1979-Q4,47.074069094599,E: End of period,1: One,770: Percentage of GDP,0: Units,,,A: Normal value,F: Free,
dataflow,BIS:WS_CREDIT_GAP(1.0): Credit-to-GDP gaps,I,Q: Quarterly,IN: India,P: Private non-financial sector,A: All sectors,A: Credit-to-GDP ratios (actual data),1980-Q1,47.131502911951,E: End of period,1: One,770: Percentage of GDP,0: Units,,,A: Normal value,F: Free,
dataflow,BIS:WS_CREDIT_GAP(1.0): Credit-to-GDP gaps,I,Q: Quarterly,IN: India,P: Private non-financial sector,A: All sectors,A: Credit-to-GDP ratios (actual data),1980-Q2,45.589085730774,E: End of period,1: One,770: Percentage of GDP,0: Units,,,A: Normal value,F: Free,
dataflow,BIS:WS_CREDIT_GAP(1.0): Credit-to-GDP gaps,I,Q: Quarterly,IN: India,P: Private non-financial sector,A: All sectors,A: Credit-to-GDP ratios (actual data),1980-Q3,44.13190175851,E: End of period,1: One,770: Percentage of GDP,0: Units,,,A: Normal value,F: Free,
dataflow,BIS:WS_CREDIT_GAP(1.0): Credit-to-GDP gaps,I,Q: Quarterly,IN: India,P: Private non-financial sector,A: All sectors,A: Credit-to-GDP ratios (actual data),1980-Q4,46.10347314322,E: End of period,1: One,770: Percentage of GDP,0: Units,,,A: Normal value,F: Free,
dataflow,BIS:WS_CREDIT_GAP(1.0): Credit-to-GDP gaps,I,Q: Quarterly,IN: India,P: Private non-financial sector,A: All sectors,A: Credit-to-GDP ratios (actual data),1981-Q1,46.88630373205,E: End of period,1: One,770: Percentage of GDP,0: Units,,,A: Normal value,F: Free,
dataflow,BIS:WS_CREDIT_GAP(1.0): Credit-to-GDP gaps,I,Q: Quarterly,IN: India,P: Private non-financial sector,A: All sectors,A: Credit-to-GDP ratios (actual data),1981-Q2,46.260475128236,E: End of period,1: One,770: Percentage of GDP,0: Units,,,A: Normal value,F: Free,
dataflow,BIS:WS_CREDIT_GAP(1.0): Credit-to-GDP gaps,I,Q: Quarterly,IN: India,P: Private non-financial sector,A: All sectors,A: Credit-to-GDP ratios (actual data),1981-Q3,45.607138687821,E: End of period,1: One,770: Percentage of GDP,0: Units,,,A: Normal value,F: Free,
dataflow,BIS:WS_CREDIT_GAP(1.0): Credit-to-GDP gaps,I,Q: Quarterly,IN: India,P: Private non-financial sector,A: All sectors,A: Credit-to-GDP ratios (actual data),1981-Q4,47.684263078314,E: End of period,1: One,770: Percentage of GDP,0: Units,,,A: Normal value,F: Free,
dataflow,BIS:WS_CREDIT_GAP(1.0): Credit-to-GDP gaps,I,Q: Quarterly,IN: India,P: Private non-financial sector,A: All sectors,A: Credit-to-GDP ratios (actual data),1982-Q1,47.872913214171,E: End of period,1: One,770: Percentage of GDP,0: Units,,,A: Normal value,F: Free,
dataflow,BIS:WS_CREDIT_GAP(1.0): Credit-to-GDP gaps,I,Q: Quarterly,IN: India,P: Private non-financial sector,A: All sectors,A: Credit-to-GDP ratios (actual data),1982-Q2,47.342162022328,E: End of period,1: One,770: Percentage of GDP,0: Units,,,A: Normal value,F: Free,
dataflow,BIS:WS_CREDIT_GAP(1.0): Credit-to-GDP gaps,I,Q: Quarterly,IN: India,P: Private non-financial sector,A: All sectors,A: Credit-to-GDP ratios (actual data),1982-Q3,47.221647505099,E: End of period,1: One,770: Percentage of GDP,0: Units,,,A: Normal value,F: Free,
dataflow,BIS:WS_CREDIT_GAP(1.0): Credit-to-GDP gaps,I,Q: Quarterly,IN: India,P: Private non-financial sector,A: All sectors,A: Credit-to-GDP ratios (actual data),1982-Q4,51.087407705974,E: End of period,1: One,770: Percentage of GDP,0: Units,,,A: Normal value,F: Free,
dataflow,BIS:WS_CREDIT_GAP(1.0): Credit-to-GDP gaps,I,Q: Quarterly,IN: India,P: Private non-financial sector,A: All sectors,A: Credit-to-GDP ratios (actual data),1983-Q1,50.55599924575,E: End of period,1: One,770: Percentage of GDP,0: Units,,,A: Normal value,F: Free,
dataflow,BIS:WS_CREDIT_GAP(1.0): Credit-to-GDP gaps,I,Q: Quarterly,IN: India,P: Private non-financial sector,A: All sectors,A: Credit-to-GDP ratios (actual data),1983-Q2,49.427302309359,E: End of period,1: One,770: Percentage of GDP,0: Units,,,A: Normal value,F: Free,
dataflow,BIS:WS_CREDIT_GAP(1.0): Credit-to-GDP gaps,I,Q: Quarterly,IN: India,P: Private non-financial sector,A: All sectors,A: Credit-to-GDP ratios (actual data),1983-Q3,48.786458579282,E: End of period,1: One,770: Percentage of GDP,0: Units,,,A: Normal value,F: Free,
dataflow,BIS:WS_CREDIT_GAP(1.0): Credit-to-GDP gaps,I,Q: Quarterly,IN: India,P: Private non-financial sector,A: All sectors,A: Credit-to-GDP ratios (actual data),1983-Q4,51.076351139976,E: End of period,1: One,770: Percentage of GDP,0: Units,,,A: Normal value,F: Free,
dataflow,BIS:WS_CREDIT_GAP(1.0): Credit-to-GDP gaps,I,Q: Quarterly,IN: India,P: Private non-financial sector,A: All sectors,A: Credit-to-GDP ratios (actual data),1984-Q1,51.574315631364,E: End of period,1: One,770: Percentage of GDP,0: Units,,,A: Normal value,F: Free,
dataflow,BIS:WS_CREDIT_GAP(1.0): Credit-to-GDP gaps,I,Q: Quarterly,IN: India,P: Private non-financial sector,A: All sectors,A: Credit-to-GDP ratios (actual data),1984-Q2,51.820283973042,E: End of period,1: One,770: Percentage of GDP,0: Units,,,A: Normal value,F: Free,
dataflow,BIS:WS_CREDIT_GAP(1.0): Credit-to-GDP gaps,I,Q: Quarterly,IN: India,P: Private non-financial sector,A: All sectors,A: Credit-to-GDP ratios (actual data),1984-Q3,51.035741321536,E: End of period,1: One,770: Percentage of GDP,0: Units,,,A: Normal value,F: Free,
dataflow,BIS:WS_CREDIT_GAP(1.0): Credit-to-GDP gaps,I,Q: Quarterly,IN: India,P: Private non-financial sector,A: All sectors,A: Credit-to-GDP ratios (actual data),1984-Q4,53.854210667133,E: End of period,1: One,770: Percentage of GDP,0: Units,,,A: Normal value,F: Free,
dataflow,BIS:WS_CREDIT_GAP(1.0): Credit-to-GDP gaps,I,Q: Quarterly,IN: India,P: Private non-financial sector,A: All sectors,A: Credit-to-GDP ratios (actual data),1985-Q1,54.147141043614,E: End of period,1: One,770: Percentage of GDP,0: Units,,,A: Normal value,F: Free,
dataflow,BIS:WS_CREDIT_GAP(1.0): Credit-to-GDP gaps,I,Q: Quarterly,IN: India,P: Private non-financial sector,A: All sectors,A: Credit-to-GDP ratios (actual data),1985-Q2,52.731594204119,E: End of period,1: One,770: Percentage of GDP,0: Units,,,A: Normal value,F: Free,
dataflow,BIS:WS_CREDIT_GAP(1.0): Credit-to-GDP gaps,I,Q: Quarterly,IN: India,P: Private non-financial sector,A: All sectors,A: Credit-to-GDP ratios (actual data),1985-Q3,52.657129090461,E: End of period,1: One,770: Percentage of GDP,0: Units,,,A: Normal value,F: Free,
dataflow,BIS:WS_CREDIT_GAP(1.0): Credit-to-GDP gaps,I,Q: Quarterly,IN: India,P: Private non-financial sector,A: All sectors,A: Credit-to-GDP ratios (actual data),1985-Q4,53.851773897163,E: End of period,1: One,770: Percentage of GDP,0: Units,,,A: Normal value,F: Free,
dataflow,BIS:WS_CREDIT_GAP(1.0): Credit-to-GDP gaps,I,Q: Quarterly,IN: India,P: Private non-financial sector,A: All sectors,A: Credit-to-GDP ratios (actual data),1986-Q1,56.388698252887,E: End of period,1: One,770: Percentage of GDP,0: Units,,,A: Normal value,F: Free,
dataflow,BIS:WS_CREDIT_GAP(1.0): Credit-to-GDP gaps,I,Q: Quarterly,IN: India,P: Private non-financial sector,A: All sectors,A: Credit-to-GDP ratios (actual data),1986-Q2,54.762696072887,E: End of period,1: One,770: Percentage of GDP,0: Units,,,A: Normal value,F: Free,
dataflow,BIS:WS_CREDIT_GAP(1.0): Credit-to-GDP gaps,I,Q: Quarterly,IN: India,P: Private non-financial sector,A: All sectors,A: Credit-to-GDP ratios (actual data),1986-Q3,53.917743128755,E: End of period,1: One,770: Percentage of GDP,0: Units,,,A: Normal value,F: Free,
dataflow,BIS:WS_CREDIT_GAP(1.0): Credit-to-GDP gaps,I,Q: Quarterly,IN: India,P: Private non-financial sector,A: All sectors,A: Credit-to-GDP ratios (actual data),1986-Q4,55.009767439686,E: End of period,1: One,770: Percentage of GDP,0: Units,,,A: Normal value,F: Free,
dataflow,BIS:WS_CREDIT_GAP(1.0): Credit-to-GDP gaps,I,Q: Quarterly,IN: India,P: Private non-financial sector,A: All sectors,A: Credit-to-GDP ratios (actual data),1987-Q1,57.777211104593,E: End of period,1: One,770: Percentage of GDP,0: Units,,,A: Normal value,F: Free,
dataflow,BIS:WS_CREDIT_GAP(1.0): Credit-to-GDP gaps,I,Q: Quarterly,IN: India,P: Private non-financial sector,A: All sectors,A: Credit-to-GDP ratios (actual data),1987-Q2,55.237903161388,E: End of period,1: One,770: Percentage of GDP,0: Units,,,A: Normal value,F: Free,
dataflow,BIS:WS_CREDIT_GAP(1.0): Credit-to-GDP gaps,I,Q: Quarterly,IN: India,P: Private non-financial sector,A: All sectors,A: Credit-to-GDP ratios (actual data),1987-Q3,54.737270866671,E: End of period,1: One,770: Percentage of GDP,0: Units,,,A: Normal value,F: Free,
dataflow,BIS:WS_CREDIT_GAP(1.0): Credit-to-GDP gaps,I,Q: Quarterly,IN: India,P: Private non-financial sector,A: All sectors,A: Credit-to-GDP ratios (actual data),1987-Q4,55.181900235893,E: End of period,1: One,770: Percentage of GDP,0: Units,,,A: Normal value,F: Free,
dataflow,BIS:WS_CREDIT_GAP(1.0): Credit-to-GDP gaps,I,Q: Quarterly,IN: India,P: Private non-financial sector,A: All sectors,A: Credit-to-GDP ratios (actual data),1988-Q1,57.965123959139,E: End of period,1: One,770: Percentage of GDP,0: Units,,,A: Normal value,F: Free,
dataflow,BIS:WS_CREDIT_GAP(1.0): Credit-to-GDP gaps,I,Q: Quarterly,IN: India,P: Private non-financial sector,A: All sectors,A: Credit-to-GDP ratios (actual data),1988-Q2,55.349488474301,E: End of period,1: One,770: Percentage of GDP,0: Units,,,A: Normal value,F: Free,
dataflow,BIS:WS_CREDIT_GAP(1.0): Credit-to-GDP gaps,I,Q: Quarterly,IN: India,P: Private non-financial sector,A: All sectors,A: Credit-to-GDP ratios (actual data),1988-Q3,54.709747981781,E: End of period,1: One,770: Percentage of GDP,0: Units,,,A: Normal value,F: Free,
dataflow,BIS:WS_CREDIT_GAP(1.0): Credit-to-GDP gaps,I,Q: Quarterly,IN: India,P: Private non-financial sector,A: All sectors,A: Credit-to-GDP ratios (actual data),1988-Q4,57.776003413676,E: End of period,1: One,770: Percentage of GDP,0: Units,,,A: Normal value,F: Free,
dataflow,BIS:WS_CREDIT_GAP(1.0): Credit-to-GDP gaps,I,Q: Quarterly,IN: India,P: Private non-financial sector,A: All sectors,A: Credit-to-GDP ratios (actual data),1989-Q1,57.921137034985,E: End of period,1: One,770: Percentage of GDP,0: Units,,,A: Normal value,F: Free,
dataflow,BIS:WS_CREDIT_GAP(1.0): Credit-to-GDP gaps,I,Q: Quarterly,IN: India,P: Private non-financial sector,A: All sectors,A: Credit-to-GDP ratios (actual data),1989-Q2,57.807941430898,E: End of period,1: One,770: Percentage of GDP,0: Units,,,A: Normal value,F: Free,
dataflow,BIS:WS_CREDIT_GAP(1.0): Credit-to-GDP gaps,I,Q: Quarterly,IN: India,P: Private non-financial sector,A: All sectors,A: Credit-to-GDP ratios (actual data),1989-Q3,56.841277222139,E: End of period,1: One,770: Percentage of GDP,0: Units,,,A: Normal value,F: Free,
dataflow,BIS:WS_CREDIT_GAP(1.0): Credit-to-GDP gaps,I,Q: Quarterly,IN: India,P: Private non-financial sector,A: All sectors,A: Credit-to-GDP ratios (actual data),1989-Q4,58.367208620877,E: End of period,1: One,770: Percentage of GDP,0: Units,,,A: Normal value,F: Free,
dataflow,BIS:WS_CREDIT_GAP(1.0): Credit-to-GDP gaps,I,Q: Quarterly,IN: India,P: Private non-financial sector,A: All sectors,A: Credit-to-GDP ratios (actual data),1990-Q1,59.308489887761,E: End of period,1: One,770: Percentage of GDP,0: Units,,,A: Normal value,F: Free,
dataflow,BIS:WS_CREDIT_GAP(1.0): Credit-to-GDP gaps,I,Q: Quarterly,IN: India,P: Private non-financial sector,A: All sectors,A: Credit-to-GDP ratios (actual data),1990-Q2,58.191963738893,E: End of period,1: One,770: Percentage of GDP,0: Units,,,A: Normal value,F: Free,
dataflow,BIS:WS_CREDIT_GAP(1.0): Credit-to-GDP gaps,I,Q: Quarterly,IN: India,P: Private non-financial sector,A: All sectors,A: Credit-to-GDP ratios (actual data),1990-Q3,56.567137720868,E: End of period,1: One,770: Percentage of GDP,0: Units,,,A: Normal value,F: Free,
dataflow,BIS:WS_CREDIT_GAP(1.0): Credit-to-GDP gaps,I,Q: Quarterly,IN: India,P: Private non-financial sector,A: All sectors,A: Credit-to-GDP ratios (actual data),1990-Q4,57.300751076667,E: End of period,1: One,770: Percentage of GDP,0: Units,,,A: Normal value,F: Free,
dataflow,BIS:WS_CREDIT_GAP(1.0): Credit-to-GDP gaps,I,Q: Quarterly,IN: India,P: Private non-financial sector,A: All sectors,A: Credit-to-GDP ratios (actual data),1991-Q1,57.324745716222,E: End of period,1: One,770: Percentage of GDP,0: Units,,,A: Normal value,F: Free,
dataflow,BIS:WS_CREDIT_GAP(1.0): Credit-to-GDP gaps,I,Q: Quarterly,IN: India,P: Private non-financial sector,A: All sectors,A: Credit-to-GDP ratios (actual data),1991-Q2,55.483640928309,E: End of period,1: One,770: Percentage of GDP,0: Units,,,A: Normal value,F: Free,
dataflow,BIS:WS_CREDIT_GAP(1.0): Credit-to-GDP gaps,I,Q: Quarterly,IN: India,P: Private non-financial sector,A: All sectors,A: Credit-to-GDP ratios (actual data),1991-Q3,53.680270935491,E: End of period,1: One,770: Percentage of GDP,0: Units,,,A: Normal value,F: Free,
dataflow,BIS:WS_CREDIT_GAP(1.0): Credit-to-GDP gaps,I,Q: Quarterly,IN: India,P: Private non-financial sector,A: All sectors,A: Credit-to-GDP ratios (actual data),1991-Q4,53.642788084825,E: End of period,1: One,770: Percentage of GDP,0: Units,,,A: Normal value,F: Free,
dataflow,BIS:WS_CREDIT_GAP(1.0): Credit-to-GDP gaps,I,Q: Quarterly,IN: India,P: Private non-financial sector,A: All sectors,A: Credit-to-GDP ratios (actual data),1992-Q1,54.499340067676,E: End of period,1: One,770: Percentage of GDP,0: Units,,,A: Normal value,F: Free,
dataflow,BIS:WS_CREDIT_GAP(1.0): Credit-to-GDP gaps,I,Q: Quarterly,IN: India,P: Private non-financial sector,A: All sectors,A: Credit-to-GDP ratios (actual data),1992-Q2,55.220862843995,E: End of period,1: One,770: Percentage of GDP,0: Units,,,A: Normal value,F: Free,
dataflow,BIS:WS_CREDIT_GAP(1.0): Credit-to-GDP gaps,I,Q: Quarterly,IN: India,P: Private non-financial sector,A: All sectors,A: Credit-to-GDP ratios (actual data),1992-Q3,55.225011983434,E: End of period,1: One,770: Percentage of GDP,0: Units,,,A: Normal value,F: Free,
dataflow,BIS:WS_CREDIT_GAP(1.0): Credit-to-GDP gaps,I,Q: Quarterly,IN: India,P: Private non-financial sector,A: All sectors,A: Credit-to-GDP ratios (actual data),1992-Q4,56.252086941915,E: End of period,1: One,770: Percentage of GDP,0: Units,,,A: Normal value,F: Free,
dataflow,BIS:WS_CREDIT_GAP(1.0): Credit-to-GDP gaps,I,Q: Quarterly,IN: India,P: Private non-financial sector,A: All sectors,A: Credit-to-GDP ratios (actual data),1993-Q1,57.488603168699,E: End of period,1: One,770: Percentage of GDP,0: Units,,,A: Normal value,F: Free,
dataflow,BIS:WS_CREDIT_GAP(1.0): Credit-to-GDP gaps,I,Q: Quarterly,IN: India,P: Private non-financial sector,A: All sectors,A: Credit-to-GDP ratios (actual data),1993-Q2,55.871926202596,E: End of period,1: One,770: Percentage of GDP,0: Units,,,A: Normal value,F: Free,
dataflow,BIS:WS_CREDIT_GAP(1.0): Credit-to-GDP gaps,I,Q: Quarterly,IN: India,P: Private non-financial sector,A: All sectors,A: Credit-to-GDP ratios (actual data),1993-Q3,53.307215976935,E: End of period,1: One,770: Percentage of GDP,0: Units,,,A: Normal value,F: Free,
dataflow,BIS:WS_CREDIT_GAP(1.0): Credit-to-GDP gaps,I,Q: Quarterly,IN: India,P: Private non-financial sector,A: All sectors,A: Credit-to-GDP ratios (actual data),1993-Q4,53.37852601183,E: End of period,1: One,770: Percentage of GDP,0: Units,,,A: Normal value,F: Free,
dataflow,BIS:WS_CREDIT_GAP(1.0): Credit-to-GDP gaps,I,Q: Quarterly,IN: India,P: Private non-financial sector,A: All sectors,A: Credit-to-GDP ratios (actual data),1994-Q1,53.171811950687,E: End of period,1: One,770: Percentage of GDP,0: Units,,,A: Normal value,F: Free,
dataflow,BIS:WS_CREDIT_GAP(1.0): Credit-to-GDP gaps,I,Q: Quarterly,IN: India,P: Private non-financial sector,A: All sectors,A: Credit-to-GDP ratios (actual data),1994-Q2,51.135633967192,E: End of period,1: One,770: Percentage of GDP,0: Units,,,A: Normal value,F: Free,
dataflow,BIS:WS_CREDIT_GAP(1.0): Credit-to-GDP gaps,I,Q: Quarterly,IN: India,P: Private non-financial sector,A: All sectors,A: Credit-to-GDP ratios (actual data),1994-Q3,52.156287065662,E: End of period,1: One,770: Percentage of GDP,0: Units,,,A: Normal value,F: Free,
dataflow,BIS:WS_CREDIT_GAP(1.0): Credit-to-GDP gaps,I,Q: Quarterly,IN: India,P: Private non-financial sector,A: All sectors,A: Credit-to-GDP ratios (actual data),1994-Q4,52.376052103318,E: End of period,1: One,770: Percentage of GDP,0: Units,,,A: Normal value,F: Free,
dataflow,BIS:WS_CREDIT_GAP(1.0): Credit-to-GDP gaps,I,Q: Quarterly,IN: India,P: Private non-financial sector,A: All sectors,A: Credit-to-GDP ratios (actual data),1995-Q1,55.503549901307,E: End of period,1: One,770: Percentage of GDP,0: Units,,,A: Normal value,F: Free,
dataflow,BIS:WS_CREDIT_GAP(1.0): Credit-to-GDP gaps,I,Q: Quarterly,IN: India,P: Private non-financial sector,A: All sectors,A: Credit-to-GDP ratios (actual data),1995-Q2,53.597533528498,E: End of period,1: One,770: Percentage of GDP,0: Units,,,A: Normal value,F: Free,
dataflow,BIS:WS_CREDIT_GAP(1.0): Credit-to-GDP gaps,I,Q: Quarterly,IN: India,P: Private non-financial sector,A: All sectors,A: Credit-to-GDP ratios (actual data),1995-Q3,54.446953219706,E: End of period,1: One,770: Percentage of GDP,0: Units,,,A: Normal value,F: Free,
dataflow,BIS:WS_CREDIT_GAP(1.0): Credit-to-GDP gaps,I,Q: Quarterly,IN: India,P: Private non-financial sector,A: All sectors,A: Credit-to-GDP ratios (actual data),1995-Q4,54.400431339445,E: End of period,1: One,770: Percentage of GDP,0: Units,,,A: Normal value,F: Free,
dataflow,BIS:WS_CREDIT_GAP(1.0): Credit-to-GDP gaps,I,Q: Quarterly,IN: India,P: Private non-financial sector,A: All sectors,A: Credit-to-GDP ratios (actual data),1996-Q1,56.715457207642,E: End of period,1: One,770: Percentage of GDP,0: Units,,,A: Normal value,F: Free,
dataflow,BIS:WS_CREDIT_GAP(1.0): Credit-to-GDP gaps,I,Q: Quarterly,IN: India,P: Private non-financial sector,A: All sectors,A: Credit-to-GDP ratios (actual data),1996-Q2,54.520572579412,E: End of period,1: One,770: Percentage of GDP,0: Units,,,A: Normal value,F: Free,
dataflow,BIS:WS_CREDIT_GAP(1.0): Credit-to-GDP gaps,I,Q: Quarterly,IN: India,P: Private non-financial sector,A: All sectors,A: Credit-to-GDP ratios (actual data),1996-Q3,53.509243438812,E: End of period,1: One,770: Percentage of GDP,0: Units,,,A: Normal value,F: Free,
dataflow,BIS:WS_CREDIT_GAP(1.0): Credit-to-GDP gaps,I,Q: Quarterly,IN: India,P: Private non-financial sector,A: All sectors,A: Credit-to-GDP ratios (actual data),1996-Q4,53.124411400656,E: End of period,1: One,770: Percentage of GDP,0: Units,,,A: Normal value,F: Free,
dataflow,BIS:WS_CREDIT_GAP(1.0): Credit-to-GDP gaps,I,Q: Quarterly,IN: India,P: Private non-financial sector,A: All sectors,A: Credit-to-GDP ratios (actual data),1997-Q1,55.030602542336,E: End of period,1: One,770: Percentage of GDP,0: Units,,,A: Normal value,F: Free,
dataflow,BIS:WS_CREDIT_GAP(1.0): Credit-to-GDP gaps,I,Q: Quarterly,IN: India,P: Private non-financial sector,A: All sectors,A: Credit-to-GDP ratios (actual data),1997-Q2,53.017192697902,E: End of period,1: One,770: Percentage of GDP,0: Units,,,A: Normal value,F: Free,
dataflow,BIS:WS_CREDIT_GAP(1.0): Credit-to-GDP gaps,I,Q: Quarterly,IN: India,P: Private non-financial sector,A: All sectors,A: Credit-to-GDP ratios (actual data),1997-Q3,52.40281042906,E: End of period,1: One,770: Percentage of GDP,0: Units,,,A: Normal value,F: Free,
dataflow,BIS:WS_CREDIT_GAP(1.0): Credit-to-GDP gaps,I,Q: Quarterly,IN: India,P: Private non-financial sector,A: All sectors,A: Credit-to-GDP ratios (actual data),1997-Q4,53.895868936093,E: End of period,1: One,770: Percentage of GDP,0: Units,,,A: Normal value,F: Free,
dataflow,BIS:WS_CREDIT_GAP(1.0): Credit-to-GDP gaps,I,Q: Quarterly,IN: India,P: Private non-financial sector,A: All sectors,A: Credit-to-GDP ratios (actual data),1998-Q1,57.15627395579,E: End of period,1: One,770: Percentage of GDP,0: Units,,,A: Normal value,F: Free,
dataflow,BIS:WS_CREDIT_GAP(1.0): Credit-to-GDP gaps,I,Q: Quarterly,IN: India,P: Private non-financial sector,A: All sectors,A: Credit-to-GDP ratios (actual data),1998-Q2,55.609446462359,E: End of period,1: One,770: Percentage of GDP,0: Units,,,A: Normal value,F: Free,
dataflow,BIS:WS_CREDIT_GAP(1.0): Credit-to-GDP gaps,I,Q: Quarterly,IN: India,P: Private non-financial sector,A: All sectors,A: Credit-to-GDP ratios (actual data),1998-Q3,55.269490645031,E: End of period,1: One,770: Percentage of GDP,0: Units,,,A: Normal value,F: Free,
dataflow,BIS:WS_CREDIT_GAP(1.0): Credit-to-GDP gaps,I,Q: Quarterly,IN: India,P: Private non-financial sector,A: All sectors,A: Credit-to-GDP ratios (actual data),1998-Q4,54.56477630376,E: End of period,1: One,770: Percentage of GDP,0: Units,,,A: Normal value,F: Free,
dataflow,BIS:WS_CREDIT_GAP(1.0): Credit-to-GDP gaps,I,Q: Quarterly,IN: India,P: Private non-financial sector,A: All sectors,A: Credit-to-GDP ratios (actual data),1999-Q1,57.759970777798,E: End of period,1: One,770: Percentage of GDP,0: Units,,,A: Normal value,F: Free,
dataflow,BIS:WS_CREDIT_GAP(1.0): Credit-to-GDP gaps,I,Q: Quarterly,IN: India,P: Private non-financial sector,A: All sectors,A: Credit-to-GDP ratios (actual data),1999-Q2,55.173210779075,E: End of period,1: One,770: Percentage of GDP,0: Units,,,A: Normal value,F: Free,
dataflow,BIS:WS_CREDIT_GAP(1.0): Credit-to-GDP gaps,I,Q: Quarterly,IN: India,P: Private non-financial sector,A: All sectors,A: Credit-to-GDP ratios (actual data),1999-Q3,55.638491826949,E: End of period,1: One,770: Percentage of GDP,0: Units,,,A: Normal value,F: Free,
dataflow,BIS:WS_CREDIT_GAP(1.0): Credit-to-GDP gaps,I,Q: Quarterly,IN: India,P: Private non-financial sector,A: All sectors,A: Credit-to-GDP ratios (actual data),1999-Q4,58.419415720324,E: End of period,1: One,770: Percentage of GDP,0: Units,,,A: Normal value,F: Free,
dataflow,BIS:WS_CREDIT_GAP(1.0): Credit-to-GDP gaps,I,Q: Quarterly,IN: India,P: Private non-financial sector,A: All sectors,A: Credit-to-GDP ratios (actual data),2000-Q1,59.372203118206,E: End of period,1: One,770: Percentage of GDP,0: Units,,,A: Normal value,F: Free,
dataflow,BIS:WS_CREDIT_GAP(1.0): Credit-to-GDP gaps,I,Q: Quarterly,IN: India,P: Private non-financial sector,A: All sectors,A: Credit-to-GDP ratios (actual data),2000-Q2,60.57379753822,E: End of period,1: One,770: Percentage of GDP,0: Units,,,A: Normal value,F: Free,
dataflow,BIS:WS_CREDIT_GAP(1.0): Credit-to-GDP gaps,I,Q: Quarterly,IN: India,P: Private non-financial sector,A: All sectors,A: Credit-to-GDP ratios (actual data),2000-Q3,60.403013454508,E: End of period,1: One,770: Percentage of GDP,0: Units,,,A: Normal value,F: Free,
dataflow,BIS:WS_CREDIT_GAP(1.0): Credit-to-GDP gaps,I,Q: Quarterly,IN: India,P: Private non-financial sector,A: All sectors,A: Credit-to-GDP ratios (actual data),2000-Q4,62.461795446474,E: End of period,1: One,770: Percentage of GDP,0: Units,,,A: Normal value,F: Free,
dataflow,BIS:WS_CREDIT_GAP(1.0): Credit-to-GDP gaps,I,Q: Quarterly,IN: India,P: Private non-financial sector,A: All sectors,A: Credit-to-GDP ratios (actual data),2001-Q1,63.428285479383,E: End of period,1: One,770: Percentage of GDP,0: Units,,,A: Normal value,F: Free,
dataflow,BIS:WS_CREDIT_GAP(1.0): Credit-to-GDP gaps,I,Q: Quarterly,IN: India,P: Private non-financial sector,A: All sectors,A: Credit-to-GDP ratios (actual data),2001-Q2,62.900519096306,E: End of period,1: One,770: Percentage of GDP,0: Units,,,A: Normal value,F: Free,
dataflow,BIS:WS_CREDIT_GAP(1.0): Credit-to-GDP gaps,I,Q: Quarterly,IN: India,P: Private non-financial sector,A: All sectors,A: Credit-to-GDP ratios (actual data),2001-Q3,63.039460455766,E: End of period,1: One,770: Percentage of GDP,0: Units,,,A: Normal value,F: Free,
dataflow,BIS:WS_CREDIT_GAP(1.0): Credit-to-GDP gaps,I,Q: Quarterly,IN: India,P: Private non-financial sector,A: All sectors,A: Credit-to-GDP ratios (actual data),2001-Q4,64.132805492553,E: End of period,1: One,770: Percentage of GDP,0: Units,,,A: Normal value,F: Free,
dataflow,BIS:WS_CREDIT_GAP(1.0): Credit-to-GDP gaps,I,Q: Quarterly,IN: India,P: Private non-financial sector,A: All sectors,A: Credit-to-GDP ratios (actual data),2002-Q1,65.970769361969,E: End of period,1: One,770: Percentage of GDP,0: Units,,,A: Normal value,F: Free,
dataflow,BIS:WS_CREDIT_GAP(1.0): Credit-to-GDP gaps,I,Q: Quarterly,IN: India,P: Private non-financial sector,A: All sectors,A: Credit-to-GDP ratios (actual data),2002-Q2,69.507587361562,E: End of period,1: One,770: Percentage of GDP,0: Units,,,A: Normal value,F: Free,
dataflow,BIS:WS_CREDIT_GAP(1.0): Credit-to-GDP gaps,I,Q: Quarterly,IN: India,P: Private non-financial sector,A: All sectors,A: Credit-to-GDP ratios (actual data),2002-Q3,69.278210057622,E: End of period,1: One,770: Percentage of GDP,0: Units,,,A: Normal value,F: Free,
dataflow,BIS:WS_CREDIT_GAP(1.0): Credit-to-GDP gaps,I,Q: Quarterly,IN: India,P: Private non-financial sector,A: All sectors,A: Credit-to-GDP ratios (actual data),2002-Q4,70.559612725191,E: End of period,1: One,770: Percentage of GDP,0: Units,,,A: Normal value,F: Free,
dataflow,BIS:WS_CREDIT_GAP(1.0): Credit-to-GDP gaps,I,Q: Quarterly,IN: India,P: Private non-financial sector,A: All sectors,A: Credit-to-GDP ratios (actual data),2003-Q1,72.307204614846,E: End of period,1: One,770: Percentage of GDP,0: Units,,,A: Normal value,F: Free,
dataflow,BIS:WS_CREDIT_GAP(1.0): Credit-to-GDP gaps,I,Q: Quarterly,IN: India,P: Private non-financial sector,A: All sectors,A: Credit-to-GDP ratios (actual data),2003-Q2,71.189871037448,E: End of period,1: One,770: Percentage of GDP,0: Units,,,A: Normal value,F: Free,
dataflow,BIS:WS_CREDIT_GAP(1.0): Credit-to-GDP gaps,I,Q: Quarterly,IN: India,P: Private non-financial sector,A: All sectors,A: Credit-to-GDP ratios (actual data),2003-Q3,69.706861436347,E: End of period,1: One,770: Percentage of GDP,0: Units,,,A: Normal value,F: Free,
dataflow,BIS:WS_CREDIT_GAP(1.0): Credit-to-GDP gaps,I,Q: Quarterly,IN: India,P: Private non-financial sector,A: All sectors,A: Credit-to-GDP ratios (actual data),2003-Q4,70.76827994793,E: End of period,1: One,770: Percentage of GDP,0: Units,,,A: Normal value,F: Free,
dataflow,BIS:WS_CREDIT_GAP(1.0): Credit-to-GDP gaps,I,Q: Quarterly,IN: India,P: Private non-financial sector,A: All sectors,A: Credit-to-GDP ratios (actual data),2004-Q1,73.615587433399,E: End of period,1: One,770: Percentage of GDP,0: Units,,,A: Normal value,F: Free,
dataflow,BIS:WS_CREDIT_GAP(1.0): Credit-to-GDP gaps,I,Q: Quarterly,IN: India,P: Private non-financial sector,A: All sectors,A: Credit-to-GDP ratios (actual data),2004-Q2,73.269882581405,E: End of period,1: One,770: Percentage of GDP,0: Units,,,A: Normal value,F: Free,
dataflow,BIS:WS_CREDIT_GAP(1.0): Credit-to-GDP gaps,I,Q: Quarterly,IN: India,P: Private non-financial sector,A: All sectors,A: Credit-to-GDP ratios (actual data),2004-Q3,73.808637222774,E: End of period,1: One,770: Percentage of GDP,0: Units,,,A: Normal value,F: Free,
dataflow,BIS:WS_CREDIT_GAP(1.0): Credit-to-GDP gaps,I,Q: Quarterly,IN: India,P: Private non-financial sector,A: All sectors,A: Credit-to-GDP ratios (actual data),2004-Q4,78.235658757737,E: End of period,1: One,770: Percentage of GDP,0: Units,,,A: Normal value,F: Free,
dataflow,BIS:WS_CREDIT_GAP(1.0): Credit-to-GDP gaps,I,Q: Quarterly,IN: India,P: Private non-financial sector,A: All sectors,A: Credit-to-GDP ratios (actual data),2005-Q1,80.634849561455,E: End of period,1: One,770: Percentage of GDP,0: Units,,,A: Normal value,F: Free,
dataflow,BIS:WS_CREDIT_GAP(1.0): Credit-to-GDP gaps,I,Q: Quarterly,IN: India,P: Private non-financial sector,A: All sectors,A: Credit-to-GDP ratios (actual data),2005-Q2,81.522016986809,E: End of period,1: One,770: Percentage of GDP,0: Units,,,A: Normal value,F: Free,
dataflow,BIS:WS_CREDIT_GAP(1.0): Credit-to-GDP gaps,I,Q: Quarterly,IN: India,P: Private non-financial sector,A: All sectors,A: Credit-to-GDP ratios (actual data),2005-Q3,86.322036104322,E: End of period,1: One,770: Percentage of GDP,0: Units,,,A: Normal value,F: Free,
dataflow,BIS:WS_CREDIT_GAP(1.0): Credit-to-GDP gaps,I,Q: Quarterly,IN: India,P: Private non-financial sector,A: All sectors,A: Credit-to-GDP ratios (actual data),2005-Q4,87.512373483561,E: End of period,1: One,770: Percentage of GDP,0: Units,,,A: Normal value,F: Free,
dataflow,BIS:WS_CREDIT_GAP(1.0): Credit-to-GDP gaps,I,Q: Quarterly,IN: India,P: Private non-financial sector,A: All sectors,A: Credit-to-GDP ratios (actual data),2006-Q1,95.031875994225,E: End of period,1: One,770: Percentage of GDP,0: Units,,,A: Normal value,F: Free,
dataflow,BIS:WS_CREDIT_GAP(1.0): Credit-to-GDP gaps,I,Q: Quarterly,IN: India,P: Private non-financial sector,A: All sectors,A: Credit-to-GDP ratios (actual data),2006-Q2,93.576331053335,E: End of period,1: One,770: Percentage of GDP,0: Units,,,A: Normal value,F: Free,
dataflow,BIS:WS_CREDIT_GAP(1.0): Credit-to-GDP gaps,I,Q: Quarterly,IN: India,P: Private non-financial sector,A: All sectors,A: Credit-to-GDP ratios (actual data),2006-Q3,97.022011491321,E: End of period,1: One,770: Percentage of GDP,0: Units,,,A: Normal value,F: Free,
dataflow,BIS:WS_CREDIT_GAP(1.0): Credit-to-GDP gaps,I,Q: Quarterly,IN: India,P: Private non-financial sector,A: All sectors,A: Credit-to-GDP ratios (actual data),2006-Q4,97.179827637241,E: End of period,1: One,770: Percentage of GDP,0: Units,,,A: Normal value,F: Free,
dataflow,BIS:WS_CREDIT_GAP(1.0): Credit-to-GDP gaps,I,Q: Quarterly,IN: India,P: Private non-financial sector,A: All sectors,A: Credit-to-GDP ratios (actual data),2007-Q1,103.13290833297,E: End of period,1: One,770: Percentage of GDP,0: Units,,,A: Normal value,F: Free,
dataflow,BIS:WS_CREDIT_GAP(1.0): Credit-to-GDP gaps,I,Q: Quarterly,IN: India,P: Private non-financial sector,A: All sectors,A: Credit-to-GDP ratios (actual data),2007-Q2,98.496398369273,E: End of period,1: One,770: Percentage of GDP,0: Units,,,A: Normal value,F: Free,
dataflow,BIS:WS_CREDIT_GAP(1.0): Credit-to-GDP gaps,I,Q: Quarterly,IN: India,P: Private non-financial sector,A: All sectors,A: Credit-to-GDP ratios (actual data),2007-Q3,100.94410013327,E: End of period,1: One,770: Percentage of GDP,0: Units,,,A: Normal value,F: Free,
dataflow,BIS:WS_CREDIT_GAP(1.0): Credit-to-GDP gaps,I,Q: Quarterly,IN: India,P: Private non-financial sector,A: All sectors,A: Credit-to-GDP ratios (actual data),2007-Q4,102.05381825455,E: End of period,1: One,770: Percentage of GDP,0: Units,,,A: Normal value,F: Free,
dataflow,BIS:WS_CREDIT_GAP(1.0): Credit-to-GDP gaps,I,Q: Quarterly,IN: India,P: Private non-financial sector,A: All sectors,A: Credit-to-GDP ratios (actual data),2008-Q1,108.80991635778,E: End of period,1: One,770: Percentage of GDP,0: Units,,,A: Normal value,F: Free,
dataflow,BIS:WS_CREDIT_GAP(1.0): Credit-to-GDP gaps,I,Q: Quarterly,IN: India,P: Private non-financial sector,A: All sectors,A: Credit-to-GDP ratios (actual data),2008-Q2,106.25668154562,E: End of period,1: One,770: Percentage of GDP,0: Units,,,A: Normal value,F: Free,
dataflow,BIS:WS_CREDIT_GAP(1.0): Credit-to-GDP gaps,I,Q: Quarterly,IN: India,P: Private non-financial sector,A: All sectors,A: Credit-to-GDP ratios (actual data),2008-Q3,108.46822513968,E: End of period,1: One,770: Percentage of GDP,0: Units,,,A: Normal value,F: Free,
dataflow,BIS:WS_CREDIT_GAP(1.0): Credit-to-GDP gaps,I,Q: Quarterly,IN: India,P: Private non-financial sector,A: All sectors,A: Credit-to-GDP ratios (actual data),2008-Q4,109.15392865316,E: End of period,1: One,770: Percentage of GDP,0: Units,,,A: Normal value,F: Free,
dataflow,BIS:WS_CREDIT_GAP(1.0): Credit-to-GDP gaps,I,Q: Quarterly,IN: India,P: Private non-financial sector,A: All sectors,A: Credit-to-GDP ratios (actual data),2009-Q1,113.16457227862,E: End of period,1: One,770: Percentage of GDP,0: Units,,,A: Normal value,F: Free,
dataflow,BIS:WS_CREDIT_GAP(1.0): Credit-to-GDP gaps,I,Q: Quarterly,IN: India,P: Private non-financial sector,A: All sectors,A: Credit-to-GDP ratios (actual data),2009-Q2,109.8028762246,E: End of period,1: One,770: Percentage of GDP,0: Units,,,A: Normal value,F: Free,
dataflow,BIS:WS_CREDIT_GAP(1.0): Credit-to-GDP gaps,I,Q: Quarterly,IN: India,P: Private non-financial sector,A: All sectors,A: Credit-to-GDP ratios (actual data),2009-Q3,111.39632112914,E: End of period,1: One,770: Percentage of GDP,0: Units,,,A: Normal value,F: Free,
dataflow,BIS:WS_CREDIT_GAP(1.0): Credit-to-GDP gaps,I,Q: Quarterly,IN: India,P: Private non-financial sector,A: All sectors,A: Credit-to-GDP ratios (actual data),2009-Q4,109.44851759918,E: End of period,1: One,770: Percentage of GDP,0: Units,,,A: Normal value,F: Free,
dataflow,BIS:WS_CREDIT_GAP(1.0): Credit-to-GDP gaps,I,Q: Quarterly,IN: India,P: Private non-financial sector,A: All sectors,A: Credit-to-GDP ratios (actual data),2010-Q1,113.06773788378,E: End of period,1: One,770: Percentage of GDP,0: Units,,,A: Normal value,F: Free,
dataflow,BIS:WS_CREDIT_GAP(1.0): Credit-to-GDP gaps,I,Q: Quarterly,IN: India,P: Private non-financial sector,A: All sectors,A: Credit-to-GDP ratios (actual data),2010-Q2,110.90973460463,E: End of period,1: One,770: Percentage of GDP,0: Units,,,A: Normal value,F: Free,
dataflow,BIS:WS_CREDIT_GAP(1.0): Credit-to-GDP gaps,I,Q: Quarterly,IN: India,P: Private non-financial sector,A: All sectors,A: Credit-to-GDP ratios (actual data),2010-Q3,110.23187050162,E: End of period,1: One,770: Percentage of GDP,0: Units,,,A: Normal value,F: Free,
dataflow,BIS:WS_CREDIT_GAP(1.0): Credit-to-GDP gaps,I,Q: Quarterly,IN: India,P: Private non-financial sector,A: All sectors,A: Credit-to-GDP ratios (actual data),2010-Q4,114.81946014739,E: End of period,1: One,770: Percentage of GDP,0: Units,,,A: Normal value,F: Free,
dataflow,BIS:WS_CREDIT_GAP(1.0): Credit-to-GDP gaps,I,Q: Quarterly,IN: India,P: Private non-financial sector,A: All sectors,A: Credit-to-GDP ratios (actual data),2011-Q1,114.38517706532,E: End of period,1: One,770: Percentage of GDP,0: Units,,,A: Normal value,F: Free,
dataflow,BIS:WS_CREDIT_GAP(1.0): Credit-to-GDP gaps,I,Q: Quarterly,IN: India,P: Private non-financial sector,A: All sectors,A: Credit-to-GDP ratios (actual data),2011-Q2,112.07385466431,E: End of period,1: One,770: Percentage of GDP,0: Units,,,A: Normal value,F: Free,
dataflow,BIS:WS_CREDIT_GAP(1.0): Credit-to-GDP gaps,I,Q: Quarterly,IN: India,P: Private non-financial sector,A: All sectors,A: Credit-to-GDP ratios (actual data),2011-Q3,111.1861841678,E: End of period,1: One,770: Percentage of GDP,0: Units,,,A: Normal value,F: Free,
dataflow,BIS:WS_CREDIT_GAP(1.0): Credit-to-GDP gaps,I,Q: Quarterly,IN: India,P: Private non-financial sector,A: All sectors,A: Credit-to-GDP ratios (actual data),2011-Q4,114.24487800705,E: End of period,1: One,770: Percentage of GDP,0: Units,,,A: Normal value,F: Free,
dataflow,BIS:WS_CREDIT_GAP(1.0): Credit-to-GDP gaps,I,Q: Quarterly,IN: India,P: Private non-financial sector,A: All sectors,A: Credit-to-GDP ratios (actual data),2012-Q1,114.2168278852,E: End of period,1: One,770: Percentage of GDP,0: Units,,,A: Normal value,F: Free,
dataflow,BIS:WS_CREDIT_GAP(1.0): Credit-to-GDP gaps,I,Q: Quarterly,IN: India,P: Private non-financial sector,A: All sectors,A: Credit-to-GDP ratios (actual data),2012-Q2,111.33368006057,E: End of period,1: One,770: Percentage of GDP,0: Units,,,A: Normal value,F: Free,
dataflow,BIS:WS_CREDIT_GAP(1.0): Credit-to-GDP gaps,I,Q: Quarterly,IN: India,P: Private non-financial sector,A: All sectors,A: Credit-to-GDP ratios (actual data),2012-Q3,112.88772809318,E: End of period,1: One,770: Percentage of GDP,0: Units,,,A: Normal value,F: Free,
dataflow,BIS:WS_CREDIT_GAP(1.0): Credit-to-GDP gaps,I,Q: Quarterly,IN: India,P: Private non-financial sector,A: All sectors,A: Credit-to-GDP ratios (actual data),2012-Q4,114.76304412171,E: End of period,1: One,770: Percentage of GDP,0: Units,,,A: Normal value,F: Free,
dataflow,BIS:WS_CREDIT_GAP(1.0): Credit-to-GDP gaps,I,Q: Quarterly,IN: India,P: Private non-financial sector,A: All sectors,A: Credit-to-GDP ratios (actual data),2013-Q1,111.51375995659,E: End of period,1: One,770: Percentage of GDP,0: Units,,,A: Normal value,F: Free,
dataflow,BIS:WS_CREDIT_GAP(1.0): Credit-to-GDP gaps,I,Q: Quarterly,IN: India,P: Private non-financial sector,A: All sectors,A: Credit-to-GDP ratios (actual data),2013-Q2,109.32094107773,E: End of period,1: One,770: Percentage of GDP,0: Units,,,A: Normal value,F: Free,
dataflow,BIS:WS_CREDIT_GAP(1.0): Credit-to-GDP gaps,I,Q: Quarterly,IN: India,P: Private non-financial sector,A: All sectors,A: Credit-to-GDP ratios (actual data),2013-Q3,106.73070007072,E: End of period,1: One,770: Percentage of GDP,0: Units,,,A: Normal value,F: Free,
dataflow,BIS:WS_CREDIT_GAP(1.0): Credit-to-GDP gaps,I,Q: Quarterly,IN: India,P: Private non-financial sector,A: All sectors,A: Credit-to-GDP ratios (actual data),2013-Q4,104.74296193829,E: End of period,1: One,770: Percentage of GDP,0: Units,,,A: Normal value,F: Free,
dataflow,BIS:WS_CREDIT_GAP(1.0): Credit-to-GDP gaps,I,Q: Quarterly,IN: India,P: Private non-financial sector,A: All sectors,A: Credit-to-GDP ratios (actual data),2014-Q1,104.89572692038,E: End of period,1: One,770: Percentage of GDP,0: Units,,,A: Normal value,F: Free,
dataflow,BIS:WS_CREDIT_GAP(1.0): Credit-to-GDP gaps,I,Q: Quarterly,IN: India,P: Private non-financial sector,A: All sectors,A: Credit-to-GDP ratios (actual data),2014-Q2,103.78219644978,E: End of period,1: One,770: Percentage of GDP,0: Units,,,A: Normal value,F: Free,
dataflow,BIS:WS_CREDIT_GAP(1.0): Credit-to-GDP gaps,I,Q: Quarterly,IN: India,P: Private non-financial sector,A: All sectors,A: Credit-to-GDP ratios (actual data),2014-Q3,105.04665164321,E: End of period,1: One,770: Percentage of GDP,0: Units,,,A: Normal value,F: Free,
dataflow,BIS:WS_CREDIT_GAP(1.0): Credit-to-GDP gaps,I,Q: Quarterly,IN: India,P: Private non-financial sector,A: All sectors,A: Credit-to-GDP ratios (actual data),2014-Q4,107.11581743249,E: End of period,1: One,770: Percentage of GDP,0: Units,,,A: Normal value,F: Free,
dataflow,BIS:WS_CREDIT_GAP(1.0): Credit-to-GDP gaps,I,Q: Quarterly,IN: India,P: Private non-financial sector,A: All sectors,A: Credit-to-GDP ratios (actual data),2015-Q1,105.4883310586,E: End of period,1: One,770: Percentage of GDP,0: Units,,,A: Normal value,F: Free,
dataflow,BIS:WS_CREDIT_GAP(1.0): Credit-to-GDP gaps,I,Q: Quarterly,IN: India,P: Private non-financial sector,A: All sectors,A: Credit-to-GDP ratios (actual data),2015-Q2,102.86717662371,E: End of period,1: One,770: Percentage of GDP,0: Units,,,A: Normal value,F: Free,
dataflow,BIS:WS_CREDIT_GAP(1.0): Credit-to-GDP gaps,I,Q: Quarterly,IN: India,P: Private non-financial sector,A: All sectors,A: Credit-to-GDP ratios (actual data),2015-Q3,103.65120230572,E: End of period,1: One,770: Percentage of GDP,0: Units,,,A: Normal value,F: Free,
dataflow,BIS:WS_CREDIT_GAP(1.0): Credit-to-GDP gaps,I,Q: Quarterly,IN: India,P: Private non-financial sector,A: All sectors,A: Credit-to-GDP ratios (actual data),2015-Q4,103.66849113744,E: End of period,1: One,770: Percentage of GDP,0: Units,,,A: Normal value,F: Free,
dataflow,BIS:WS_CREDIT_GAP(1.0): Credit-to-GDP gaps,I,Q: Quarterly,IN: India,P: Private non-financial sector,A: All sectors,A: Credit-to-GDP ratios (actual data),2016-Q1,99.316430889826,E: End of period,1: One,770: Percentage of GDP,0: Units,,,A: Normal value,F: Free,
dataflow,BIS:WS_CREDIT_GAP(1.0): Credit-to-GDP gaps,I,Q: Quarterly,IN: India,P: Private non-financial sector,A: All sectors,A: Credit-to-GDP ratios (actual data),2016-Q2,98.192604150568,E: End of period,1: One,770: Percentage of GDP,0: Units,,,A: Normal value,F: Free,
dataflow,BIS:WS_CREDIT_GAP(1.0): Credit-to-GDP gaps,I,Q: Quarterly,IN: India,P: Private non-financial sector,A: All sectors,A: Credit-to-GDP ratios (actual data),2016-Q3,92.267719110184,E: End of period,1: One,770: Percentage of GDP,0: Units,,,A: Normal value,F: Free,
dataflow,BIS:WS_CREDIT_GAP(1.0): Credit-to-GDP gaps,I,Q: Quarterly,IN: India,P: Private non-financial sector,A: All sectors,A: Credit-to-GDP ratios (actual data),2016-Q4,93.860904014125,E: End of period,1: One,770: Percentage of GDP,0: Units,,,A: Normal value,F: Free,
dataflow,BIS:WS_CREDIT_GAP(1.0): Credit-to-GDP gaps,I,Q: Quarterly,IN: India,P: Private non-financial sector,A: All sectors,A: Credit-to-GDP ratios (actual data),2017-Q1,93.246891572833,E: End of period,1: One,770: Percentage of GDP,0: Units,,,A: Normal value,F: Free,
dataflow,BIS:WS_CREDIT_GAP(1.0): Credit-to-GDP gaps,I,Q: Quarterly,IN: India,P: Private non-financial sector,A: All sectors,A: Credit-to-GDP ratios (actual data),2017-Q2,98.659992275851,E: End of period,1: One,770: Percentage of GDP,0: Units,,,A: Normal value,F: Free,
dataflow,BIS:WS_CREDIT_GAP(1.0): Credit-to-GDP gaps,I,Q: Quarterly,IN: India,P: Private non-financial sector,A: All sectors,A: Credit-to-GDP ratios (actual data),2017-Q3,100.96979610165,E: End of period,1: One,770: Percentage of GDP,0: Units,,,A: Normal value,F: Free,
dataflow,BIS:WS_CREDIT_GAP(1.0): Credit-to-GDP gaps,I,Q: Quarterly,IN: India,P: Private non-financial sector,A: All sectors,A: Credit-to-GDP ratios (actual data),2017-Q4,107.50170881659,E: End of period,1: One,770: Percentage of GDP,0: Units,,,A: Normal value,F: Free,
dataflow,BIS:WS_CREDIT_GAP(1.0): Credit-to-GDP gaps,I,Q: Quarterly,IN: India,P: Private non-financial sector,A: All sectors,A: Credit-to-GDP ratios (actual data),2018-Q1,102.83767748421,E: End of period,1: One,770: Percentage of GDP,0: Units,,,A: Normal value,F: Free,
dataflow,BIS:WS_CREDIT_GAP(1.0): Credit-to-GDP gaps,I,Q: Quarterly,IN: India,P: Private non-financial sector,A: All sectors,A: Credit-to-GDP ratios (actual data),2018-Q2,101.27846786724,E: End of period,1: One,770: Percentage of GDP,0: Units,,,A: Normal value,F: Free,
dataflow,BIS:WS_CREDIT_GAP(1.0): Credit-to-GDP gaps,I,Q: Quarterly,IN: India,P: Private non-financial sector,A: All sectors,A: Credit-to-GDP ratios (actual data),2018-Q3,99.33909619985,E: End of period,1: One,770: Percentage of GDP,0: Units,,,A: Normal value,F: Free,
dataflow,BIS:WS_CREDIT_GAP(1.0): Credit-to-GDP gaps,I,Q: Quarterly,IN: India,P: Private non-financial sector,A: All sectors,A: Credit-to-GDP ratios (actual data),2018-Q4,99.228082419661,E: End of period,1: One,770: Percentage of GDP,0: Units,,,A: Normal value,F: Free,
dataflow,BIS:WS_CREDIT_GAP(1.0): Credit-to-GDP gaps,I,Q: Quarterly,IN: India,P: Private non-financial sector,A: All sectors,A: Credit-to-GDP ratios (actual data),2019-Q1,95.738588490344,E: End of period,1: One,770: Percentage of GDP,0: Units,,,A: Normal value,F: Free,
dataflow,BIS:WS_CREDIT_GAP(1.0): Credit-to-GDP gaps,I,Q: Quarterly,IN: India,P: Private non-financial sector,A: All sectors,A: Credit-to-GDP ratios (actual data),2019-Q2,93.522631188693,E: End of period,1: One,770: Percentage of GDP,0: Units,,,A: Normal value,F: Free,
dataflow,BIS:WS_CREDIT_GAP(1.0): Credit-to-GDP gaps,I,Q: Quarterly,IN: India,P: Private non-financial sector,A: All sectors,A: Credit-to-GDP ratios (actual data),2019-Q3,92.720518025777,E: End of period,1: One,770: Percentage of GDP,0: Units,,,A: Normal value,F: Free,
dataflow,BIS:WS_CREDIT_GAP(1.0): Credit-to-GDP gaps,I,Q: Quarterly,IN: India,P: Private non-financial sector,A: All sectors,A: Credit-to-GDP ratios (actual data),2019-Q4,93.741266309796,E: End of period,1: One,770: Percentage of GDP,0: Units,,,A: Normal value,F: Free,
dataflow,BIS:WS_CREDIT_GAP(1.0): Credit-to-GDP gaps,I,Q: Quarterly,IN: India,P: Private non-financial sector,A: All sectors,A: Credit-to-GDP ratios (actual data),2020-Q1,91.513410244128,E: End of period,1: One,770: Percentage of GDP,0: Units,,,A: Normal value,F: Free,
dataflow,BIS:WS_CREDIT_GAP(1.0): Credit-to-GDP gaps,I,Q: Quarterly,IN: India,P: Private non-financial sector,A: All sectors,A: Credit-to-GDP ratios (actual data),2020-Q2,97.283351423651,E: End of period,1: One,770: Percentage of GDP,0: Units,,,A: Normal value,F: Free,
dataflow,BIS:WS_CREDIT_GAP(1.0): Credit-to-GDP gaps,I,Q: Quarterly,IN: India,P: Private non-financial sector,A: All sectors,A: Credit-to-GDP ratios (actual data),2020-Q3,100.4829774752,E: End of period,1: One,770: Percentage of GDP,0: Units,,,A: Normal value,F: Free,
dataflow,BIS:WS_CREDIT_GAP(1.0): Credit-to-GDP gaps,I,Q: Quarterly,IN: India,P: Private non-financial sector,A: All sectors,A: Credit-to-GDP ratios (actual data),2020-Q4,103.11372535743,E: End of period,1: One,770: Percentage of GDP,0: Units,,,A: Normal value,F: Free,
dataflow,BIS:WS_CREDIT_GAP(1.0): Credit-to-GDP gaps,I,Q: Quarterly,IN: India,P: Private non-financial sector,A: All sectors,A: Credit-to-GDP ratios (actual data),2021-Q1,100.12711753112,E: End of period,1: One,770: Percentage of GDP,0: Units,,,A: Normal value,F: Free,
dataflow,BIS:WS_CREDIT_GAP(1.0): Credit-to-GDP gaps,I,Q: Quarterly,IN: India,P: Private non-financial sector,A: All sectors,A: Credit-to-GDP ratios (actual data),2021-Q2,95.642491300692,E: End of period,1: One,770: Percentage of GDP,0: Units,,,A: Normal value,F: Free,
dataflow,BIS:WS_CREDIT_GAP(1.0): Credit-to-GDP gaps,I,Q: Quarterly,IN: India,P: Private non-financial sector,A: All sectors,A: Credit-to-GDP ratios (actual data),2021-Q3,93.646371834606,E: End of period,1: One,770: Percentage of GDP,0: Units,,,A: Normal value,F: Free,
dataflow,BIS:WS_CREDIT_GAP(1.0): Credit-to-GDP gaps,I,Q: Quarterly,IN: India,P: Private non-financial sector,A: All sectors,A: Credit-to-GDP ratios (actual data),2021-Q4,96.517022045158,E: End of period,1: One,770: Percentage of GDP,0: Units,,,A: Normal value,F: Free,
dataflow,BIS:WS_CREDIT_GAP(1.0): Credit-to-GDP gaps,I,Q: Quarterly,IN: India,P: Private non-financial sector,A: All sectors,A: Credit-to-GDP ratios (actual data),2022-Q1,95.351160975813,E: End of period,1: One,770: Percentage of GDP,0: Units,,,A: Normal value,F: Free,
dataflow,BIS:WS_CREDIT_GAP(1.0): Credit-to-GDP gaps,I,Q: Quarterly,IN: India,P: Private non-financial sector,A: All sectors,A: Credit-to-GDP ratios (actual data),2022-Q2,93.152007792488,E: End of period,1: One,770: Percentage of GDP,0: Units,,,A: Normal value,F: Free,
dataflow,BIS:WS_CREDIT_GAP(1.0): Credit-to-GDP gaps,I,Q: Quarterly,IN: India,P: Private non-financial sector,A: All sectors,A: Credit-to-GDP ratios (actual data),2022-Q3,93.837806865991,E: End of period,1: One,770: Percentage of GDP,0: Units,,,A: Normal value,F: Free,
dataflow,BIS:WS_CREDIT_GAP(1.0): Credit-to-GDP gaps,I,Q: Quarterly,IN: India,P: Private non-financial sector,A: All sectors,A: Credit-to-GDP ratios (actual data),2022-Q4,92.564510293,E: End of period,1: One,770: Percentage of GDP,0: Units,,,A: Normal value,F: Free,
dataflow,BIS:WS_CREDIT_GAP(1.0): Credit-to-GDP gaps,I,Q: Quarterly,IN: India,P: Private non-financial sector,A: All sectors,A: Credit-to-GDP ratios (actual data),2023-Q1,93.225807116308,E: End of period,1: One,770: Percentage of GDP,0: Units,,,A: Normal value,F: Free,
dataflow,BIS:WS_CREDIT_GAP(1.0): Credit-to-GDP gaps,I,Q: Quarterly,IN: India,P: Private non-financial sector,A: All sectors,A: Credit-to-GDP ratios (actual data),2023-Q2,91.560097289619,E: End of period,1: One,770: Percentage of GDP,0: Units,,,A: Normal value,F: Free,
dataflow,BIS:WS_CREDIT_GAP(1.0): Credit-to-GDP gaps,I,Q: Quarterly,IN: India,P: Private non-financial sector,A: All sectors,A: Credit-to-GDP ratios (actual data),2023-Q3,93.428846097366,E: End of period,1: One,770: Percentage of GDP,0: Units,,,A: Normal value,F: Free,
dataflow,BIS:WS_CREDIT_GAP(1.0): Credit-to-GDP gaps,I,Q: Quarterly,IN: India,P: Private non-financial sector,A: All sectors,A: Credit-to-GDP ratios (actual data),2023-Q4,93.76530021839,E: End of period,1: One,770: Percentage of GDP,0: Units,,,A: Normal value,F: Free,
dataflow,BIS:WS_CREDIT_GAP(1.0): Credit-to-GDP gaps,I,Q: Quarterly,IN: India,P: Private non-financial sector,A: All sectors,A: Credit-to-GDP ratios (actual data),2024-Q1,94.354818190941,E: End of period,1: One,770: Percentage of GDP,0: Units,,,A: Normal value,F: Free,
dataflow,BIS:WS_CREDIT_GAP(1.0): Credit-to-GDP gaps,I,Q: Quarterly,IN: India,P: Private non-financial sector,A: All sectors,A: Credit-to-GDP ratios (actual data),2024-Q2,94.511513059862,E: End of period,1: One,770: Percentage of GDP,0: Units,,,A: Normal value,F: Free,
dataflow,BIS:WS_CREDIT_GAP(1.0): Credit-to-GDP gaps,I,Q: Quarterly,IN: India,P: Private non-financial sector,A: All sectors,A: Credit-to-GDP ratios (actual data),2024-Q3,93.912980919362,E: End of period,1: One,770: Percentage of GDP,0: Units,,,A: Normal value,F: Free,
dataflow,BIS:WS_CREDIT_GAP(1.0): Credit-to-GDP gaps,I,Q: Quarterly,IN: India,P: Private non-financial sector,A: All sectors,A: Credit-to-GDP ratios (actual data),2024-Q4,95.326198705267,E: End of period,1: One,770: Percentage of GDP,0: Units,,,A: Normal value,F: Free,
dataflow,BIS:WS_CREDIT_GAP(1.0): Credit-to-GDP gaps,I,Q: Quarterly,IN: India,P: Private non-financial sector,A: All sectors,A: Credit-to-GDP ratios (actual data),2025-Q1,96.001318001738,E: End of period,1: One,770: Percentage of GDP,0: Units,,,A: Normal value,F: Free,
dataflow,BIS:WS_CREDIT_GAP(1.0): Credit-to-GDP gaps,I,Q: Quarterly,IN: India,P: Private non-financial sector,A: All sectors,A: Credit-to-GDP ratios (actual data),2025-Q2,97.343322634783,E: End of period,1: One,770: Percentage of GDP,0: Units,,,A: Normal value,F: Free,
dataflow,BIS:WS_CREDIT_GAP(1.0): Credit-to-GDP gaps,I,Q: Quarterly,IN: India,P: Private non-financial sector,A: All sectors,A: Credit-to-GDP ratios (actual data),2025-Q3,97.41516005197,E: End of period,1: One,770: Percentage of GDP,0: Units,,,A: Normal value,F: Free,
dataflow,BIS:WS_CREDIT_GAP(1.0): Credit-to-GDP gaps,I,Q: Quarterly,IN: India,P: Private non-financial sector,A: All sectors,A: Credit-to-GDP ratios (actual data),2025-Q4,102.33186311281,E: End of period,1: One,770: Percentage of GDP,0: Units,,,A: Normal value,F: Free,
dataflow,BIS:WS_CREDIT_GAP(1.0): Credit-to-GDP gaps,I,Q: Quarterly,IN: India,P: Private non-financial sector,A: All sectors,C: Credit-to-GDP gaps (actual-trend),1961-Q2,-1.4614,E: End of period,1: One,770: Percentage of GDP,0: Units,,,A: Normal value,F: Free,
dataflow,BIS:WS_CREDIT_GAP(1.0): Credit-to-GDP gaps,I,Q: Quarterly,IN: India,P: Private non-financial sector,A: All sectors,C: Credit-to-GDP gaps (actual-trend),1961-Q3,-2.1019,E: End of period,1: One,770: Percentage of GDP,0: Units,,,A: Normal value,F: Free,
dataflow,BIS:WS_CREDIT_GAP(1.0): Credit-to-GDP gaps,I,Q: Quarterly,IN: India,P: Private non-financial sector,A: All sectors,C: Credit-to-GDP gaps (actual-trend),1961-Q4,-1.7011,E: End of period,1: One,770: Percentage of GDP,0: Units,,,A: Normal value,F: Free,
dataflow,BIS:WS_CREDIT_GAP(1.0): Credit-to-GDP gaps,I,Q: Quarterly,IN: India,P: Private non-financial sector,A: All sectors,C: Credit-to-GDP gaps (actual-trend),1962-Q1,-0.5668,E: End of period,1: One,770: Percentage of GDP,0: Units,,,A: Normal value,F: Free,
dataflow,BIS:WS_CREDIT_GAP(1.0): Credit-to-GDP gaps,I,Q: Quarterly,IN: India,P: Private non-financial sector,A: All sectors,C: Credit-to-GDP gaps (actual-trend),1962-Q2,-0.3465,E: End of period,1: One,770: Percentage of GDP,0: Units,,,A: Normal value,F: Free,
dataflow,BIS:WS_CREDIT_GAP(1.0): Credit-to-GDP gaps,I,Q: Quarterly,IN: India,P: Private non-financial sector,A: All sectors,C: Credit-to-GDP gaps (actual-trend),1962-Q3,-1.0803,E: End of period,1: One,770: Percentage of GDP,0: Units,,,A: Normal value,F: Free,
dataflow,BIS:WS_CREDIT_GAP(1.0): Credit-to-GDP gaps,I,Q: Quarterly,IN: India,P: Private non-financial sector,A: All sectors,C: Credit-to-GDP gaps (actual-trend),1962-Q4,-1.1053,E: End of period,1: One,770: Percentage of GDP,0: Units,,,A: Normal value,F: Free,
dataflow,BIS:WS_CREDIT_GAP(1.0): Credit-to-GDP gaps,I,Q: Quarterly,IN: India,P: Private non-financial sector,A: All sectors,C: Credit-to-GDP gaps (actual-trend),1963-Q1,-0.9827,E: End of period,1: One,770: Percentage of GDP,0: Units,,,A: Normal value,F: Free,
dataflow,BIS:WS_CREDIT_GAP(1.0): Credit-to-GDP gaps,I,Q: Quarterly,IN: India,P: Private non-financial sector,A: All sectors,C: Credit-to-GDP gaps (actual-trend),1963-Q2,-1.1161,E: End of period,1: One,770: Percentage of GDP,0: Units,,,A: Normal value,F: Free,
dataflow,BIS:WS_CREDIT_GAP(1.0): Credit-to-GDP gaps,I,Q: Quarterly,IN: India,P: Private non-financial sector,A: All sectors,C: Credit-to-GDP gaps (actual-trend),1963-Q3,-1.9299,E: End of period,1: One,770: Percentage of GDP,0: Units,,,A: Normal value,F: Free,
dataflow,BIS:WS_CREDIT_GAP(1.0): Credit-to-GDP gaps,I,Q: Quarterly,IN: India,P: Private non-financial sector,A: All sectors,C: Credit-to-GDP gaps (actual-trend),1963-Q4,-1.8785,E: End of period,1: One,770: Percentage of GDP,0: Units,,,A: Normal value,F: Free,
dataflow,BIS:WS_CREDIT_GAP(1.0): Credit-to-GDP gaps,I,Q: Quarterly,IN: India,P: Private non-financial sector,A: All sectors,C: Credit-to-GDP gaps (actual-trend),1964-Q1,-1.999,E: End of period,1: One,770: Percentage of GDP,0: Units,,,A: Normal value,F: Free,
dataflow,BIS:WS_CREDIT_GAP(1.0): Credit-to-GDP gaps,I,Q: Quarterly,IN: India,P: Private non-financial sector,A: All sectors,C: Credit-to-GDP gaps (actual-trend),1964-Q2,-2.23,E: End of period,1: One,770: Percentage of GDP,0: Units,,,A: Normal value,F: Free,
dataflow,BIS:WS_CREDIT_GAP(1.0): Credit-to-GDP gaps,I,Q: Quarterly,IN: India,P: Private non-financial sector,A: All sectors,C: Credit-to-GDP gaps (actual-trend),1964-Q3,-2.9416,E: End of period,1: One,770: Percentage of GDP,0: Units,,,A: Normal value,F: Free,
dataflow,BIS:WS_CREDIT_GAP(1.0): Credit-to-GDP gaps,I,Q: Quarterly,IN: India,P: Private non-financial sector,A: All sectors,C: Credit-to-GDP gaps (actual-trend),1964-Q4,-2.7953,E: End of period,1: One,770: Percentage of GDP,0: Units,,,A: Normal value,F: Free,
dataflow,BIS:WS_CREDIT_GAP(1.0): Credit-to-GDP gaps,I,Q: Quarterly,IN: India,P: Private non-financial sector,A: All sectors,C: Credit-to-GDP gaps (actual-trend),1965-Q1,-2.3019,E: End of period,1: One,770: Percentage of GDP,0: Units,,,A: Normal value,F: Free,
dataflow,BIS:WS_CREDIT_GAP(1.0): Credit-to-GDP gaps,I,Q: Quarterly,IN: India,P: Private non-financial sector,A: All sectors,C: Credit-to-GDP gaps (actual-trend),1965-Q2,-1.6364,E: End of period,1: One,770: Percentage of GDP,0: Units,,,A: Normal value,F: Free,
dataflow,BIS:WS_CREDIT_GAP(1.0): Credit-to-GDP gaps,I,Q: Quarterly,IN: India,P: Private non-financial sector,A: All sectors,C: Credit-to-GDP gaps (actual-trend),1965-Q3,-1.8441,E: End of period,1: One,770: Percentage of GDP,0: Units,,,A: Normal value,F: Free,
dataflow,BIS:WS_CREDIT_GAP(1.0): Credit-to-GDP gaps,I,Q: Quarterly,IN: India,P: Private non-financial sector,A: All sectors,C: Credit-to-GDP gaps (actual-trend),1965-Q4,-1.1837,E: End of period,1: One,770: Percentage of GDP,0: Units,,,A: Normal value,F: Free,
dataflow,BIS:WS_CREDIT_GAP(1.0): Credit-to-GDP gaps,I,Q: Quarterly,IN: India,P: Private non-financial sector,A: All sectors,C: Credit-to-GDP gaps (actual-trend),1966-Q1,-0.7725,E: End of period,1: One,770: Percentage of GDP,0: Units,,,A: Normal value,F: Free,
dataflow,BIS:WS_CREDIT_GAP(1.0): Credit-to-GDP gaps,I,Q: Quarterly,IN: India,P: Private non-financial sector,A: All sectors,C: Credit-to-GDP gaps (actual-trend),1966-Q2,-0.575,E: End of period,1: One,770: Percentage of GDP,0: Units,,,A: Normal value,F: Free,
dataflow,BIS:WS_CREDIT_GAP(1.0): Credit-to-GDP gaps,I,Q: Quarterly,IN: India,P: Private non-financial sector,A: All sectors,C: Credit-to-GDP gaps (actual-trend),1966-Q3,-1.5441,E: End of period,1: One,770: Percentage of GDP,0: Units,,,A: Normal value,F: Free,
dataflow,BIS:WS_CREDIT_GAP(1.0): Credit-to-GDP gaps,I,Q: Quarterly,IN: India,P: Private non-financial sector,A: All sectors,C: Credit-to-GDP gaps (actual-trend),1966-Q4,-1.375,E: End of period,1: One,770: Percentage of GDP,0: Units,,,A: Normal value,F: Free,
dataflow,BIS:WS_CREDIT_GAP(1.0): Credit-to-GDP gaps,I,Q: Quarterly,IN: India,P: Private non-financial sector,A: All sectors,C: Credit-to-GDP gaps (actual-trend),1967-Q1,-1.3963,E: End of period,1: One,770: Percentage of GDP,0: Units,,,A: Normal value,F: Free,
dataflow,BIS:WS_CREDIT_GAP(1.0): Credit-to-GDP gaps,I,Q: Quarterly,IN: India,P: Private non-financial sector,A: All sectors,C: Credit-to-GDP gaps (actual-trend),1967-Q2,-1.9953,E: End of period,1: One,770: Percentage of GDP,0: Units,,,A: Normal value,F: Free,
dataflow,BIS:WS_CREDIT_GAP(1.0): Credit-to-GDP gaps,I,Q: Quarterly,IN: India,P: Private non-financial sector,A: All sectors,C: Credit-to-GDP gaps (actual-trend),1967-Q3,-2.8148,E: End of period,1: One,770: Percentage of GDP,0: Units,,,A: Normal value,F: Free,
dataflow,BIS:WS_CREDIT_GAP(1.0): Credit-to-GDP gaps,I,Q: Quarterly,IN: India,P: Private non-financial sector,A: All sectors,C: Credit-to-GDP gaps (actual-trend),1967-Q4,-2.4019,E: End of period,1: One,770: Percentage of GDP,0: Units,,,A: Normal value,F: Free,
dataflow,BIS:WS_CREDIT_GAP(1.0): Credit-to-GDP gaps,I,Q: Quarterly,IN: India,P: Private non-financial sector,A: All sectors,C: Credit-to-GDP gaps (actual-trend),1968-Q1,-1.9136,E: End of period,1: One,770: Percentage of GDP,0: Units,,,A: Normal value,F: Free,
dataflow,BIS:WS_CREDIT_GAP(1.0): Credit-to-GDP gaps,I,Q: Quarterly,IN: India,P: Private non-financial sector,A: All sectors,C: Credit-to-GDP gaps (actual-trend),1968-Q2,-1.3745,E: End of period,1: One,770: Percentage of GDP,0: Units,,,A: Normal value,F: Free,
dataflow,BIS:WS_CREDIT_GAP(1.0): Credit-to-GDP gaps,I,Q: Quarterly,IN: India,P: Private non-financial sector,A: All sectors,C: Credit-to-GDP gaps (actual-trend),1968-Q3,-1.6069,E: End of period,1: One,770: Percentage of GDP,0: Units,,,A: Normal value,F: Free,
dataflow,BIS:WS_CREDIT_GAP(1.0): Credit-to-GDP gaps,I,Q: Quarterly,IN: India,P: Private non-financial sector,A: All sectors,C: Credit-to-GDP gaps (actual-trend),1968-Q4,-1.1749,E: End of period,1: One,770: Percentage of GDP,0: Units,,,A: Normal value,F: Free,
dataflow,BIS:WS_CREDIT_GAP(1.0): Credit-to-GDP gaps,I,Q: Quarterly,IN: India,P: Private non-financial sector,A: All sectors,C: Credit-to-GDP gaps (actual-trend),1969-Q1,-0.2897,E: End of period,1: One,770: Percentage of GDP,0: Units,,,A: Normal value,F: Free,
dataflow,BIS:WS_CREDIT_GAP(1.0): Credit-to-GDP gaps,I,Q: Quarterly,IN: India,P: Private non-financial sector,A: All sectors,C: Credit-to-GDP gaps (actual-trend),1969-Q2,0.2505,E: End of period,1: One,770: Percentage of GDP,0: Units,,,A: Normal value,F: Free,
dataflow,BIS:WS_CREDIT_GAP(1.0): Credit-to-GDP gaps,I,Q: Quarterly,IN: India,P: Private non-financial sector,A: All sectors,C: Credit-to-GDP gaps (actual-trend),1969-Q3,-0.7409,E: End of period,1: One,770: Percentage of GDP,0: Units,,,A: Normal value,F: Free,
dataflow,BIS:WS_CREDIT_GAP(1.0): Credit-to-GDP gaps,I,Q: Quarterly,IN: India,P: Private non-financial sector,A: All sectors,C: Credit-to-GDP gaps (actual-trend),1969-Q4,-0.3179,E: End of period,1: One,770: Percentage of GDP,0: Units,,,A: Normal value,F: Free,
dataflow,BIS:WS_CREDIT_GAP(1.0): Credit-to-GDP gaps,I,Q: Quarterly,IN: India,P: Private non-financial sector,A: All sectors,C: Credit-to-GDP gaps (actual-trend),1970-Q1,0.2913,E: End of period,1: One,770: Percentage of GDP,0: Units,,,A: Normal value,F: Free,
dataflow,BIS:WS_CREDIT_GAP(1.0): Credit-to-GDP gaps,I,Q: Quarterly,IN: India,P: Private non-financial sector,A: All sectors,C: Credit-to-GDP gaps (actual-trend),1970-Q2,1.2257,E: End of period,1: One,770: Percentage of GDP,0: Units,,,A: Normal value,F: Free,
dataflow,BIS:WS_CREDIT_GAP(1.0): Credit-to-GDP gaps,I,Q: Quarterly,IN: India,P: Private non-financial sector,A: All sectors,C: Credit-to-GDP gaps (actual-trend),1970-Q3,1.1378,E: End of period,1: One,770: Percentage of GDP,0: Units,,,A: Normal value,F: Free,
dataflow,BIS:WS_CREDIT_GAP(1.0): Credit-to-GDP gaps,I,Q: Quarterly,IN: India,P: Private non-financial sector,A: All sectors,C: Credit-to-GDP gaps (actual-trend),1970-Q4,1.9773,E: End of period,1: One,770: Percentage of GDP,0: Units,,,A: Normal value,F: Free,
dataflow,BIS:WS_CREDIT_GAP(1.0): Credit-to-GDP gaps,I,Q: Quarterly,IN: India,P: Private non-financial sector,A: All sectors,C: Credit-to-GDP gaps (actual-trend),1971-Q1,2.9619,E: End of period,1: One,770: Percentage of GDP,0: Units,,,A: Normal value,F: Free,
dataflow,BIS:WS_CREDIT_GAP(1.0): Credit-to-GDP gaps,I,Q: Quarterly,IN: India,P: Private non-financial sector,A: All sectors,C: Credit-to-GDP gaps (actual-trend),1971-Q2,2.3041,E: End of period,1: One,770: Percentage of GDP,0: Units,,,A: Normal value,F: Free,
dataflow,BIS:WS_CREDIT_GAP(1.0): Credit-to-GDP gaps,I,Q: Quarterly,IN: India,P: Private non-financial sector,A: All sectors,C: Credit-to-GDP gaps (actual-trend),1971-Q3,2.09,E: End of period,1: One,770: Percentage of GDP,0: Units,,,A: Normal value,F: Free,
dataflow,BIS:WS_CREDIT_GAP(1.0): Credit-to-GDP gaps,I,Q: Quarterly,IN: India,P: Private non-financial sector,A: All sectors,C: Credit-to-GDP gaps (actual-trend),1971-Q4,3.1165,E: End of period,1: One,770: Percentage of GDP,0: Units,,,A: Normal value,F: Free,
dataflow,BIS:WS_CREDIT_GAP(1.0): Credit-to-GDP gaps,I,Q: Quarterly,IN: India,P: Private non-financial sector,A: All sectors,C: Credit-to-GDP gaps (actual-trend),1972-Q1,3.3294,E: End of period,1: One,770: Percentage of GDP,0: Units,,,A: Normal value,F: Free,
dataflow,BIS:WS_CREDIT_GAP(1.0): Credit-to-GDP gaps,I,Q: Quarterly,IN: India,P: Private non-financial sector,A: All sectors,C: Credit-to-GDP gaps (actual-trend),1972-Q2,3.6518,E: End of period,1: One,770: Percentage of GDP,0: Units,,,A: Normal value,F: Free,
dataflow,BIS:WS_CREDIT_GAP(1.0): Credit-to-GDP gaps,I,Q: Quarterly,IN: India,P: Private non-financial sector,A: All sectors,C: Credit-to-GDP gaps (actual-trend),1972-Q3,2.3969,E: End of period,1: One,770: Percentage of GDP,0: Units,,,A: Normal value,F: Free,
dataflow,BIS:WS_CREDIT_GAP(1.0): Credit-to-GDP gaps,I,Q: Quarterly,IN: India,P: Private non-financial sector,A: All sectors,C: Credit-to-GDP gaps (actual-trend),1972-Q4,3.166,E: End of period,1: One,770: Percentage of GDP,0: Units,,,A: Normal value,F: Free,
dataflow,BIS:WS_CREDIT_GAP(1.0): Credit-to-GDP gaps,I,Q: Quarterly,IN: India,P: Private non-financial sector,A: All sectors,C: Credit-to-GDP gaps (actual-trend),1973-Q1,4.1529,E: End of period,1: One,770: Percentage of GDP,0: Units,,,A: Normal value,F: Free,
dataflow,BIS:WS_CREDIT_GAP(1.0): Credit-to-GDP gaps,I,Q: Quarterly,IN: India,P: Private non-financial sector,A: All sectors,C: Credit-to-GDP gaps (actual-trend),1973-Q2,3.2922,E: End of period,1: One,770: Percentage of GDP,0: Units,,,A: Normal value,F: Free,
dataflow,BIS:WS_CREDIT_GAP(1.0): Credit-to-GDP gaps,I,Q: Quarterly,IN: India,P: Private non-financial sector,A: All sectors,C: Credit-to-GDP gaps (actual-trend),1973-Q3,1.7172,E: End of period,1: One,770: Percentage of GDP,0: Units,,,A: Normal value,F: Free,
dataflow,BIS:WS_CREDIT_GAP(1.0): Credit-to-GDP gaps,I,Q: Quarterly,IN: India,P: Private non-financial sector,A: All sectors,C: Credit-to-GDP gaps (actual-trend),1973-Q4,3.0804,E: End of period,1: One,770: Percentage of GDP,0: Units,,,A: Normal value,F: Free,
dataflow,BIS:WS_CREDIT_GAP(1.0): Credit-to-GDP gaps,I,Q: Quarterly,IN: India,P: Private non-financial sector,A: All sectors,C: Credit-to-GDP gaps (actual-trend),1974-Q1,2.7958,E: End of period,1: One,770: Percentage of GDP,0: Units,,,A: Normal value,F: Free,
dataflow,BIS:WS_CREDIT_GAP(1.0): Credit-to-GDP gaps,I,Q: Quarterly,IN: India,P: Private non-financial sector,A: All sectors,C: Credit-to-GDP gaps (actual-trend),1974-Q2,2.5428,E: End of period,1: One,770: Percentage of GDP,0: Units,,,A: Normal value,F: Free,
dataflow,BIS:WS_CREDIT_GAP(1.0): Credit-to-GDP gaps,I,Q: Quarterly,IN: India,P: Private non-financial sector,A: All sectors,C: Credit-to-GDP gaps (actual-trend),1974-Q3,1.0744,E: End of period,1: One,770: Percentage of GDP,0: Units,,,A: Normal value,F: Free,
dataflow,BIS:WS_CREDIT_GAP(1.0): Credit-to-GDP gaps,I,Q: Quarterly,IN: India,P: Private non-financial sector,A: All sectors,C: Credit-to-GDP gaps (actual-trend),1974-Q4,1.4087,E: End of period,1: One,770: Percentage of GDP,0: Units,,,A: Normal value,F: Free,
dataflow,BIS:WS_CREDIT_GAP(1.0): Credit-to-GDP gaps,I,Q: Quarterly,IN: India,P: Private non-financial sector,A: All sectors,C: Credit-to-GDP gaps (actual-trend),1975-Q1,2.7742,E: End of period,1: One,770: Percentage of GDP,0: Units,,,A: Normal value,F: Free,
dataflow,BIS:WS_CREDIT_GAP(1.0): Credit-to-GDP gaps,I,Q: Quarterly,IN: India,P: Private non-financial sector,A: All sectors,C: Credit-to-GDP gaps (actual-trend),1975-Q2,2.7204,E: End of period,1: One,770: Percentage of GDP,0: Units,,,A: Normal value,F: Free,
dataflow,BIS:WS_CREDIT_GAP(1.0): Credit-to-GDP gaps,I,Q: Quarterly,IN: India,P: Private non-financial sector,A: All sectors,C: Credit-to-GDP gaps (actual-trend),1975-Q3,2.758,E: End of period,1: One,770: Percentage of GDP,0: Units,,,A: Normal value,F: Free,
dataflow,BIS:WS_CREDIT_GAP(1.0): Credit-to-GDP gaps,I,Q: Quarterly,IN: India,P: Private non-financial sector,A: All sectors,C: Credit-to-GDP gaps (actual-trend),1975-Q4,4.4023,E: End of period,1: One,770: Percentage of GDP,0: Units,,,A: Normal value,F: Free,
dataflow,BIS:WS_CREDIT_GAP(1.0): Credit-to-GDP gaps,I,Q: Quarterly,IN: India,P: Private non-financial sector,A: All sectors,C: Credit-to-GDP gaps (actual-trend),1976-Q1,6.3088,E: End of period,1: One,770: Percentage of GDP,0: Units,,,A: Normal value,F: Free,
dataflow,BIS:WS_CREDIT_GAP(1.0): Credit-to-GDP gaps,I,Q: Quarterly,IN: India,P: Private non-financial sector,A: All sectors,C: Credit-to-GDP gaps (actual-trend),1976-Q2,6.2816,E: End of period,1: One,770: Percentage of GDP,0: Units,,,A: Normal value,F: Free,
dataflow,BIS:WS_CREDIT_GAP(1.0): Credit-to-GDP gaps,I,Q: Quarterly,IN: India,P: Private non-financial sector,A: All sectors,C: Credit-to-GDP gaps (actual-trend),1976-Q3,6.61,E: End of period,1: One,770: Percentage of GDP,0: Units,,,A: Normal value,F: Free,
dataflow,BIS:WS_CREDIT_GAP(1.0): Credit-to-GDP gaps,I,Q: Quarterly,IN: India,P: Private non-financial sector,A: All sectors,C: Credit-to-GDP gaps (actual-trend),1976-Q4,8.8238,E: End of period,1: One,770: Percentage of GDP,0: Units,,,A: Normal value,F: Free,
dataflow,BIS:WS_CREDIT_GAP(1.0): Credit-to-GDP gaps,I,Q: Quarterly,IN: India,P: Private non-financial sector,A: All sectors,C: Credit-to-GDP gaps (actual-trend),1977-Q1,7.9986,E: End of period,1: One,770: Percentage of GDP,0: Units,,,A: Normal value,F: Free,
dataflow,BIS:WS_CREDIT_GAP(1.0): Credit-to-GDP gaps,I,Q: Quarterly,IN: India,P: Private non-financial sector,A: All sectors,C: Credit-to-GDP gaps (actual-trend),1977-Q2,6.5533,E: End of period,1: One,770: Percentage of GDP,0: Units,,,A: Normal value,F: Free,
dataflow,BIS:WS_CREDIT_GAP(1.0): Credit-to-GDP gaps,I,Q: Quarterly,IN: India,P: Private non-financial sector,A: All sectors,C: Credit-to-GDP gaps (actual-trend),1977-Q3,5.7698,E: End of period,1: One,770: Percentage of GDP,0: Units,,,A: Normal value,F: Free,
dataflow,BIS:WS_CREDIT_GAP(1.0): Credit-to-GDP gaps,I,Q: Quarterly,IN: India,P: Private non-financial sector,A: All sectors,C: Credit-to-GDP gaps (actual-trend),1977-Q4,6.6343,E: End of period,1: One,770: Percentage of GDP,0: Units,,,A: Normal value,F: Free,
dataflow,BIS:WS_CREDIT_GAP(1.0): Credit-to-GDP gaps,I,Q: Quarterly,IN: India,P: Private non-financial sector,A: All sectors,C: Credit-to-GDP gaps (actual-trend),1978-Q1,5.8912,E: End of period,1: One,770: Percentage of GDP,0: Units,,,A: Normal value,F: Free,
dataflow,BIS:WS_CREDIT_GAP(1.0): Credit-to-GDP gaps,I,Q: Quarterly,IN: India,P: Private non-financial sector,A: All sectors,C: Credit-to-GDP gaps (actual-trend),1978-Q2,6.2418,E: End of period,1: One,770: Percentage of GDP,0: Units,,,A: Normal value,F: Free,
dataflow,BIS:WS_CREDIT_GAP(1.0): Credit-to-GDP gaps,I,Q: Quarterly,IN: India,P: Private non-financial sector,A: All sectors,C: Credit-to-GDP gaps (actual-trend),1978-Q3,5.725,E: End of period,1: One,770: Percentage of GDP,0: Units,,,A: Normal value,F: Free,
dataflow,BIS:WS_CREDIT_GAP(1.0): Credit-to-GDP gaps,I,Q: Quarterly,IN: India,P: Private non-financial sector,A: All sectors,C: Credit-to-GDP gaps (actual-trend),1978-Q4,8.6462,E: End of period,1: One,770: Percentage of GDP,0: Units,,,A: Normal value,F: Free,
dataflow,BIS:WS_CREDIT_GAP(1.0): Credit-to-GDP gaps,I,Q: Quarterly,IN: India,P: Private non-financial sector,A: All sectors,C: Credit-to-GDP gaps (actual-trend),1979-Q1,7.8287,E: End of period,1: One,770: Percentage of GDP,0: Units,,,A: Normal value,F: Free,
dataflow,BIS:WS_CREDIT_GAP(1.0): Credit-to-GDP gaps,I,Q: Quarterly,IN: India,P: Private non-financial sector,A: All sectors,C: Credit-to-GDP gaps (actual-trend),1979-Q2,8.2812,E: End of period,1: One,770: Percentage of GDP,0: Units,,,A: Normal value,F: Free,
dataflow,BIS:WS_CREDIT_GAP(1.0): Credit-to-GDP gaps,I,Q: Quarterly,IN: India,P: Private non-financial sector,A: All sectors,C: Credit-to-GDP gaps (actual-trend),1979-Q3,8.3173,E: End of period,1: One,770: Percentage of GDP,0: Units,,,A: Normal value,F: Free,
dataflow,BIS:WS_CREDIT_GAP(1.0): Credit-to-GDP gaps,I,Q: Quarterly,IN: India,P: Private non-financial sector,A: All sectors,C: Credit-to-GDP gaps (actual-trend),1979-Q4,9.1765,E: End of period,1: One,770: Percentage of GDP,0: Units,,,A: Normal value,F: Free,
dataflow,BIS:WS_CREDIT_GAP(1.0): Credit-to-GDP gaps,I,Q: Quarterly,IN: India,P: Private non-financial sector,A: All sectors,C: Credit-to-GDP gaps (actual-trend),1980-Q1,8.4729,E: End of period,1: One,770: Percentage of GDP,0: Units,,,A: Normal value,F: Free,
dataflow,BIS:WS_CREDIT_GAP(1.0): Credit-to-GDP gaps,I,Q: Quarterly,IN: India,P: Private non-financial sector,A: All sectors,C: Credit-to-GDP gaps (actual-trend),1980-Q2,6.2828,E: End of period,1: One,770: Percentage of GDP,0: Units,,,A: Normal value,F: Free,
dataflow,BIS:WS_CREDIT_GAP(1.0): Credit-to-GDP gaps,I,Q: Quarterly,IN: India,P: Private non-financial sector,A: All sectors,C: Credit-to-GDP gaps (actual-trend),1980-Q3,4.2836,E: End of period,1: One,770: Percentage of GDP,0: Units,,,A: Normal value,F: Free,
dataflow,BIS:WS_CREDIT_GAP(1.0): Credit-to-GDP gaps,I,Q: Quarterly,IN: India,P: Private non-financial sector,A: All sectors,C: Credit-to-GDP gaps (actual-trend),1980-Q4,5.6284,E: End of period,1: One,770: Percentage of GDP,0: Units,,,A: Normal value,F: Free,
dataflow,BIS:WS_CREDIT_GAP(1.0): Credit-to-GDP gaps,I,Q: Quarterly,IN: India,P: Private non-financial sector,A: All sectors,C: Credit-to-GDP gaps (actual-trend),1981-Q1,5.7673,E: End of period,1: One,770: Percentage of GDP,0: Units,,,A: Normal value,F: Free,
dataflow,BIS:WS_CREDIT_GAP(1.0): Credit-to-GDP gaps,I,Q: Quarterly,IN: India,P: Private non-financial sector,A: All sectors,C: Credit-to-GDP gaps (actual-trend),1981-Q2,4.5582,E: End of period,1: One,770: Percentage of GDP,0: Units,,,A: Normal value,F: Free,
dataflow,BIS:WS_CREDIT_GAP(1.0): Credit-to-GDP gaps,I,Q: Quarterly,IN: India,P: Private non-financial sector,A: All sectors,C: Credit-to-GDP gaps (actual-trend),1981-Q3,3.3824,E: End of period,1: One,770: Percentage of GDP,0: Units,,,A: Normal value,F: Free,
dataflow,BIS:WS_CREDIT_GAP(1.0): Credit-to-GDP gaps,I,Q: Quarterly,IN: India,P: Private non-financial sector,A: All sectors,C: Credit-to-GDP gaps (actual-trend),1981-Q4,4.8467,E: End of period,1: One,770: Percentage of GDP,0: Units,,,A: Normal value,F: Free,
dataflow,BIS:WS_CREDIT_GAP(1.0): Credit-to-GDP gaps,I,Q: Quarterly,IN: India,P: Private non-financial sector,A: All sectors,C: Credit-to-GDP gaps (actual-trend),1982-Q1,4.4384,E: End of period,1: One,770: Percentage of GDP,0: Units,,,A: Normal value,F: Free,
dataflow,BIS:WS_CREDIT_GAP(1.0): Credit-to-GDP gaps,I,Q: Quarterly,IN: India,P: Private non-financial sector,A: All sectors,C: Credit-to-GDP gaps (actual-trend),1982-Q2,3.3655,E: End of period,1: One,770: Percentage of GDP,0: Units,,,A: Normal value,F: Free,
dataflow,BIS:WS_CREDIT_GAP(1.0): Credit-to-GDP gaps,I,Q: Quarterly,IN: India,P: Private non-financial sector,A: All sectors,C: Credit-to-GDP gaps (actual-trend),1982-Q3,2.7341,E: End of period,1: One,770: Percentage of GDP,0: Units,,,A: Normal value,F: Free,
dataflow,BIS:WS_CREDIT_GAP(1.0): Credit-to-GDP gaps,I,Q: Quarterly,IN: India,P: Private non-financial sector,A: All sectors,C: Credit-to-GDP gaps (actual-trend),1982-Q4,5.901,E: End of period,1: One,770: Percentage of GDP,0: Units,,,A: Normal value,F: Free,
dataflow,BIS:WS_CREDIT_GAP(1.0): Credit-to-GDP gaps,I,Q: Quarterly,IN: India,P: Private non-financial sector,A: All sectors,C: Credit-to-GDP gaps (actual-trend),1983-Q1,4.7291,E: End of period,1: One,770: Percentage of GDP,0: Units,,,A: Normal value,F: Free,
dataflow,BIS:WS_CREDIT_GAP(1.0): Credit-to-GDP gaps,I,Q: Quarterly,IN: India,P: Private non-financial sector,A: All sectors,C: Credit-to-GDP gaps (actual-trend),1983-Q2,3.0494,E: End of period,1: One,770: Percentage of GDP,0: Units,,,A: Normal value,F: Free,
dataflow,BIS:WS_CREDIT_GAP(1.0): Credit-to-GDP gaps,I,Q: Quarterly,IN: India,P: Private non-financial sector,A: All sectors,C: Credit-to-GDP gaps (actual-trend),1983-Q3,1.9181,E: End of period,1: One,770: Percentage of GDP,0: Units,,,A: Normal value,F: Free,
dataflow,BIS:WS_CREDIT_GAP(1.0): Credit-to-GDP gaps,I,Q: Quarterly,IN: India,P: Private non-financial sector,A: All sectors,C: Credit-to-GDP gaps (actual-trend),1983-Q4,3.6161,E: End of period,1: One,770: Percentage of GDP,0: Units,,,A: Normal value,F: Free,
dataflow,BIS:WS_CREDIT_GAP(1.0): Credit-to-GDP gaps,I,Q: Quarterly,IN: India,P: Private non-financial sector,A: All sectors,C: Credit-to-GDP gaps (actual-trend),1984-Q1,3.5218,E: End of period,1: One,770: Percentage of GDP,0: Units,,,A: Normal value,F: Free,
dataflow,BIS:WS_CREDIT_GAP(1.0): Credit-to-GDP gaps,I,Q: Quarterly,IN: India,P: Private non-financial sector,A: All sectors,C: Credit-to-GDP gaps (actual-trend),1984-Q2,3.189,E: End of period,1: One,770: Percentage of GDP,0: Units,,,A: Normal value,F: Free,
dataflow,BIS:WS_CREDIT_GAP(1.0): Credit-to-GDP gaps,I,Q: Quarterly,IN: India,P: Private non-financial sector,A: All sectors,C: Credit-to-GDP gaps (actual-trend),1984-Q3,1.8954,E: End of period,1: One,770: Percentage of GDP,0: Units,,,A: Normal value,F: Free,
dataflow,BIS:WS_CREDIT_GAP(1.0): Credit-to-GDP gaps,I,Q: Quarterly,IN: India,P: Private non-financial sector,A: All sectors,C: Credit-to-GDP gaps (actual-trend),1984-Q4,4.0755,E: End of period,1: One,770: Percentage of GDP,0: Units,,,A: Normal value,F: Free,
dataflow,BIS:WS_CREDIT_GAP(1.0): Credit-to-GDP gaps,I,Q: Quarterly,IN: India,P: Private non-financial sector,A: All sectors,C: Credit-to-GDP gaps (actual-trend),1985-Q1,3.7427,E: End of period,1: One,770: Percentage of GDP,0: Units,,,A: Normal value,F: Free,
dataflow,BIS:WS_CREDIT_GAP(1.0): Credit-to-GDP gaps,I,Q: Quarterly,IN: India,P: Private non-financial sector,A: All sectors,C: Credit-to-GDP gaps (actual-trend),1985-Q2,1.8074,E: End of period,1: One,770: Percentage of GDP,0: Units,,,A: Normal value,F: Free,
dataflow,BIS:WS_CREDIT_GAP(1.0): Credit-to-GDP gaps,I,Q: Quarterly,IN: India,P: Private non-financial sector,A: All sectors,C: Credit-to-GDP gaps (actual-trend),1985-Q3,1.2429,E: End of period,1: One,770: Percentage of GDP,0: Units,,,A: Normal value,F: Free,
dataflow,BIS:WS_CREDIT_GAP(1.0): Credit-to-GDP gaps,I,Q: Quarterly,IN: India,P: Private non-financial sector,A: All sectors,C: Credit-to-GDP gaps (actual-trend),1985-Q4,1.9071,E: End of period,1: One,770: Percentage of GDP,0: Units,,,A: Normal value,F: Free,
dataflow,BIS:WS_CREDIT_GAP(1.0): Credit-to-GDP gaps,I,Q: Quarterly,IN: India,P: Private non-financial sector,A: All sectors,C: Credit-to-GDP gaps (actual-trend),1986-Q1,3.8007,E: End of period,1: One,770: Percentage of GDP,0: Units,,,A: Normal value,F: Free,
dataflow,BIS:WS_CREDIT_GAP(1.0): Credit-to-GDP gaps,I,Q: Quarterly,IN: India,P: Private non-financial sector,A: All sectors,C: Credit-to-GDP gaps (actual-trend),1986-Q2,1.6498,E: End of period,1: One,770: Percentage of GDP,0: Units,,,A: Normal value,F: Free,
dataflow,BIS:WS_CREDIT_GAP(1.0): Credit-to-GDP gaps,I,Q: Quarterly,IN: India,P: Private non-financial sector,A: All sectors,C: Credit-to-GDP gaps (actual-trend),1986-Q3,0.3524,E: End of period,1: One,770: Percentage of GDP,0: Units,,,A: Normal value,F: Free,
dataflow,BIS:WS_CREDIT_GAP(1.0): Credit-to-GDP gaps,I,Q: Quarterly,IN: India,P: Private non-financial sector,A: All sectors,C: Credit-to-GDP gaps (actual-trend),1986-Q4,0.9564,E: End of period,1: One,770: Percentage of GDP,0: Units,,,A: Normal value,F: Free,
dataflow,BIS:WS_CREDIT_GAP(1.0): Credit-to-GDP gaps,I,Q: Quarterly,IN: India,P: Private non-financial sector,A: All sectors,C: Credit-to-GDP gaps (actual-trend),1987-Q1,3.1096,E: End of period,1: One,770: Percentage of GDP,0: Units,,,A: Normal value,F: Free,
dataflow,BIS:WS_CREDIT_GAP(1.0): Credit-to-GDP gaps,I,Q: Quarterly,IN: India,P: Private non-financial sector,A: All sectors,C: Credit-to-GDP gaps (actual-trend),1987-Q2,0.1238,E: End of period,1: One,770: Percentage of GDP,0: Units,,,A: Normal value,F: Free,
dataflow,BIS:WS_CREDIT_GAP(1.0): Credit-to-GDP gaps,I,Q: Quarterly,IN: India,P: Private non-financial sector,A: All sectors,C: Credit-to-GDP gaps (actual-trend),1987-Q3,-0.7716,E: End of period,1: One,770: Percentage of GDP,0: Units,,,A: Normal value,F: Free,
dataflow,BIS:WS_CREDIT_GAP(1.0): Credit-to-GDP gaps,I,Q: Quarterly,IN: India,P: Private non-financial sector,A: All sectors,C: Credit-to-GDP gaps (actual-trend),1987-Q4,-0.7234,E: End of period,1: One,770: Percentage of GDP,0: Units,,,A: Normal value,F: Free,
dataflow,BIS:WS_CREDIT_GAP(1.0): Credit-to-GDP gaps,I,Q: Quarterly,IN: India,P: Private non-financial sector,A: All sectors,C: Credit-to-GDP gaps (actual-trend),1988-Q1,1.534,E: End of period,1: One,770: Percentage of GDP,0: Units,,,A: Normal value,F: Free,
dataflow,BIS:WS_CREDIT_GAP(1.0): Credit-to-GDP gaps,I,Q: Quarterly,IN: India,P: Private non-financial sector,A: All sectors,C: Credit-to-GDP gaps (actual-trend),1988-Q2,-1.4379,E: End of period,1: One,770: Percentage of GDP,0: Units,,,A: Normal value,F: Free,
dataflow,BIS:WS_CREDIT_GAP(1.0): Credit-to-GDP gaps,I,Q: Quarterly,IN: India,P: Private non-financial sector,A: All sectors,C: Credit-to-GDP gaps (actual-trend),1988-Q3,-2.3773,E: End of period,1: One,770: Percentage of GDP,0: Units,,,A: Normal value,F: Free,
dataflow,BIS:WS_CREDIT_GAP(1.0): Credit-to-GDP gaps,I,Q: Quarterly,IN: India,P: Private non-financial sector,A: All sectors,C: Credit-to-GDP gaps (actual-trend),1988-Q4,0.2417,E: End of period,1: One,770: Percentage of GDP,0: Units,,,A: Normal value,F: Free,
dataflow,BIS:WS_CREDIT_GAP(1.0): Credit-to-GDP gaps,I,Q: Quarterly,IN: India,P: Private non-financial sector,A: All sectors,C: Credit-to-GDP gaps (actual-trend),1989-Q1,-0.0444,E: End of period,1: One,770: Percentage of GDP,0: Units,,,A: Normal value,F: Free,
dataflow,BIS:WS_CREDIT_GAP(1.0): Credit-to-GDP gaps,I,Q: Quarterly,IN: India,P: Private non-financial sector,A: All sectors,C: Credit-to-GDP gaps (actual-trend),1989-Q2,-0.5589,E: End of period,1: One,770: Percentage of GDP,0: Units,,,A: Normal value,F: Free,
dataflow,BIS:WS_CREDIT_GAP(1.0): Credit-to-GDP gaps,I,Q: Quarterly,IN: India,P: Private non-financial sector,A: All sectors,C: Credit-to-GDP gaps (actual-trend),1989-Q3,-1.8511,E: End of period,1: One,770: Percentage of GDP,0: Units,,,A: Normal value,F: Free,
dataflow,BIS:WS_CREDIT_GAP(1.0): Credit-to-GDP gaps,I,Q: Quarterly,IN: India,P: Private non-financial sector,A: All sectors,C: Credit-to-GDP gaps (actual-trend),1989-Q4,-0.7136,E: End of period,1: One,770: Percentage of GDP,0: Units,,,A: Normal value,F: Free,
dataflow,BIS:WS_CREDIT_GAP(1.0): Credit-to-GDP gaps,I,Q: Quarterly,IN: India,P: Private non-financial sector,A: All sectors,C: Credit-to-GDP gaps (actual-trend),1990-Q1,-0.1899,E: End of period,1: One,770: Percentage of GDP,0: Units,,,A: Normal value,F: Free,
dataflow,BIS:WS_CREDIT_GAP(1.0): Credit-to-GDP gaps,I,Q: Quarterly,IN: India,P: Private non-financial sector,A: All sectors,C: Credit-to-GDP gaps (actual-trend),1990-Q2,-1.6398,E: End of period,1: One,770: Percentage of GDP,0: Units,,,A: Normal value,F: Free,
dataflow,BIS:WS_CREDIT_GAP(1.0): Credit-to-GDP gaps,I,Q: Quarterly,IN: India,P: Private non-financial sector,A: All sectors,C: Credit-to-GDP gaps (actual-trend),1990-Q3,-3.4882,E: End of period,1: One,770: Percentage of GDP,0: Units,,,A: Normal value,F: Free,
dataflow,BIS:WS_CREDIT_GAP(1.0): Credit-to-GDP gaps,I,Q: Quarterly,IN: India,P: Private non-financial sector,A: All sectors,C: Credit-to-GDP gaps (actual-trend),1990-Q4,-3.0008,E: End of period,1: One,770: Percentage of GDP,0: Units,,,A: Normal value,F: Free,
dataflow,BIS:WS_CREDIT_GAP(1.0): Credit-to-GDP gaps,I,Q: Quarterly,IN: India,P: Private non-financial sector,A: All sectors,C: Credit-to-GDP gaps (actual-trend),1991-Q1,-3.2063,E: End of period,1: One,770: Percentage of GDP,0: Units,,,A: Normal value,F: Free,
dataflow,BIS:WS_CREDIT_GAP(1.0): Credit-to-GDP gaps,I,Q: Quarterly,IN: India,P: Private non-financial sector,A: All sectors,C: Credit-to-GDP gaps (actual-trend),1991-Q2,-5.1586,E: End of period,1: One,770: Percentage of GDP,0: Units,,,A: Normal value,F: Free,
dataflow,BIS:WS_CREDIT_GAP(1.0): Credit-to-GDP gaps,I,Q: Quarterly,IN: India,P: Private non-financial sector,A: All sectors,C: Credit-to-GDP gaps (actual-trend),1991-Q3,-6.9605,E: End of period,1: One,770: Percentage of GDP,0: Units,,,A: Normal value,F: Free,
dataflow,BIS:WS_CREDIT_GAP(1.0): Credit-to-GDP gaps,I,Q: Quarterly,IN: India,P: Private non-financial sector,A: All sectors,C: Credit-to-GDP gaps (actual-trend),1991-Q4,-6.9838,E: End of period,1: One,770: Percentage of GDP,0: Units,,,A: Normal value,F: Free,
dataflow,BIS:WS_CREDIT_GAP(1.0): Credit-to-GDP gaps,I,Q: Quarterly,IN: India,P: Private non-financial sector,A: All sectors,C: Credit-to-GDP gaps (actual-trend),1992-Q1,-6.15,E: End of period,1: One,770: Percentage of GDP,0: Units,,,A: Normal value,F: Free,
dataflow,BIS:WS_CREDIT_GAP(1.0): Credit-to-GDP gaps,I,Q: Quarterly,IN: India,P: Private non-financial sector,A: All sectors,C: Credit-to-GDP gaps (actual-trend),1992-Q2,-5.48,E: End of period,1: One,770: Percentage of GDP,0: Units,,,A: Normal value,F: Free,
dataflow,BIS:WS_CREDIT_GAP(1.0): Credit-to-GDP gaps,I,Q: Quarterly,IN: India,P: Private non-financial sector,A: All sectors,C: Credit-to-GDP gaps (actual-trend),1992-Q3,-5.5163,E: End of period,1: One,770: Percentage of GDP,0: Units,,,A: Normal value,F: Free,
dataflow,BIS:WS_CREDIT_GAP(1.0): Credit-to-GDP gaps,I,Q: Quarterly,IN: India,P: Private non-financial sector,A: All sectors,C: Credit-to-GDP gaps (actual-trend),1992-Q4,-4.5752,E: End of period,1: One,770: Percentage of GDP,0: Units,,,A: Normal value,F: Free,
dataflow,BIS:WS_CREDIT_GAP(1.0): Credit-to-GDP gaps,I,Q: Quarterly,IN: India,P: Private non-financial sector,A: All sectors,C: Credit-to-GDP gaps (actual-trend),1993-Q1,-3.4806,E: End of period,1: One,770: Percentage of GDP,0: Units,,,A: Normal value,F: Free,
dataflow,BIS:WS_CREDIT_GAP(1.0): Credit-to-GDP gaps,I,Q: Quarterly,IN: India,P: Private non-financial sector,A: All sectors,C: Credit-to-GDP gaps (actual-trend),1993-Q2,-5.1377,E: End of period,1: One,770: Percentage of GDP,0: Units,,,A: Normal value,F: Free,
dataflow,BIS:WS_CREDIT_GAP(1.0): Credit-to-GDP gaps,I,Q: Quarterly,IN: India,P: Private non-financial sector,A: All sectors,C: Credit-to-GDP gaps (actual-trend),1993-Q3,-7.5923,E: End of period,1: One,770: Percentage of GDP,0: Units,,,A: Normal value,F: Free,
dataflow,BIS:WS_CREDIT_GAP(1.0): Credit-to-GDP gaps,I,Q: Quarterly,IN: India,P: Private non-financial sector,A: All sectors,C: Credit-to-GDP gaps (actual-trend),1993-Q4,-7.4092,E: End of period,1: One,770: Percentage of GDP,0: Units,,,A: Normal value,F: Free,
dataflow,BIS:WS_CREDIT_GAP(1.0): Credit-to-GDP gaps,I,Q: Quarterly,IN: India,P: Private non-financial sector,A: All sectors,C: Credit-to-GDP gaps (actual-trend),1994-Q1,-7.4875,E: End of period,1: One,770: Percentage of GDP,0: Units,,,A: Normal value,F: Free,
dataflow,BIS:WS_CREDIT_GAP(1.0): Credit-to-GDP gaps,I,Q: Quarterly,IN: India,P: Private non-financial sector,A: All sectors,C: Credit-to-GDP gaps (actual-trend),1994-Q2,-9.2794,E: End of period,1: One,770: Percentage of GDP,0: Units,,,A: Normal value,F: Free,
dataflow,BIS:WS_CREDIT_GAP(1.0): Credit-to-GDP gaps,I,Q: Quarterly,IN: India,P: Private non-financial sector,A: All sectors,C: Credit-to-GDP gaps (actual-trend),1994-Q3,-8.0694,E: End of period,1: One,770: Percentage of GDP,0: Units,,,A: Normal value,F: Free,
dataflow,BIS:WS_CREDIT_GAP(1.0): Credit-to-GDP gaps,I,Q: Quarterly,IN: India,P: Private non-financial sector,A: All sectors,C: Credit-to-GDP gaps (actual-trend),1994-Q4,-7.6703,E: End of period,1: One,770: Percentage of GDP,0: Units,,,A: Normal value,F: Free,
dataflow,BIS:WS_CREDIT_GAP(1.0): Credit-to-GDP gaps,I,Q: Quarterly,IN: India,P: Private non-financial sector,A: All sectors,C: Credit-to-GDP gaps (actual-trend),1995-Q1,-4.5325,E: End of period,1: One,770: Percentage of GDP,0: Units,,,A: Normal value,F: Free,
dataflow,BIS:WS_CREDIT_GAP(1.0): Credit-to-GDP gaps,I,Q: Quarterly,IN: India,P: Private non-financial sector,A: All sectors,C: Credit-to-GDP gaps (actual-trend),1995-Q2,-6.3176,E: End of period,1: One,770: Percentage of GDP,0: Units,,,A: Normal value,F: Free,
dataflow,BIS:WS_CREDIT_GAP(1.0): Credit-to-GDP gaps,I,Q: Quarterly,IN: India,P: Private non-financial sector,A: All sectors,C: Credit-to-GDP gaps (actual-trend),1995-Q3,-5.3906,E: End of period,1: One,770: Percentage of GDP,0: Units,,,A: Normal value,F: Free,
dataflow,BIS:WS_CREDIT_GAP(1.0): Credit-to-GDP gaps,I,Q: Quarterly,IN: India,P: Private non-financial sector,A: All sectors,C: Credit-to-GDP gaps (actual-trend),1995-Q4,-5.353,E: End of period,1: One,770: Percentage of GDP,0: Units,,,A: Normal value,F: Free,
dataflow,BIS:WS_CREDIT_GAP(1.0): Credit-to-GDP gaps,I,Q: Quarterly,IN: India,P: Private non-financial sector,A: All sectors,C: Credit-to-GDP gaps (actual-trend),1996-Q1,-3.0769,E: End of period,1: One,770: Percentage of GDP,0: Units,,,A: Normal value,F: Free,
dataflow,BIS:WS_CREDIT_GAP(1.0): Credit-to-GDP gaps,I,Q: Quarterly,IN: India,P: Private non-financial sector,A: All sectors,C: Credit-to-GDP gaps (actual-trend),1996-Q2,-5.1837,E: End of period,1: One,770: Percentage of GDP,0: Units,,,A: Normal value,F: Free,
dataflow,BIS:WS_CREDIT_GAP(1.0): Credit-to-GDP gaps,I,Q: Quarterly,IN: India,P: Private non-financial sector,A: All sectors,C: Credit-to-GDP gaps (actual-trend),1996-Q3,-6.0485,E: End of period,1: One,770: Percentage of GDP,0: Units,,,A: Normal value,F: Free,
dataflow,BIS:WS_CREDIT_GAP(1.0): Credit-to-GDP gaps,I,Q: Quarterly,IN: India,P: Private non-financial sector,A: All sectors,C: Credit-to-GDP gaps (actual-trend),1996-Q4,-6.2645,E: End of period,1: One,770: Percentage of GDP,0: Units,,,A: Normal value,F: Free,
dataflow,BIS:WS_CREDIT_GAP(1.0): Credit-to-GDP gaps,I,Q: Quarterly,IN: India,P: Private non-financial sector,A: All sectors,C: Credit-to-GDP gaps (actual-trend),1997-Q1,-4.2933,E: End of period,1: One,770: Percentage of GDP,0: Units,,,A: Normal value,F: Free,
dataflow,BIS:WS_CREDIT_GAP(1.0): Credit-to-GDP gaps,I,Q: Quarterly,IN: India,P: Private non-financial sector,A: All sectors,C: Credit-to-GDP gaps (actual-trend),1997-Q2,-6.1286,E: End of period,1: One,770: Percentage of GDP,0: Units,,,A: Normal value,F: Free,
dataflow,BIS:WS_CREDIT_GAP(1.0): Credit-to-GDP gaps,I,Q: Quarterly,IN: India,P: Private non-financial sector,A: All sectors,C: Credit-to-GDP gaps (actual-trend),1997-Q3,-6.5315,E: End of period,1: One,770: Percentage of GDP,0: Units,,,A: Normal value,F: Free,
dataflow,BIS:WS_CREDIT_GAP(1.0): Credit-to-GDP gaps,I,Q: Quarterly,IN: India,P: Private non-financial sector,A: All sectors,C: Credit-to-GDP gaps (actual-trend),1997-Q4,-4.9102,E: End of period,1: One,770: Percentage of GDP,0: Units,,,A: Normal value,F: Free,
dataflow,BIS:WS_CREDIT_GAP(1.0): Credit-to-GDP gaps,I,Q: Quarterly,IN: India,P: Private non-financial sector,A: All sectors,C: Credit-to-GDP gaps (actual-trend),1998-Q1,-1.6994,E: End of period,1: One,770: Percentage of GDP,0: Units,,,A: Normal value,F: Free,
dataflow,BIS:WS_CREDIT_GAP(1.0): Credit-to-GDP gaps,I,Q: Quarterly,IN: India,P: Private non-financial sector,A: All sectors,C: Credit-to-GDP gaps (actual-trend),1998-Q2,-3.2059,E: End of period,1: One,770: Percentage of GDP,0: Units,,,A: Normal value,F: Free,
dataflow,BIS:WS_CREDIT_GAP(1.0): Credit-to-GDP gaps,I,Q: Quarterly,IN: India,P: Private non-financial sector,A: All sectors,C: Credit-to-GDP gaps (actual-trend),1998-Q3,-3.4841,E: End of period,1: One,770: Percentage of GDP,0: Units,,,A: Normal value,F: Free,
dataflow,BIS:WS_CREDIT_GAP(1.0): Credit-to-GDP gaps,I,Q: Quarterly,IN: India,P: Private non-financial sector,A: All sectors,C: Credit-to-GDP gaps (actual-trend),1998-Q4,-4.0866,E: End of period,1: One,770: Percentage of GDP,0: Units,,,A: Normal value,F: Free,
dataflow,BIS:WS_CREDIT_GAP(1.0): Credit-to-GDP gaps,I,Q: Quarterly,IN: India,P: Private non-financial sector,A: All sectors,C: Credit-to-GDP gaps (actual-trend),1999-Q1,-0.9633,E: End of period,1: One,770: Percentage of GDP,0: Units,,,A: Normal value,F: Free,
dataflow,BIS:WS_CREDIT_GAP(1.0): Credit-to-GDP gaps,I,Q: Quarterly,IN: India,P: Private non-financial sector,A: All sectors,C: Credit-to-GDP gaps (actual-trend),1999-Q2,-3.475,E: End of period,1: One,770: Percentage of GDP,0: Units,,,A: Normal value,F: Free,
dataflow,BIS:WS_CREDIT_GAP(1.0): Credit-to-GDP gaps,I,Q: Quarterly,IN: India,P: Private non-financial sector,A: All sectors,C: Credit-to-GDP gaps (actual-trend),1999-Q3,-2.9589,E: End of period,1: One,770: Percentage of GDP,0: Units,,,A: Normal value,F: Free,
dataflow,BIS:WS_CREDIT_GAP(1.0): Credit-to-GDP gaps,I,Q: Quarterly,IN: India,P: Private non-financial sector,A: All sectors,C: Credit-to-GDP gaps (actual-trend),1999-Q4,-0.2775,E: End of period,1: One,770: Percentage of GDP,0: Units,,,A: Normal value,F: Free,
dataflow,BIS:WS_CREDIT_GAP(1.0): Credit-to-GDP gaps,I,Q: Quarterly,IN: India,P: Private non-financial sector,A: All sectors,C: Credit-to-GDP gaps (actual-trend),2000-Q1,0.5295,E: End of period,1: One,770: Percentage of GDP,0: Units,,,A: Normal value,F: Free,
dataflow,BIS:WS_CREDIT_GAP(1.0): Credit-to-GDP gaps,I,Q: Quarterly,IN: India,P: Private non-financial sector,A: All sectors,C: Credit-to-GDP gaps (actual-trend),2000-Q2,1.5268,E: End of period,1: One,770: Percentage of GDP,0: Units,,,A: Normal value,F: Free,
dataflow,BIS:WS_CREDIT_GAP(1.0): Credit-to-GDP gaps,I,Q: Quarterly,IN: India,P: Private non-financial sector,A: All sectors,C: Credit-to-GDP gaps (actual-trend),2000-Q3,1.1699,E: End of period,1: One,770: Percentage of GDP,0: Units,,,A: Normal value,F: Free,
dataflow,BIS:WS_CREDIT_GAP(1.0): Credit-to-GDP gaps,I,Q: Quarterly,IN: India,P: Private non-financial sector,A: All sectors,C: Credit-to-GDP gaps (actual-trend),2000-Q4,2.9383,E: End of period,1: One,770: Percentage of GDP,0: Units,,,A: Normal value,F: Free,
dataflow,BIS:WS_CREDIT_GAP(1.0): Credit-to-GDP gaps,I,Q: Quarterly,IN: India,P: Private non-financial sector,A: All sectors,C: Credit-to-GDP gaps (actual-trend),2001-Q1,3.573,E: End of period,1: One,770: Percentage of GDP,0: Units,,,A: Normal value,F: Free,
dataflow,BIS:WS_CREDIT_GAP(1.0): Credit-to-GDP gaps,I,Q: Quarterly,IN: India,P: Private non-financial sector,A: All sectors,C: Credit-to-GDP gaps (actual-trend),2001-Q2,2.7549,E: End of period,1: One,770: Percentage of GDP,0: Units,,,A: Normal value,F: Free,
dataflow,BIS:WS_CREDIT_GAP(1.0): Credit-to-GDP gaps,I,Q: Quarterly,IN: India,P: Private non-financial sector,A: All sectors,C: Credit-to-GDP gaps (actual-trend),2001-Q3,2.6075,E: End of period,1: One,770: Percentage of GDP,0: Units,,,A: Normal value,F: Free,
dataflow,BIS:WS_CREDIT_GAP(1.0): Credit-to-GDP gaps,I,Q: Quarterly,IN: India,P: Private non-financial sector,A: All sectors,C: Credit-to-GDP gaps (actual-trend),2001-Q4,3.3665,E: End of period,1: One,770: Percentage of GDP,0: Units,,,A: Normal value,F: Free,
dataflow,BIS:WS_CREDIT_GAP(1.0): Credit-to-GDP gaps,I,Q: Quarterly,IN: India,P: Private non-financial sector,A: All sectors,C: Credit-to-GDP gaps (actual-trend),2002-Q1,4.7826,E: End of period,1: One,770: Percentage of GDP,0: Units,,,A: Normal value,F: Free,
dataflow,BIS:WS_CREDIT_GAP(1.0): Credit-to-GDP gaps,I,Q: Quarterly,IN: India,P: Private non-financial sector,A: All sectors,C: Credit-to-GDP gaps (actual-trend),2002-Q2,7.7199,E: End of period,1: One,770: Percentage of GDP,0: Units,,,A: Normal value,F: Free,
dataflow,BIS:WS_CREDIT_GAP(1.0): Credit-to-GDP gaps,I,Q: Quarterly,IN: India,P: Private non-financial sector,A: All sectors,C: Credit-to-GDP gaps (actual-trend),2002-Q3,6.9244,E: End of period,1: One,770: Percentage of GDP,0: Units,,,A: Normal value,F: Free,
dataflow,BIS:WS_CREDIT_GAP(1.0): Credit-to-GDP gaps,I,Q: Quarterly,IN: India,P: Private non-financial sector,A: All sectors,C: Credit-to-GDP gaps (actual-trend),2002-Q4,7.59,E: End of period,1: One,770: Percentage of GDP,0: Units,,,A: Normal value,F: Free,
dataflow,BIS:WS_CREDIT_GAP(1.0): Credit-to-GDP gaps,I,Q: Quarterly,IN: India,P: Private non-financial sector,A: All sectors,C: Credit-to-GDP gaps (actual-trend),2003-Q1,8.6482,E: End of period,1: One,770: Percentage of GDP,0: Units,,,A: Normal value,F: Free,
dataflow,BIS:WS_CREDIT_GAP(1.0): Credit-to-GDP gaps,I,Q: Quarterly,IN: India,P: Private non-financial sector,A: All sectors,C: Credit-to-GDP gaps (actual-trend),2003-Q2,6.927,E: End of period,1: One,770: Percentage of GDP,0: Units,,,A: Normal value,F: Free,
dataflow,BIS:WS_CREDIT_GAP(1.0): Credit-to-GDP gaps,I,Q: Quarterly,IN: India,P: Private non-financial sector,A: All sectors,C: Credit-to-GDP gaps (actual-trend),2003-Q3,4.9436,E: End of period,1: One,770: Percentage of GDP,0: Units,,,A: Normal value,F: Free,
dataflow,BIS:WS_CREDIT_GAP(1.0): Credit-to-GDP gaps,I,Q: Quarterly,IN: India,P: Private non-financial sector,A: All sectors,C: Credit-to-GDP gaps (actual-trend),2003-Q4,5.4663,E: End of period,1: One,770: Percentage of GDP,0: Units,,,A: Normal value,F: Free,
dataflow,BIS:WS_CREDIT_GAP(1.0): Credit-to-GDP gaps,I,Q: Quarterly,IN: India,P: Private non-financial sector,A: All sectors,C: Credit-to-GDP gaps (actual-trend),2004-Q1,7.6403,E: End of period,1: One,770: Percentage of GDP,0: Units,,,A: Normal value,F: Free,
dataflow,BIS:WS_CREDIT_GAP(1.0): Credit-to-GDP gaps,I,Q: Quarterly,IN: India,P: Private non-financial sector,A: All sectors,C: Credit-to-GDP gaps (actual-trend),2004-Q2,6.6652,E: End of period,1: One,770: Percentage of GDP,0: Units,,,A: Normal value,F: Free,
dataflow,BIS:WS_CREDIT_GAP(1.0): Credit-to-GDP gaps,I,Q: Quarterly,IN: India,P: Private non-financial sector,A: All sectors,C: Credit-to-GDP gaps (actual-trend),2004-Q3,6.5694,E: End of period,1: One,770: Percentage of GDP,0: Units,,,A: Normal value,F: Free,
dataflow,BIS:WS_CREDIT_GAP(1.0): Credit-to-GDP gaps,I,Q: Quarterly,IN: India,P: Private non-financial sector,A: All sectors,C: Credit-to-GDP gaps (actual-trend),2004-Q4,10.1442,E: End of period,1: One,770: Percentage of GDP,0: Units,,,A: Normal value,F: Free,
dataflow,BIS:WS_CREDIT_GAP(1.0): Credit-to-GDP gaps,I,Q: Quarterly,IN: India,P: Private non-financial sector,A: All sectors,C: Credit-to-GDP gaps (actual-trend),2005-Q1,11.5911,E: End of period,1: One,770: Percentage of GDP,0: Units,,,A: Normal value,F: Free,
dataflow,BIS:WS_CREDIT_GAP(1.0): Credit-to-GDP gaps,I,Q: Quarterly,IN: India,P: Private non-financial sector,A: All sectors,C: Credit-to-GDP gaps (actual-trend),2005-Q2,11.5117,E: End of period,1: One,770: Percentage of GDP,0: Units,,,A: Normal value,F: Free,
dataflow,BIS:WS_CREDIT_GAP(1.0): Credit-to-GDP gaps,I,Q: Quarterly,IN: India,P: Private non-financial sector,A: All sectors,C: Credit-to-GDP gaps (actual-trend),2005-Q3,15.1178,E: End of period,1: One,770: Percentage of GDP,0: Units,,,A: Normal value,F: Free,
dataflow,BIS:WS_CREDIT_GAP(1.0): Credit-to-GDP gaps,I,Q: Quarterly,IN: India,P: Private non-financial sector,A: All sectors,C: Credit-to-GDP gaps (actual-trend),2005-Q4,15.0912,E: End of period,1: One,770: Percentage of GDP,0: Units,,,A: Normal value,F: Free,
dataflow,BIS:WS_CREDIT_GAP(1.0): Credit-to-GDP gaps,I,Q: Quarterly,IN: India,P: Private non-financial sector,A: All sectors,C: Credit-to-GDP gaps (actual-trend),2006-Q1,21.0258,E: End of period,1: One,770: Percentage of GDP,0: Units,,,A: Normal value,F: Free,
dataflow,BIS:WS_CREDIT_GAP(1.0): Credit-to-GDP gaps,I,Q: Quarterly,IN: India,P: Private non-financial sector,A: All sectors,C: Credit-to-GDP gaps (actual-trend),2006-Q2,18.1194,E: End of period,1: One,770: Percentage of GDP,0: Units,,,A: Normal value,F: Free,
dataflow,BIS:WS_CREDIT_GAP(1.0): Credit-to-GDP gaps,I,Q: Quarterly,IN: India,P: Private non-financial sector,A: All sectors,C: Credit-to-GDP gaps (actual-trend),2006-Q3,19.9773,E: End of period,1: One,770: Percentage of GDP,0: Units,,,A: Normal value,F: Free,
dataflow,BIS:WS_CREDIT_GAP(1.0): Credit-to-GDP gaps,I,Q: Quarterly,IN: India,P: Private non-financial sector,A: All sectors,C: Credit-to-GDP gaps (actual-trend),2006-Q4,18.5948,E: End of period,1: One,770: Percentage of GDP,0: Units,,,A: Normal value,F: Free,
dataflow,BIS:WS_CREDIT_GAP(1.0): Credit-to-GDP gaps,I,Q: Quarterly,IN: India,P: Private non-financial sector,A: All sectors,C: Credit-to-GDP gaps (actual-trend),2007-Q1,22.7376,E: End of period,1: One,770: Percentage of GDP,0: Units,,,A: Normal value,F: Free,
dataflow,BIS:WS_CREDIT_GAP(1.0): Credit-to-GDP gaps,I,Q: Quarterly,IN: India,P: Private non-financial sector,A: All sectors,C: Credit-to-GDP gaps (actual-trend),2007-Q2,16.6085,E: End of period,1: One,770: Percentage of GDP,0: Units,,,A: Normal value,F: Free,
dataflow,BIS:WS_CREDIT_GAP(1.0): Credit-to-GDP gaps,I,Q: Quarterly,IN: India,P: Private non-financial sector,A: All sectors,C: Credit-to-GDP gaps (actual-trend),2007-Q3,17.4858,E: End of period,1: One,770: Percentage of GDP,0: Units,,,A: Normal value,F: Free,
dataflow,BIS:WS_CREDIT_GAP(1.0): Credit-to-GDP gaps,I,Q: Quarterly,IN: India,P: Private non-financial sector,A: All sectors,C: Credit-to-GDP gaps (actual-trend),2007-Q4,17.0234,E: End of period,1: One,770: Percentage of GDP,0: Units,,,A: Normal value,F: Free,
dataflow,BIS:WS_CREDIT_GAP(1.0): Credit-to-GDP gaps,I,Q: Quarterly,IN: India,P: Private non-financial sector,A: All sectors,C: Credit-to-GDP gaps (actual-trend),2008-Q1,21.8978,E: End of period,1: One,770: Percentage of GDP,0: Units,,,A: Normal value,F: Free,
dataflow,BIS:WS_CREDIT_GAP(1.0): Credit-to-GDP gaps,I,Q: Quarterly,IN: India,P: Private non-financial sector,A: All sectors,C: Credit-to-GDP gaps (actual-trend),2008-Q2,17.6717,E: End of period,1: One,770: Percentage of GDP,0: Units,,,A: Normal value,F: Free,
dataflow,BIS:WS_CREDIT_GAP(1.0): Credit-to-GDP gaps,I,Q: Quarterly,IN: India,P: Private non-financial sector,A: All sectors,C: Credit-to-GDP gaps (actual-trend),2008-Q3,18.1537,E: End of period,1: One,770: Percentage of GDP,0: Units,,,A: Normal value,F: Free,
dataflow,BIS:WS_CREDIT_GAP(1.0): Credit-to-GDP gaps,I,Q: Quarterly,IN: India,P: Private non-financial sector,A: All sectors,C: Credit-to-GDP gaps (actual-trend),2008-Q4,17.1391,E: End of period,1: One,770: Percentage of GDP,0: Units,,,A: Normal value,F: Free,
dataflow,BIS:WS_CREDIT_GAP(1.0): Credit-to-GDP gaps,I,Q: Quarterly,IN: India,P: Private non-financial sector,A: All sectors,C: Credit-to-GDP gaps (actual-trend),2009-Q1,19.2967,E: End of period,1: One,770: Percentage of GDP,0: Units,,,A: Normal value,F: Free,
dataflow,BIS:WS_CREDIT_GAP(1.0): Credit-to-GDP gaps,I,Q: Quarterly,IN: India,P: Private non-financial sector,A: All sectors,C: Credit-to-GDP gaps (actual-trend),2009-Q2,14.3375,E: End of period,1: One,770: Percentage of GDP,0: Units,,,A: Normal value,F: Free,
dataflow,BIS:WS_CREDIT_GAP(1.0): Credit-to-GDP gaps,I,Q: Quarterly,IN: India,P: Private non-financial sector,A: All sectors,C: Credit-to-GDP gaps (actual-trend),2009-Q3,14.3116,E: End of period,1: One,770: Percentage of GDP,0: Units,,,A: Normal value,F: Free,
dataflow,BIS:WS_CREDIT_GAP(1.0): Credit-to-GDP gaps,I,Q: Quarterly,IN: India,P: Private non-financial sector,A: All sectors,C: Credit-to-GDP gaps (actual-trend),2009-Q4,10.9175,E: End of period,1: One,770: Percentage of GDP,0: Units,,,A: Normal value,F: Free,
dataflow,BIS:WS_CREDIT_GAP(1.0): Credit-to-GDP gaps,I,Q: Quarterly,IN: India,P: Private non-financial sector,A: All sectors,C: Credit-to-GDP gaps (actual-trend),2010-Q1,12.9549,E: End of period,1: One,770: Percentage of GDP,0: Units,,,A: Normal value,F: Free,
dataflow,BIS:WS_CREDIT_GAP(1.0): Credit-to-GDP gaps,I,Q: Quarterly,IN: India,P: Private non-financial sector,A: All sectors,C: Credit-to-GDP gaps (actual-trend),2010-Q2,9.3996,E: End of period,1: One,770: Percentage of GDP,0: Units,,,A: Normal value,F: Free,
dataflow,BIS:WS_CREDIT_GAP(1.0): Credit-to-GDP gaps,I,Q: Quarterly,IN: India,P: Private non-financial sector,A: All sectors,C: Credit-to-GDP gaps (actual-trend),2010-Q3,7.4235,E: End of period,1: One,770: Percentage of GDP,0: Units,,,A: Normal value,F: Free,
dataflow,BIS:WS_CREDIT_GAP(1.0): Credit-to-GDP gaps,I,Q: Quarterly,IN: India,P: Private non-financial sector,A: All sectors,C: Credit-to-GDP gaps (actual-trend),2010-Q4,10.5216,E: End of period,1: One,770: Percentage of GDP,0: Units,,,A: Normal value,F: Free,
dataflow,BIS:WS_CREDIT_GAP(1.0): Credit-to-GDP gaps,I,Q: Quarterly,IN: India,P: Private non-financial sector,A: All sectors,C: Credit-to-GDP gaps (actual-trend),2011-Q1,8.6868,E: End of period,1: One,770: Percentage of GDP,0: Units,,,A: Normal value,F: Free,
dataflow,BIS:WS_CREDIT_GAP(1.0): Credit-to-GDP gaps,I,Q: Quarterly,IN: India,P: Private non-financial sector,A: All sectors,C: Credit-to-GDP gaps (actual-trend),2011-Q2,5.1646,E: End of period,1: One,770: Percentage of GDP,0: Units,,,A: Normal value,F: Free,
dataflow,BIS:WS_CREDIT_GAP(1.0): Credit-to-GDP gaps,I,Q: Quarterly,IN: India,P: Private non-financial sector,A: All sectors,C: Credit-to-GDP gaps (actual-trend),2011-Q3,3.1729,E: End of period,1: One,770: Percentage of GDP,0: Units,,,A: Normal value,F: Free,
dataflow,BIS:WS_CREDIT_GAP(1.0): Credit-to-GDP gaps,I,Q: Quarterly,IN: India,P: Private non-financial sector,A: All sectors,C: Credit-to-GDP gaps (actual-trend),2011-Q4,5.0157,E: End of period,1: One,770: Percentage of GDP,0: Units,,,A: Normal value,F: Free,
dataflow,BIS:WS_CREDIT_GAP(1.0): Credit-to-GDP gaps,I,Q: Quarterly,IN: India,P: Private non-financial sector,A: All sectors,C: Credit-to-GDP gaps (actual-trend),2012-Q1,3.8322,E: End of period,1: One,770: Percentage of GDP,0: Units,,,A: Normal value,F: Free,
dataflow,BIS:WS_CREDIT_GAP(1.0): Credit-to-GDP gaps,I,Q: Quarterly,IN: India,P: Private non-financial sector,A: All sectors,C: Credit-to-GDP gaps (actual-trend),2012-Q2,0.0085,E: End of period,1: One,770: Percentage of GDP,0: Units,,,A: Normal value,F: Free,
dataflow,BIS:WS_CREDIT_GAP(1.0): Credit-to-GDP gaps,I,Q: Quarterly,IN: India,P: Private non-financial sector,A: All sectors,C: Credit-to-GDP gaps (actual-trend),2012-Q3,0.5884,E: End of period,1: One,770: Percentage of GDP,0: Units,,,A: Normal value,F: Free,
dataflow,BIS:WS_CREDIT_GAP(1.0): Credit-to-GDP gaps,I,Q: Quarterly,IN: India,P: Private non-financial sector,A: All sectors,C: Credit-to-GDP gaps (actual-trend),2012-Q4,1.4395,E: End of period,1: One,770: Percentage of GDP,0: Units,,,A: Normal value,F: Free,
dataflow,BIS:WS_CREDIT_GAP(1.0): Credit-to-GDP gaps,I,Q: Quarterly,IN: India,P: Private non-financial sector,A: All sectors,C: Credit-to-GDP gaps (actual-trend),2013-Q1,-2.6026,E: End of period,1: One,770: Percentage of GDP,0: Units,,,A: Normal value,F: Free,
dataflow,BIS:WS_CREDIT_GAP(1.0): Credit-to-GDP gaps,I,Q: Quarterly,IN: India,P: Private non-financial sector,A: All sectors,C: Credit-to-GDP gaps (actual-trend),2013-Q2,-5.421,E: End of period,1: One,770: Percentage of GDP,0: Units,,,A: Normal value,F: Free,
dataflow,BIS:WS_CREDIT_GAP(1.0): Credit-to-GDP gaps,I,Q: Quarterly,IN: India,P: Private non-financial sector,A: All sectors,C: Credit-to-GDP gaps (actual-trend),2013-Q3,-8.4526,E: End of period,1: One,770: Percentage of GDP,0: Units,,,A: Normal value,F: Free,
dataflow,BIS:WS_CREDIT_GAP(1.0): Credit-to-GDP gaps,I,Q: Quarterly,IN: India,P: Private non-financial sector,A: All sectors,C: Credit-to-GDP gaps (actual-trend),2013-Q4,-10.7358,E: End of period,1: One,770: Percentage of GDP,0: Units,,,A: Normal value,F: Free,
dataflow,BIS:WS_CREDIT_GAP(1.0): Credit-to-GDP gaps,I,Q: Quarterly,IN: India,P: Private non-financial sector,A: All sectors,C: Credit-to-GDP gaps (actual-trend),2014-Q1,-10.8542,E: End of period,1: One,770: Percentage of GDP,0: Units,,,A: Normal value,F: Free,
dataflow,BIS:WS_CREDIT_GAP(1.0): Credit-to-GDP gaps,I,Q: Quarterly,IN: India,P: Private non-financial sector,A: All sectors,C: Credit-to-GDP gaps (actual-trend),2014-Q2,-12.1466,E: End of period,1: One,770: Percentage of GDP,0: Units,,,A: Normal value,F: Free,
dataflow,BIS:WS_CREDIT_GAP(1.0): Credit-to-GDP gaps,I,Q: Quarterly,IN: India,P: Private non-financial sector,A: All sectors,C: Credit-to-GDP gaps (actual-trend),2014-Q3,-11.1016,E: End of period,1: One,770: Percentage of GDP,0: Units,,,A: Normal value,F: Free,
dataflow,BIS:WS_CREDIT_GAP(1.0): Credit-to-GDP gaps,I,Q: Quarterly,IN: India,P: Private non-financial sector,A: All sectors,C: Credit-to-GDP gaps (actual-trend),2014-Q4,-9.336,E: End of period,1: One,770: Percentage of GDP,0: Units,,,A: Normal value,F: Free,
dataflow,BIS:WS_CREDIT_GAP(1.0): Credit-to-GDP gaps,I,Q: Quarterly,IN: India,P: Private non-financial sector,A: All sectors,C: Credit-to-GDP gaps (actual-trend),2015-Q1,-11.1471,E: End of period,1: One,770: Percentage of GDP,0: Units,,,A: Normal value,F: Free,
dataflow,BIS:WS_CREDIT_GAP(1.0): Credit-to-GDP gaps,I,Q: Quarterly,IN: India,P: Private non-financial sector,A: All sectors,C: Credit-to-GDP gaps (actual-trend),2015-Q2,-13.7813,E: End of period,1: One,770: Percentage of GDP,0: Units,,,A: Normal value,F: Free,
dataflow,BIS:WS_CREDIT_GAP(1.0): Credit-to-GDP gaps,I,Q: Quarterly,IN: India,P: Private non-financial sector,A: All sectors,C: Credit-to-GDP gaps (actual-trend),2015-Q3,-13.0314,E: End of period,1: One,770: Percentage of GDP,0: Units,,,A: Normal value,F: Free,
dataflow,BIS:WS_CREDIT_GAP(1.0): Credit-to-GDP gaps,I,Q: Quarterly,IN: India,P: Private non-financial sector,A: All sectors,C: Credit-to-GDP gaps (actual-trend),2015-Q4,-13.0272,E: End of period,1: One,770: Percentage of GDP,0: Units,,,A: Normal value,F: Free,
dataflow,BIS:WS_CREDIT_GAP(1.0): Credit-to-GDP gaps,I,Q: Quarterly,IN: India,P: Private non-financial sector,A: All sectors,C: Credit-to-GDP gaps (actual-trend),2016-Q1,-17.1337,E: End of period,1: One,770: Percentage of GDP,0: Units,,,A: Normal value,F: Free,
dataflow,BIS:WS_CREDIT_GAP(1.0): Credit-to-GDP gaps,I,Q: Quarterly,IN: India,P: Private non-financial sector,A: All sectors,C: Credit-to-GDP gaps (actual-trend),2016-Q2,-17.9375,E: End of period,1: One,770: Percentage of GDP,0: Units,,,A: Normal value,F: Free,
dataflow,BIS:WS_CREDIT_GAP(1.0): Credit-to-GDP gaps,I,Q: Quarterly,IN: India,P: Private non-financial sector,A: All sectors,C: Credit-to-GDP gaps (actual-trend),2016-Q3,-23.2083,E: End of period,1: One,770: Percentage of GDP,0: Units,,,A: Normal value,F: Free,
dataflow,BIS:WS_CREDIT_GAP(1.0): Credit-to-GDP gaps,I,Q: Quarterly,IN: India,P: Private non-financial sector,A: All sectors,C: Credit-to-GDP gaps (actual-trend),2016-Q4,-21.0483,E: End of period,1: One,770: Percentage of GDP,0: Units,,,A: Normal value,F: Free,
dataflow,BIS:WS_CREDIT_GAP(1.0): Credit-to-GDP gaps,I,Q: Quarterly,IN: India,P: Private non-financial sector,A: All sectors,C: Credit-to-GDP gaps (actual-trend),2017-Q1,-21.0605,E: End of period,1: One,770: Percentage of GDP,0: Units,,,A: Normal value,F: Free,
dataflow,BIS:WS_CREDIT_GAP(1.0): Credit-to-GDP gaps,I,Q: Quarterly,IN: India,P: Private non-financial sector,A: All sectors,C: Credit-to-GDP gaps (actual-trend),2017-Q2,-15.3422,E: End of period,1: One,770: Percentage of GDP,0: Units,,,A: Normal value,F: Free,
dataflow,BIS:WS_CREDIT_GAP(1.0): Credit-to-GDP gaps,I,Q: Quarterly,IN: India,P: Private non-financial sector,A: All sectors,C: Credit-to-GDP gaps (actual-trend),2017-Q3,-12.8465,E: End of period,1: One,770: Percentage of GDP,0: Units,,,A: Normal value,F: Free,
dataflow,BIS:WS_CREDIT_GAP(1.0): Credit-to-GDP gaps,I,Q: Quarterly,IN: India,P: Private non-financial sector,A: All sectors,C: Credit-to-GDP gaps (actual-trend),2017-Q4,-6.4764,E: End of period,1: One,770: Percentage of GDP,0: Units,,,A: Normal value,F: Free,
dataflow,BIS:WS_CREDIT_GAP(1.0): Credit-to-GDP gaps,I,Q: Quarterly,IN: India,P: Private non-financial sector,A: All sectors,C: Credit-to-GDP gaps (actual-trend),2018-Q1,-11.0284,E: End of period,1: One,770: Percentage of GDP,0: Units,,,A: Normal value,F: Free,
dataflow,BIS:WS_CREDIT_GAP(1.0): Credit-to-GDP gaps,I,Q: Quarterly,IN: India,P: Private non-financial sector,A: All sectors,C: Credit-to-GDP gaps (actual-trend),2018-Q2,-12.3795,E: End of period,1: One,770: Percentage of GDP,0: Units,,,A: Normal value,F: Free,
dataflow,BIS:WS_CREDIT_GAP(1.0): Credit-to-GDP gaps,I,Q: Quarterly,IN: India,P: Private non-financial sector,A: All sectors,C: Credit-to-GDP gaps (actual-trend),2018-Q3,-13.997,E: End of period,1: One,770: Percentage of GDP,0: Units,,,A: Normal value,F: Free,
dataflow,BIS:WS_CREDIT_GAP(1.0): Credit-to-GDP gaps,I,Q: Quarterly,IN: India,P: Private non-financial sector,A: All sectors,C: Credit-to-GDP gaps (actual-trend),2018-Q4,-13.7761,E: End of period,1: One,770: Percentage of GDP,0: Units,,,A: Normal value,F: Free,
dataflow,BIS:WS_CREDIT_GAP(1.0): Credit-to-GDP gaps,I,Q: Quarterly,IN: India,P: Private non-financial sector,A: All sectors,C: Credit-to-GDP gaps (actual-trend),2019-Q1,-16.7399,E: End of period,1: One,770: Percentage of GDP,0: Units,,,A: Normal value,F: Free,
dataflow,BIS:WS_CREDIT_GAP(1.0): Credit-to-GDP gaps,I,Q: Quarterly,IN: India,P: Private non-financial sector,A: All sectors,C: Credit-to-GDP gaps (actual-trend),2019-Q2,-18.312,E: End of period,1: One,770: Percentage of GDP,0: Units,,,A: Normal value,F: Free,
dataflow,BIS:WS_CREDIT_GAP(1.0): Credit-to-GDP gaps,I,Q: Quarterly,IN: India,P: Private non-financial sector,A: All sectors,C: Credit-to-GDP gaps (actual-trend),2019-Q3,-18.4335,E: End of period,1: One,770: Percentage of GDP,0: Units,,,A: Normal value,F: Free,
dataflow,BIS:WS_CREDIT_GAP(1.0): Credit-to-GDP gaps,I,Q: Quarterly,IN: India,P: Private non-financial sector,A: All sectors,C: Credit-to-GDP gaps (actual-trend),2019-Q4,-16.7967,E: End of period,1: One,770: Percentage of GDP,0: Units,,,A: Normal value,F: Free,
dataflow,BIS:WS_CREDIT_GAP(1.0): Credit-to-GDP gaps,I,Q: Quarterly,IN: India,P: Private non-financial sector,A: All sectors,C: Credit-to-GDP gaps (actual-trend),2020-Q1,-18.2947,E: End of period,1: One,770: Percentage of GDP,0: Units,,,A: Normal value,F: Free,
dataflow,BIS:WS_CREDIT_GAP(1.0): Credit-to-GDP gaps,I,Q: Quarterly,IN: India,P: Private non-financial sector,A: All sectors,C: Credit-to-GDP gaps (actual-trend),2020-Q2,-12.1221,E: End of period,1: One,770: Percentage of GDP,0: Units,,,A: Normal value,F: Free,
dataflow,BIS:WS_CREDIT_GAP(1.0): Credit-to-GDP gaps,I,Q: Quarterly,IN: India,P: Private non-financial sector,A: All sectors,C: Credit-to-GDP gaps (actual-trend),2020-Q3,-8.6982,E: End of period,1: One,770: Percentage of GDP,0: Units,,,A: Normal value,F: Free,
dataflow,BIS:WS_CREDIT_GAP(1.0): Credit-to-GDP gaps,I,Q: Quarterly,IN: India,P: Private non-financial sector,A: All sectors,C: Credit-to-GDP gaps (actual-trend),2020-Q4,-5.986,E: End of period,1: One,770: Percentage of GDP,0: Units,,,A: Normal value,F: Free,
dataflow,BIS:WS_CREDIT_GAP(1.0): Credit-to-GDP gaps,I,Q: Quarterly,IN: India,P: Private non-financial sector,A: All sectors,C: Credit-to-GDP gaps (actual-trend),2021-Q1,-8.723,E: End of period,1: One,770: Percentage of GDP,0: Units,,,A: Normal value,F: Free,
dataflow,BIS:WS_CREDIT_GAP(1.0): Credit-to-GDP gaps,I,Q: Quarterly,IN: India,P: Private non-financial sector,A: All sectors,C: Credit-to-GDP gaps (actual-trend),2021-Q2,-12.7131,E: End of period,1: One,770: Percentage of GDP,0: Units,,,A: Normal value,F: Free,
dataflow,BIS:WS_CREDIT_GAP(1.0): Credit-to-GDP gaps,I,Q: Quarterly,IN: India,P: Private non-financial sector,A: All sectors,C: Credit-to-GDP gaps (actual-trend),2021-Q3,-14.113,E: End of period,1: One,770: Percentage of GDP,0: Units,,,A: Normal value,F: Free,
dataflow,BIS:WS_CREDIT_GAP(1.0): Credit-to-GDP gaps,I,Q: Quarterly,IN: India,P: Private non-financial sector,A: All sectors,C: Credit-to-GDP gaps (actual-trend),2021-Q4,-10.814,E: End of period,1: One,770: Percentage of GDP,0: Units,,,A: Normal value,F: Free,
dataflow,BIS:WS_CREDIT_GAP(1.0): Credit-to-GDP gaps,I,Q: Quarterly,IN: India,P: Private non-financial sector,A: All sectors,C: Credit-to-GDP gaps (actual-trend),2022-Q1,-11.4945,E: End of period,1: One,770: Percentage of GDP,0: Units,,,A: Normal value,F: Free,
dataflow,BIS:WS_CREDIT_GAP(1.0): Credit-to-GDP gaps,I,Q: Quarterly,IN: India,P: Private non-financial sector,A: All sectors,C: Credit-to-GDP gaps (actual-trend),2022-Q2,-13.097,E: End of period,1: One,770: Percentage of GDP,0: Units,,,A: Normal value,F: Free,
dataflow,BIS:WS_CREDIT_GAP(1.0): Credit-to-GDP gaps,I,Q: Quarterly,IN: India,P: Private non-financial sector,A: All sectors,C: Credit-to-GDP gaps (actual-trend),2022-Q3,-11.8645,E: End of period,1: One,770: Percentage of GDP,0: Units,,,A: Normal value,F: Free,
dataflow,BIS:WS_CREDIT_GAP(1.0): Credit-to-GDP gaps,I,Q: Quarterly,IN: India,P: Private non-financial sector,A: All sectors,C: Credit-to-GDP gaps (actual-trend),2022-Q4,-12.5331,E: End of period,1: One,770: Percentage of GDP,0: Units,,,A: Normal value,F: Free,
dataflow,BIS:WS_CREDIT_GAP(1.0): Credit-to-GDP gaps,I,Q: Quarterly,IN: India,P: Private non-financial sector,A: All sectors,C: Credit-to-GDP gaps (actual-trend),2023-Q1,-11.3171,E: End of period,1: One,770: Percentage of GDP,0: Units,,,A: Normal value,F: Free,
dataflow,BIS:WS_CREDIT_GAP(1.0): Credit-to-GDP gaps,I,Q: Quarterly,IN: India,P: Private non-financial sector,A: All sectors,C: Credit-to-GDP gaps (actual-trend),2023-Q2,-12.35,E: End of period,1: One,770: Percentage of GDP,0: Units,,,A: Normal value,F: Free,
dataflow,BIS:WS_CREDIT_GAP(1.0): Credit-to-GDP gaps,I,Q: Quarterly,IN: India,P: Private non-financial sector,A: All sectors,C: Credit-to-GDP gaps (actual-trend),2023-Q3,-9.9662,E: End of period,1: One,770: Percentage of GDP,0: Units,,,A: Normal value,F: Free,
dataflow,BIS:WS_CREDIT_GAP(1.0): Credit-to-GDP gaps,I,Q: Quarterly,IN: India,P: Private non-financial sector,A: All sectors,C: Credit-to-GDP gaps (actual-trend),2023-Q4,-9.1459,E: End of period,1: One,770: Percentage of GDP,0: Units,,,A: Normal value,F: Free,
dataflow,BIS:WS_CREDIT_GAP(1.0): Credit-to-GDP gaps,I,Q: Quarterly,IN: India,P: Private non-financial sector,A: All sectors,C: Credit-to-GDP gaps (actual-trend),2024-Q1,-8.1173,E: End of period,1: One,770: Percentage of GDP,0: Units,,,A: Normal value,F: Free,
dataflow,BIS:WS_CREDIT_GAP(1.0): Credit-to-GDP gaps,I,Q: Quarterly,IN: India,P: Private non-financial sector,A: All sectors,C: Credit-to-GDP gaps (actual-trend),2024-Q2,-7.5415,E: End of period,1: One,770: Percentage of GDP,0: Units,,,A: Normal value,F: Free,
dataflow,BIS:WS_CREDIT_GAP(1.0): Credit-to-GDP gaps,I,Q: Quarterly,IN: India,P: Private non-financial sector,A: All sectors,C: Credit-to-GDP gaps (actual-trend),2024-Q3,-7.6996,E: End of period,1: One,770: Percentage of GDP,0: Units,,,A: Normal value,F: Free,
dataflow,BIS:WS_CREDIT_GAP(1.0): Credit-to-GDP gaps,I,Q: Quarterly,IN: India,P: Private non-financial sector,A: All sectors,C: Credit-to-GDP gaps (actual-trend),2024-Q4,-5.9354,E: End of period,1: One,770: Percentage of GDP,0: Units,,,A: Normal value,F: Free,
dataflow,BIS:WS_CREDIT_GAP(1.0): Credit-to-GDP gaps,I,Q: Quarterly,IN: India,P: Private non-financial sector,A: All sectors,C: Credit-to-GDP gaps (actual-trend),2025-Q1,-4.9564,E: End of period,1: One,770: Percentage of GDP,0: Units,,,A: Normal value,F: Free,
dataflow,BIS:WS_CREDIT_GAP(1.0): Credit-to-GDP gaps,I,Q: Quarterly,IN: India,P: Private non-financial sector,A: All sectors,C: Credit-to-GDP gaps (actual-trend),2025-Q2,-3.3928,E: End of period,1: One,770: Percentage of GDP,0: Units,,,A: Normal value,F: Free,
dataflow,BIS:WS_CREDIT_GAP(1.0): Credit-to-GDP gaps,I,Q: Quarterly,IN: India,P: Private non-financial sector,A: All sectors,C: Credit-to-GDP gaps (actual-trend),2025-Q3,-3.1103,E: End of period,1: One,770: Percentage of GDP,0: Units,,,A: Normal value,F: Free,
dataflow,BIS:WS_CREDIT_GAP(1.0): Credit-to-GDP gaps,I,Q: Quarterly,IN: India,P: Private non-financial sector,A: All sectors,C: Credit-to-GDP gaps (actual-trend),2025-Q4,1.7416,E: End of period,1: One,770: Percentage of GDP,0: Units,,,A: Normal value,F: Free,
dataflow,BIS:WS_CREDIT_GAP(1.0): Credit-to-GDP gaps,I,Q: Quarterly,IN: India,P: Private non-financial sector,A: All sectors,B: Credit-to-GDP trend (HP filter),1961-Q2,27.0303,E: End of period,1: One,770: Percentage of GDP,0: Units,,,A: Normal value,F: Free,
dataflow,BIS:WS_CREDIT_GAP(1.0): Credit-to-GDP gaps,I,Q: Quarterly,IN: India,P: Private non-financial sector,A: All sectors,B: Credit-to-GDP trend (HP filter),1961-Q3,26.919,E: End of period,1: One,770: Percentage of GDP,0: Units,,,A: Normal value,F: Free,
dataflow,BIS:WS_CREDIT_GAP(1.0): Credit-to-GDP gaps,I,Q: Quarterly,IN: India,P: Private non-financial sector,A: All sectors,B: Credit-to-GDP trend (HP filter),1961-Q4,26.8448,E: End of period,1: One,770: Percentage of GDP,0: Units,,,A: Normal value,F: Free,
dataflow,BIS:WS_CREDIT_GAP(1.0): Credit-to-GDP gaps,I,Q: Quarterly,IN: India,P: Private non-financial sector,A: All sectors,B: Credit-to-GDP trend (HP filter),1962-Q1,26.8798,E: End of period,1: One,770: Percentage of GDP,0: Units,,,A: Normal value,F: Free,
dataflow,BIS:WS_CREDIT_GAP(1.0): Credit-to-GDP gaps,I,Q: Quarterly,IN: India,P: Private non-financial sector,A: All sectors,B: Credit-to-GDP trend (HP filter),1962-Q2,26.9352,E: End of period,1: One,770: Percentage of GDP,0: Units,,,A: Normal value,F: Free,
dataflow,BIS:WS_CREDIT_GAP(1.0): Credit-to-GDP gaps,I,Q: Quarterly,IN: India,P: Private non-financial sector,A: All sectors,B: Credit-to-GDP trend (HP filter),1962-Q3,26.9209,E: End of period,1: One,770: Percentage of GDP,0: Units,,,A: Normal value,F: Free,
dataflow,BIS:WS_CREDIT_GAP(1.0): Credit-to-GDP gaps,I,Q: Quarterly,IN: India,P: Private non-financial sector,A: All sectors,B: Credit-to-GDP trend (HP filter),1962-Q4,26.9027,E: End of period,1: One,770: Percentage of GDP,0: Units,,,A: Normal value,F: Free,
dataflow,BIS:WS_CREDIT_GAP(1.0): Credit-to-GDP gaps,I,Q: Quarterly,IN: India,P: Private non-financial sector,A: All sectors,B: Credit-to-GDP trend (HP filter),1963-Q1,26.8942,E: End of period,1: One,770: Percentage of GDP,0: Units,,,A: Normal value,F: Free,
dataflow,BIS:WS_CREDIT_GAP(1.0): Credit-to-GDP gaps,I,Q: Quarterly,IN: India,P: Private non-financial sector,A: All sectors,B: Credit-to-GDP trend (HP filter),1963-Q2,26.8724,E: End of period,1: One,770: Percentage of GDP,0: Units,,,A: Normal value,F: Free,
dataflow,BIS:WS_CREDIT_GAP(1.0): Credit-to-GDP gaps,I,Q: Quarterly,IN: India,P: Private non-financial sector,A: All sectors,B: Credit-to-GDP trend (HP filter),1963-Q3,26.7782,E: End of period,1: One,770: Percentage of GDP,0: Units,,,A: Normal value,F: Free,
dataflow,BIS:WS_CREDIT_GAP(1.0): Credit-to-GDP gaps,I,Q: Quarterly,IN: India,P: Private non-financial sector,A: All sectors,B: Credit-to-GDP trend (HP filter),1963-Q4,26.6858,E: End of period,1: One,770: Percentage of GDP,0: Units,,,A: Normal value,F: Free,
dataflow,BIS:WS_CREDIT_GAP(1.0): Credit-to-GDP gaps,I,Q: Quarterly,IN: India,P: Private non-financial sector,A: All sectors,B: Credit-to-GDP trend (HP filter),1964-Q1,26.5808,E: End of period,1: One,770: Percentage of GDP,0: Units,,,A: Normal value,F: Free,
dataflow,BIS:WS_CREDIT_GAP(1.0): Credit-to-GDP gaps,I,Q: Quarterly,IN: India,P: Private non-financial sector,A: All sectors,B: Credit-to-GDP trend (HP filter),1964-Q2,26.4541,E: End of period,1: One,770: Percentage of GDP,0: Units,,,A: Normal value,F: Free,
dataflow,BIS:WS_CREDIT_GAP(1.0): Credit-to-GDP gaps,I,Q: Quarterly,IN: India,P: Private non-financial sector,A: All sectors,B: Credit-to-GDP trend (HP filter),1964-Q3,26.2665,E: End of period,1: One,770: Percentage of GDP,0: Units,,,A: Normal value,F: Free,
dataflow,BIS:WS_CREDIT_GAP(1.0): Credit-to-GDP gaps,I,Q: Quarterly,IN: India,P: Private non-financial sector,A: All sectors,B: Credit-to-GDP trend (HP filter),1964-Q4,26.0869,E: End of period,1: One,770: Percentage of GDP,0: Units,,,A: Normal value,F: Free,
dataflow,BIS:WS_CREDIT_GAP(1.0): Credit-to-GDP gaps,I,Q: Quarterly,IN: India,P: Private non-financial sector,A: All sectors,B: Credit-to-GDP trend (HP filter),1965-Q1,25.9426,E: End of period,1: One,770: Percentage of GDP,0: Units,,,A: Normal value,F: Free,
dataflow,BIS:WS_CREDIT_GAP(1.0): Credit-to-GDP gaps,I,Q: Quarterly,IN: India,P: Private non-financial sector,A: All sectors,B: Credit-to-GDP trend (HP filter),1965-Q2,25.8473,E: End of period,1: One,770: Percentage of GDP,0: Units,,,A: Normal value,F: Free,
dataflow,BIS:WS_CREDIT_GAP(1.0): Credit-to-GDP gaps,I,Q: Quarterly,IN: India,P: Private non-financial sector,A: All sectors,B: Credit-to-GDP trend (HP filter),1965-Q3,25.7339,E: End of period,1: One,770: Percentage of GDP,0: Units,,,A: Normal value,F: Free,
dataflow,BIS:WS_CREDIT_GAP(1.0): Credit-to-GDP gaps,I,Q: Quarterly,IN: India,P: Private non-financial sector,A: All sectors,B: Credit-to-GDP trend (HP filter),1965-Q4,25.6681,E: End of period,1: One,770: Percentage of GDP,0: Units,,,A: Normal value,F: Free,
dataflow,BIS:WS_CREDIT_GAP(1.0): Credit-to-GDP gaps,I,Q: Quarterly,IN: India,P: Private non-financial sector,A: All sectors,B: Credit-to-GDP trend (HP filter),1966-Q1,25.6316,E: End of period,1: One,770: Percentage of GDP,0: Units,,,A: Normal value,F: Free,
dataflow,BIS:WS_CREDIT_GAP(1.0): Credit-to-GDP gaps,I,Q: Quarterly,IN: India,P: Private non-financial sector,A: All sectors,B: Credit-to-GDP trend (HP filter),1966-Q2,25.6086,E: End of period,1: One,770: Percentage of GDP,0: Units,,,A: Normal value,F: Free,
dataflow,BIS:WS_CREDIT_GAP(1.0): Credit-to-GDP gaps,I,Q: Quarterly,IN: India,P: Private non-financial sector,A: All sectors,B: Credit-to-GDP trend (HP filter),1966-Q3,25.5143,E: End of period,1: One,770: Percentage of GDP,0: Units,,,A: Normal value,F: Free,
dataflow,BIS:WS_CREDIT_GAP(1.0): Credit-to-GDP gaps,I,Q: Quarterly,IN: India,P: Private non-financial sector,A: All sectors,B: Credit-to-GDP trend (HP filter),1966-Q4,25.4302,E: End of period,1: One,770: Percentage of GDP,0: Units,,,A: Normal value,F: Free,
dataflow,BIS:WS_CREDIT_GAP(1.0): Credit-to-GDP gaps,I,Q: Quarterly,IN: India,P: Private non-financial sector,A: All sectors,B: Credit-to-GDP trend (HP filter),1967-Q1,25.3429,E: End of period,1: One,770: Percentage of GDP,0: Units,,,A: Normal value,F: Free,
dataflow,BIS:WS_CREDIT_GAP(1.0): Credit-to-GDP gaps,I,Q: Quarterly,IN: India,P: Private non-financial sector,A: All sectors,B: Credit-to-GDP trend (HP filter),1967-Q2,25.2117,E: End of period,1: One,770: Percentage of GDP,0: Units,,,A: Normal value,F: Free,
dataflow,BIS:WS_CREDIT_GAP(1.0): Credit-to-GDP gaps,I,Q: Quarterly,IN: India,P: Private non-financial sector,A: All sectors,B: Credit-to-GDP trend (HP filter),1967-Q3,25.0208,E: End of period,1: One,770: Percentage of GDP,0: Units,,,A: Normal value,F: Free,
dataflow,BIS:WS_CREDIT_GAP(1.0): Credit-to-GDP gaps,I,Q: Quarterly,IN: India,P: Private non-financial sector,A: All sectors,B: Credit-to-GDP trend (HP filter),1967-Q4,24.8548,E: End of period,1: One,770: Percentage of GDP,0: Units,,,A: Normal value,F: Free,
dataflow,BIS:WS_CREDIT_GAP(1.0): Credit-to-GDP gaps,I,Q: Quarterly,IN: India,P: Private non-financial sector,A: All sectors,B: Credit-to-GDP trend (HP filter),1968-Q1,24.719,E: End of period,1: One,770: Percentage of GDP,0: Units,,,A: Normal value,F: Free,
dataflow,BIS:WS_CREDIT_GAP(1.0): Credit-to-GDP gaps,I,Q: Quarterly,IN: India,P: Private non-financial sector,A: All sectors,B: Credit-to-GDP trend (HP filter),1968-Q2,24.6172,E: End of period,1: One,770: Percentage of GDP,0: Units,,,A: Normal value,F: Free,
dataflow,BIS:WS_CREDIT_GAP(1.0): Credit-to-GDP gaps,I,Q: Quarterly,IN: India,P: Private non-financial sector,A: All sectors,B: Credit-to-GDP trend (HP filter),1968-Q3,24.4979,E: End of period,1: One,770: Percentage of GDP,0: Units,,,A: Normal value,F: Free,
dataflow,BIS:WS_CREDIT_GAP(1.0): Credit-to-GDP gaps,I,Q: Quarterly,IN: India,P: Private non-financial sector,A: All sectors,B: Credit-to-GDP trend (HP filter),1968-Q4,24.4053,E: End of period,1: One,770: Percentage of GDP,0: Units,,,A: Normal value,F: Free,
dataflow,BIS:WS_CREDIT_GAP(1.0): Credit-to-GDP gaps,I,Q: Quarterly,IN: India,P: Private non-financial sector,A: All sectors,B: Credit-to-GDP trend (HP filter),1969-Q1,24.3694,E: End of period,1: One,770: Percentage of GDP,0: Units,,,A: Normal value,F: Free,
dataflow,BIS:WS_CREDIT_GAP(1.0): Credit-to-GDP gaps,I,Q: Quarterly,IN: India,P: Private non-financial sector,A: All sectors,B: Credit-to-GDP trend (HP filter),1969-Q2,24.3685,E: End of period,1: One,770: Percentage of GDP,0: Units,,,A: Normal value,F: Free,
dataflow,BIS:WS_CREDIT_GAP(1.0): Credit-to-GDP gaps,I,Q: Quarterly,IN: India,P: Private non-financial sector,A: All sectors,B: Credit-to-GDP trend (HP filter),1969-Q3,24.3035,E: End of period,1: One,770: Percentage of GDP,0: Units,,,A: Normal value,F: Free,
dataflow,BIS:WS_CREDIT_GAP(1.0): Credit-to-GDP gaps,I,Q: Quarterly,IN: India,P: Private non-financial sector,A: All sectors,B: Credit-to-GDP trend (HP filter),1969-Q4,24.2648,E: End of period,1: One,770: Percentage of GDP,0: Units,,,A: Normal value,F: Free,
dataflow,BIS:WS_CREDIT_GAP(1.0): Credit-to-GDP gaps,I,Q: Quarterly,IN: India,P: Private non-financial sector,A: All sectors,B: Credit-to-GDP trend (HP filter),1970-Q1,24.2647,E: End of period,1: One,770: Percentage of GDP,0: Units,,,A: Normal value,F: Free,
dataflow,BIS:WS_CREDIT_GAP(1.0): Credit-to-GDP gaps,I,Q: Quarterly,IN: India,P: Private non-financial sector,A: All sectors,B: Credit-to-GDP trend (HP filter),1970-Q2,24.3243,E: End of period,1: One,770: Percentage of GDP,0: Units,,,A: Normal value,F: Free,
dataflow,BIS:WS_CREDIT_GAP(1.0): Credit-to-GDP gaps,I,Q: Quarterly,IN: India,P: Private non-financial sector,A: All sectors,B: Credit-to-GDP trend (HP filter),1970-Q3,24.3801,E: End of period,1: One,770: Percentage of GDP,0: Units,,,A: Normal value,F: Free,
dataflow,BIS:WS_CREDIT_GAP(1.0): Credit-to-GDP gaps,I,Q: Quarterly,IN: India,P: Private non-financial sector,A: All sectors,B: Credit-to-GDP trend (HP filter),1970-Q4,24.4901,E: End of period,1: One,770: Percentage of GDP,0: Units,,,A: Normal value,F: Free,
dataflow,BIS:WS_CREDIT_GAP(1.0): Credit-to-GDP gaps,I,Q: Quarterly,IN: India,P: Private non-financial sector,A: All sectors,B: Credit-to-GDP trend (HP filter),1971-Q1,24.6644,E: End of period,1: One,770: Percentage of GDP,0: Units,,,A: Normal value,F: Free,
dataflow,BIS:WS_CREDIT_GAP(1.0): Credit-to-GDP gaps,I,Q: Quarterly,IN: India,P: Private non-financial sector,A: All sectors,B: Credit-to-GDP trend (HP filter),1971-Q2,24.802,E: End of period,1: One,770: Percentage of GDP,0: Units,,,A: Normal value,F: Free,
dataflow,BIS:WS_CREDIT_GAP(1.0): Credit-to-GDP gaps,I,Q: Quarterly,IN: India,P: Private non-financial sector,A: All sectors,B: Credit-to-GDP trend (HP filter),1971-Q3,24.9296,E: End of period,1: One,770: Percentage of GDP,0: Units,,,A: Normal value,F: Free,
dataflow,BIS:WS_CREDIT_GAP(1.0): Credit-to-GDP gaps,I,Q: Quarterly,IN: India,P: Private non-financial sector,A: All sectors,B: Credit-to-GDP trend (HP filter),1971-Q4,25.1233,E: End of period,1: One,770: Percentage of GDP,0: Units,,,A: Normal value,F: Free,
dataflow,BIS:WS_CREDIT_GAP(1.0): Credit-to-GDP gaps,I,Q: Quarterly,IN: India,P: Private non-financial sector,A: All sectors,B: Credit-to-GDP trend (HP filter),1972-Q1,25.3345,E: End of period,1: One,770: Percentage of GDP,0: Units,,,A: Normal value,F: Free,
dataflow,BIS:WS_CREDIT_GAP(1.0): Credit-to-GDP gaps,I,Q: Quarterly,IN: India,P: Private non-financial sector,A: All sectors,B: Credit-to-GDP trend (HP filter),1972-Q2,25.5701,E: End of period,1: One,770: Percentage of GDP,0: Units,,,A: Normal value,F: Free,
dataflow,BIS:WS_CREDIT_GAP(1.0): Credit-to-GDP gaps,I,Q: Quarterly,IN: India,P: Private non-financial sector,A: All sectors,B: Credit-to-GDP trend (HP filter),1972-Q3,25.7348,E: End of period,1: One,770: Percentage of GDP,0: Units,,,A: Normal value,F: Free,
dataflow,BIS:WS_CREDIT_GAP(1.0): Credit-to-GDP gaps,I,Q: Quarterly,IN: India,P: Private non-financial sector,A: All sectors,B: Credit-to-GDP trend (HP filter),1972-Q4,25.9495,E: End of period,1: One,770: Percentage of GDP,0: Units,,,A: Normal value,F: Free,
dataflow,BIS:WS_CREDIT_GAP(1.0): Credit-to-GDP gaps,I,Q: Quarterly,IN: India,P: Private non-financial sector,A: All sectors,B: Credit-to-GDP trend (HP filter),1973-Q1,26.2283,E: End of period,1: One,770: Percentage of GDP,0: Units,,,A: Normal value,F: Free,
dataflow,BIS:WS_CREDIT_GAP(1.0): Credit-to-GDP gaps,I,Q: Quarterly,IN: India,P: Private non-financial sector,A: All sectors,B: Credit-to-GDP trend (HP filter),1973-Q2,26.4615,E: End of period,1: One,770: Percentage of GDP,0: Units,,,A: Normal value,F: Free,
dataflow,BIS:WS_CREDIT_GAP(1.0): Credit-to-GDP gaps,I,Q: Quarterly,IN: India,P: Private non-financial sector,A: All sectors,B: Credit-to-GDP trend (HP filter),1973-Q3,26.6052,E: End of period,1: One,770: Percentage of GDP,0: Units,,,A: Normal value,F: Free,
dataflow,BIS:WS_CREDIT_GAP(1.0): Credit-to-GDP gaps,I,Q: Quarterly,IN: India,P: Private non-financial sector,A: All sectors,B: Credit-to-GDP trend (HP filter),1973-Q4,26.8329,E: End of period,1: One,770: Percentage of GDP,0: Units,,,A: Normal value,F: Free,
dataflow,BIS:WS_CREDIT_GAP(1.0): Credit-to-GDP gaps,I,Q: Quarterly,IN: India,P: Private non-financial sector,A: All sectors,B: Credit-to-GDP trend (HP filter),1974-Q1,27.0483,E: End of period,1: One,770: Percentage of GDP,0: Units,,,A: Normal value,F: Free,
dataflow,BIS:WS_CREDIT_GAP(1.0): Credit-to-GDP gaps,I,Q: Quarterly,IN: India,P: Private non-financial sector,A: All sectors,B: Credit-to-GDP trend (HP filter),1974-Q2,27.2527,E: End of period,1: One,770: Percentage of GDP,0: Units,,,A: Normal value,F: Free,
dataflow,BIS:WS_CREDIT_GAP(1.0): Credit-to-GDP gaps,I,Q: Quarterly,IN: India,P: Private non-financial sector,A: All sectors,B: Credit-to-GDP trend (HP filter),1974-Q3,27.374,E: End of period,1: One,770: Percentage of GDP,0: Units,,,A: Normal value,F: Free,
dataflow,BIS:WS_CREDIT_GAP(1.0): Credit-to-GDP gaps,I,Q: Quarterly,IN: India,P: Private non-financial sector,A: All sectors,B: Credit-to-GDP trend (HP filter),1974-Q4,27.5166,E: End of period,1: One,770: Percentage of GDP,0: Units,,,A: Normal value,F: Free,
dataflow,BIS:WS_CREDIT_GAP(1.0): Credit-to-GDP gaps,I,Q: Quarterly,IN: India,P: Private non-financial sector,A: All sectors,B: Credit-to-GDP trend (HP filter),1975-Q1,27.7421,E: End of period,1: One,770: Percentage of GDP,0: Units,,,A: Normal value,F: Free,
dataflow,BIS:WS_CREDIT_GAP(1.0): Credit-to-GDP gaps,I,Q: Quarterly,IN: India,P: Private non-financial sector,A: All sectors,B: Credit-to-GDP trend (HP filter),1975-Q2,27.9686,E: End of period,1: One,770: Percentage of GDP,0: Units,,,A: Normal value,F: Free,
dataflow,BIS:WS_CREDIT_GAP(1.0): Credit-to-GDP gaps,I,Q: Quarterly,IN: India,P: Private non-financial sector,A: All sectors,B: Credit-to-GDP trend (HP filter),1975-Q3,28.2015,E: End of period,1: One,770: Percentage of GDP,0: Units,,,A: Normal value,F: Free,
dataflow,BIS:WS_CREDIT_GAP(1.0): Credit-to-GDP gaps,I,Q: Quarterly,IN: India,P: Private non-financial sector,A: All sectors,B: Credit-to-GDP trend (HP filter),1975-Q4,28.5353,E: End of period,1: One,770: Percentage of GDP,0: Units,,,A: Normal value,F: Free,
dataflow,BIS:WS_CREDIT_GAP(1.0): Credit-to-GDP gaps,I,Q: Quarterly,IN: India,P: Private non-financial sector,A: All sectors,B: Credit-to-GDP trend (HP filter),1976-Q1,28.9878,E: End of period,1: One,770: Percentage of GDP,0: Units,,,A: Normal value,F: Free,
dataflow,BIS:WS_CREDIT_GAP(1.0): Credit-to-GDP gaps,I,Q: Quarterly,IN: India,P: Private non-financial sector,A: All sectors,B: Credit-to-GDP trend (HP filter),1976-Q2,29.4484,E: End of period,1: One,770: Percentage of GDP,0: Units,,,A: Normal value,F: Free,
dataflow,BIS:WS_CREDIT_GAP(1.0): Credit-to-GDP gaps,I,Q: Quarterly,IN: India,P: Private non-financial sector,A: All sectors,B: Credit-to-GDP trend (HP filter),1976-Q3,29.9381,E: End of period,1: One,770: Percentage of GDP,0: Units,,,A: Normal value,F: Free,
dataflow,BIS:WS_CREDIT_GAP(1.0): Credit-to-GDP gaps,I,Q: Quarterly,IN: India,P: Private non-financial sector,A: All sectors,B: Credit-to-GDP trend (HP filter),1976-Q4,30.5676,E: End of period,1: One,770: Percentage of GDP,0: Units,,,A: Normal value,F: Free,
dataflow,BIS:WS_CREDIT_GAP(1.0): Credit-to-GDP gaps,I,Q: Quarterly,IN: India,P: Private non-financial sector,A: All sectors,B: Credit-to-GDP trend (HP filter),1977-Q1,31.1627,E: End of period,1: One,770: Percentage of GDP,0: Units,,,A: Normal value,F: Free,
dataflow,BIS:WS_CREDIT_GAP(1.0): Credit-to-GDP gaps,I,Q: Quarterly,IN: India,P: Private non-financial sector,A: All sectors,B: Credit-to-GDP trend (HP filter),1977-Q2,31.686,E: End of period,1: One,770: Percentage of GDP,0: Units,,,A: Normal value,F: Free,
dataflow,BIS:WS_CREDIT_GAP(1.0): Credit-to-GDP gaps,I,Q: Quarterly,IN: India,P: Private non-financial sector,A: All sectors,B: Credit-to-GDP trend (HP filter),1977-Q3,32.1741,E: End of period,1: One,770: Percentage of GDP,0: Units,,,A: Normal value,F: Free,
dataflow,BIS:WS_CREDIT_GAP(1.0): Credit-to-GDP gaps,I,Q: Quarterly,IN: India,P: Private non-financial sector,A: All sectors,B: Credit-to-GDP trend (HP filter),1977-Q4,32.7216,E: End of period,1: One,770: Percentage of GDP,0: Units,,,A: Normal value,F: Free,
dataflow,BIS:WS_CREDIT_GAP(1.0): Credit-to-GDP gaps,I,Q: Quarterly,IN: India,P: Private non-financial sector,A: All sectors,B: Credit-to-GDP trend (HP filter),1978-Q1,33.2363,E: End of period,1: One,770: Percentage of GDP,0: Units,,,A: Normal value,F: Free,
dataflow,BIS:WS_CREDIT_GAP(1.0): Credit-to-GDP gaps,I,Q: Quarterly,IN: India,P: Private non-financial sector,A: All sectors,B: Credit-to-GDP trend (HP filter),1978-Q2,33.7809,E: End of period,1: One,770: Percentage of GDP,0: Units,,,A: Normal value,F: Free,
dataflow,BIS:WS_CREDIT_GAP(1.0): Credit-to-GDP gaps,I,Q: Quarterly,IN: India,P: Private non-financial sector,A: All sectors,B: Credit-to-GDP trend (HP filter),1978-Q3,34.3053,E: End of period,1: One,770: Percentage of GDP,0: Units,,,A: Normal value,F: Free,
dataflow,BIS:WS_CREDIT_GAP(1.0): Credit-to-GDP gaps,I,Q: Quarterly,IN: India,P: Private non-financial sector,A: All sectors,B: Credit-to-GDP trend (HP filter),1978-Q4,35.0086,E: End of period,1: One,770: Percentage of GDP,0: Units,,,A: Normal value,F: Free,
dataflow,BIS:WS_CREDIT_GAP(1.0): Credit-to-GDP gaps,I,Q: Quarterly,IN: India,P: Private non-financial sector,A: All sectors,B: Credit-to-GDP trend (HP filter),1979-Q1,35.6782,E: End of period,1: One,770: Percentage of GDP,0: Units,,,A: Normal value,F: Free,
dataflow,BIS:WS_CREDIT_GAP(1.0): Credit-to-GDP gaps,I,Q: Quarterly,IN: India,P: Private non-financial sector,A: All sectors,B: Credit-to-GDP trend (HP filter),1979-Q2,36.3867,E: End of period,1: One,770: Percentage of GDP,0: Units,,,A: Normal value,F: Free,
dataflow,BIS:WS_CREDIT_GAP(1.0): Credit-to-GDP gaps,I,Q: Quarterly,IN: India,P: Private non-financial sector,A: All sectors,B: Credit-to-GDP trend (HP filter),1979-Q3,37.1105,E: End of period,1: One,770: Percentage of GDP,0: Units,,,A: Normal value,F: Free,
dataflow,BIS:WS_CREDIT_GAP(1.0): Credit-to-GDP gaps,I,Q: Quarterly,IN: India,P: Private non-financial sector,A: All sectors,B: Credit-to-GDP trend (HP filter),1979-Q4,37.8976,E: End of period,1: One,770: Percentage of GDP,0: Units,,,A: Normal value,F: Free,
dataflow,BIS:WS_CREDIT_GAP(1.0): Credit-to-GDP gaps,I,Q: Quarterly,IN: India,P: Private non-financial sector,A: All sectors,B: Credit-to-GDP trend (HP filter),1980-Q1,38.6586,E: End of period,1: One,770: Percentage of GDP,0: Units,,,A: Normal value,F: Free,
dataflow,BIS:WS_CREDIT_GAP(1.0): Credit-to-GDP gaps,I,Q: Quarterly,IN: India,P: Private non-financial sector,A: All sectors,B: Credit-to-GDP trend (HP filter),1980-Q2,39.3063,E: End of period,1: One,770: Percentage of GDP,0: Units,,,A: Normal value,F: Free,
dataflow,BIS:WS_CREDIT_GAP(1.0): Credit-to-GDP gaps,I,Q: Quarterly,IN: India,P: Private non-financial sector,A: All sectors,B: Credit-to-GDP trend (HP filter),1980-Q3,39.8483,E: End of period,1: One,770: Percentage of GDP,0: Units,,,A: Normal value,F: Free,
dataflow,BIS:WS_CREDIT_GAP(1.0): Credit-to-GDP gaps,I,Q: Quarterly,IN: India,P: Private non-financial sector,A: All sectors,B: Credit-to-GDP trend (HP filter),1980-Q4,40.4751,E: End of period,1: One,770: Percentage of GDP,0: Units,,,A: Normal value,F: Free,
dataflow,BIS:WS_CREDIT_GAP(1.0): Credit-to-GDP gaps,I,Q: Quarterly,IN: India,P: Private non-financial sector,A: All sectors,B: Credit-to-GDP trend (HP filter),1981-Q1,41.119,E: End of period,1: One,770: Percentage of GDP,0: Units,,,A: Normal value,F: Free,
dataflow,BIS:WS_CREDIT_GAP(1.0): Credit-to-GDP gaps,I,Q: Quarterly,IN: India,P: Private non-financial sector,A: All sectors,B: Credit-to-GDP trend (HP filter),1981-Q2,41.7022,E: End of period,1: One,770: Percentage of GDP,0: Units,,,A: Normal value,F: Free,
dataflow,BIS:WS_CREDIT_GAP(1.0): Credit-to-GDP gaps,I,Q: Quarterly,IN: India,P: Private non-financial sector,A: All sectors,B: Credit-to-GDP trend (HP filter),1981-Q3,42.2247,E: End of period,1: One,770: Percentage of GDP,0: Units,,,A: Normal value,F: Free,
dataflow,BIS:WS_CREDIT_GAP(1.0): Credit-to-GDP gaps,I,Q: Quarterly,IN: India,P: Private non-financial sector,A: All sectors,B: Credit-to-GDP trend (HP filter),1981-Q4,42.8375,E: End of period,1: One,770: Percentage of GDP,0: Units,,,A: Normal value,F: Free,
dataflow,BIS:WS_CREDIT_GAP(1.0): Credit-to-GDP gaps,I,Q: Quarterly,IN: India,P: Private non-financial sector,A: All sectors,B: Credit-to-GDP trend (HP filter),1982-Q1,43.4345,E: End of period,1: One,770: Percentage of GDP,0: Units,,,A: Normal value,F: Free,
dataflow,BIS:WS_CREDIT_GAP(1.0): Credit-to-GDP gaps,I,Q: Quarterly,IN: India,P: Private non-financial sector,A: All sectors,B: Credit-to-GDP trend (HP filter),1982-Q2,43.9766,E: End of period,1: One,770: Percentage of GDP,0: Units,,,A: Normal value,F: Free,
dataflow,BIS:WS_CREDIT_GAP(1.0): Credit-to-GDP gaps,I,Q: Quarterly,IN: India,P: Private non-financial sector,A: All sectors,B: Credit-to-GDP trend (HP filter),1982-Q3,44.4876,E: End of period,1: One,770: Percentage of GDP,0: Units,,,A: Normal value,F: Free,
dataflow,BIS:WS_CREDIT_GAP(1.0): Credit-to-GDP gaps,I,Q: Quarterly,IN: India,P: Private non-financial sector,A: All sectors,B: Credit-to-GDP trend (HP filter),1982-Q4,45.1864,E: End of period,1: One,770: Percentage of GDP,0: Units,,,A: Normal value,F: Free,
dataflow,BIS:WS_CREDIT_GAP(1.0): Credit-to-GDP gaps,I,Q: Quarterly,IN: India,P: Private non-financial sector,A: All sectors,B: Credit-to-GDP trend (HP filter),1983-Q1,45.8269,E: End of period,1: One,770: Percentage of GDP,0: Units,,,A: Normal value,F: Free,
dataflow,BIS:WS_CREDIT_GAP(1.0): Credit-to-GDP gaps,I,Q: Quarterly,IN: India,P: Private non-financial sector,A: All sectors,B: Credit-to-GDP trend (HP filter),1983-Q2,46.3779,E: End of period,1: One,770: Percentage of GDP,0: Units,,,A: Normal value,F: Free,
dataflow,BIS:WS_CREDIT_GAP(1.0): Credit-to-GDP gaps,I,Q: Quarterly,IN: India,P: Private non-financial sector,A: All sectors,B: Credit-to-GDP trend (HP filter),1983-Q3,46.8683,E: End of period,1: One,770: Percentage of GDP,0: Units,,,A: Normal value,F: Free,
dataflow,BIS:WS_CREDIT_GAP(1.0): Credit-to-GDP gaps,I,Q: Quarterly,IN: India,P: Private non-financial sector,A: All sectors,B: Credit-to-GDP trend (HP filter),1983-Q4,47.4602,E: End of period,1: One,770: Percentage of GDP,0: Units,,,A: Normal value,F: Free,
dataflow,BIS:WS_CREDIT_GAP(1.0): Credit-to-GDP gaps,I,Q: Quarterly,IN: India,P: Private non-financial sector,A: All sectors,B: Credit-to-GDP trend (HP filter),1984-Q1,48.0525,E: End of period,1: One,770: Percentage of GDP,0: Units,,,A: Normal value,F: Free,
dataflow,BIS:WS_CREDIT_GAP(1.0): Credit-to-GDP gaps,I,Q: Quarterly,IN: India,P: Private non-financial sector,A: All sectors,B: Credit-to-GDP trend (HP filter),1984-Q2,48.6313,E: End of period,1: One,770: Percentage of GDP,0: Units,,,A: Normal value,F: Free,
dataflow,BIS:WS_CREDIT_GAP(1.0): Credit-to-GDP gaps,I,Q: Quarterly,IN: India,P: Private non-financial sector,A: All sectors,B: Credit-to-GDP trend (HP filter),1984-Q3,49.1403,E: End of period,1: One,770: Percentage of GDP,0: Units,,,A: Normal value,F: Free,
dataflow,BIS:WS_CREDIT_GAP(1.0): Credit-to-GDP gaps,I,Q: Quarterly,IN: India,P: Private non-financial sector,A: All sectors,B: Credit-to-GDP trend (HP filter),1984-Q4,49.7787,E: End of period,1: One,770: Percentage of GDP,0: Units,,,A: Normal value,F: Free,
dataflow,BIS:WS_CREDIT_GAP(1.0): Credit-to-GDP gaps,I,Q: Quarterly,IN: India,P: Private non-financial sector,A: All sectors,B: Credit-to-GDP trend (HP filter),1985-Q1,50.4044,E: End of period,1: One,770: Percentage of GDP,0: Units,,,A: Normal value,F: Free,
dataflow,BIS:WS_CREDIT_GAP(1.0): Credit-to-GDP gaps,I,Q: Quarterly,IN: India,P: Private non-financial sector,A: All sectors,B: Credit-to-GDP trend (HP filter),1985-Q2,50.9242,E: End of period,1: One,770: Percentage of GDP,0: Units,,,A: Normal value,F: Free,
dataflow,BIS:WS_CREDIT_GAP(1.0): Credit-to-GDP gaps,I,Q: Quarterly,IN: India,P: Private non-financial sector,A: All sectors,B: Credit-to-GDP trend (HP filter),1985-Q3,51.4142,E: End of period,1: One,770: Percentage of GDP,0: Units,,,A: Normal value,F: Free,
dataflow,BIS:WS_CREDIT_GAP(1.0): Credit-to-GDP gaps,I,Q: Quarterly,IN: India,P: Private non-financial sector,A: All sectors,B: Credit-to-GDP trend (HP filter),1985-Q4,51.9447,E: End of period,1: One,770: Percentage of GDP,0: Units,,,A: Normal value,F: Free,
dataflow,BIS:WS_CREDIT_GAP(1.0): Credit-to-GDP gaps,I,Q: Quarterly,IN: India,P: Private non-financial sector,A: All sectors,B: Credit-to-GDP trend (HP filter),1986-Q1,52.588,E: End of period,1: One,770: Percentage of GDP,0: Units,,,A: Normal value,F: Free,
dataflow,BIS:WS_CREDIT_GAP(1.0): Credit-to-GDP gaps,I,Q: Quarterly,IN: India,P: Private non-financial sector,A: All sectors,B: Credit-to-GDP trend (HP filter),1986-Q2,53.1129,E: End of period,1: One,770: Percentage of GDP,0: Units,,,A: Normal value,F: Free,
dataflow,BIS:WS_CREDIT_GAP(1.0): Credit-to-GDP gaps,I,Q: Quarterly,IN: India,P: Private non-financial sector,A: All sectors,B: Credit-to-GDP trend (HP filter),1986-Q3,53.5654,E: End of period,1: One,770: Percentage of GDP,0: Units,,,A: Normal value,F: Free,
dataflow,BIS:WS_CREDIT_GAP(1.0): Credit-to-GDP gaps,I,Q: Quarterly,IN: India,P: Private non-financial sector,A: All sectors,B: Credit-to-GDP trend (HP filter),1986-Q4,54.0534,E: End of period,1: One,770: Percentage of GDP,0: Units,,,A: Normal value,F: Free,
dataflow,BIS:WS_CREDIT_GAP(1.0): Credit-to-GDP gaps,I,Q: Quarterly,IN: India,P: Private non-financial sector,A: All sectors,B: Credit-to-GDP trend (HP filter),1987-Q1,54.6677,E: End of period,1: One,770: Percentage of GDP,0: Units,,,A: Normal value,F: Free,
dataflow,BIS:WS_CREDIT_GAP(1.0): Credit-to-GDP gaps,I,Q: Quarterly,IN: India,P: Private non-financial sector,A: All sectors,B: Credit-to-GDP trend (HP filter),1987-Q2,55.1141,E: End of period,1: One,770: Percentage of GDP,0: Units,,,A: Normal value,F: Free,
dataflow,BIS:WS_CREDIT_GAP(1.0): Credit-to-GDP gaps,I,Q: Quarterly,IN: India,P: Private non-financial sector,A: All sectors,B: Credit-to-GDP trend (HP filter),1987-Q3,55.5089,E: End of period,1: One,770: Percentage of GDP,0: Units,,,A: Normal value,F: Free,
dataflow,BIS:WS_CREDIT_GAP(1.0): Credit-to-GDP gaps,I,Q: Quarterly,IN: India,P: Private non-financial sector,A: All sectors,B: Credit-to-GDP trend (HP filter),1987-Q4,55.9053,E: End of period,1: One,770: Percentage of GDP,0: Units,,,A: Normal value,F: Free,
dataflow,BIS:WS_CREDIT_GAP(1.0): Credit-to-GDP gaps,I,Q: Quarterly,IN: India,P: Private non-financial sector,A: All sectors,B: Credit-to-GDP trend (HP filter),1988-Q1,56.4311,E: End of period,1: One,770: Percentage of GDP,0: Units,,,A: Normal value,F: Free,
dataflow,BIS:WS_CREDIT_GAP(1.0): Credit-to-GDP gaps,I,Q: Quarterly,IN: India,P: Private non-financial sector,A: All sectors,B: Credit-to-GDP trend (HP filter),1988-Q2,56.7874,E: End of period,1: One,770: Percentage of GDP,0: Units,,,A: Normal value,F: Free,
dataflow,BIS:WS_CREDIT_GAP(1.0): Credit-to-GDP gaps,I,Q: Quarterly,IN: India,P: Private non-financial sector,A: All sectors,B: Credit-to-GDP trend (HP filter),1988-Q3,57.087,E: End of period,1: One,770: Percentage of GDP,0: Units,,,A: Normal value,F: Free,
dataflow,BIS:WS_CREDIT_GAP(1.0): Credit-to-GDP gaps,I,Q: Quarterly,IN: India,P: Private non-financial sector,A: All sectors,B: Credit-to-GDP trend (HP filter),1988-Q4,57.5343,E: End of period,1: One,770: Percentage of GDP,0: Units,,,A: Normal value,F: Free,
dataflow,BIS:WS_CREDIT_GAP(1.0): Credit-to-GDP gaps,I,Q: Quarterly,IN: India,P: Private non-financial sector,A: All sectors,B: Credit-to-GDP trend (HP filter),1989-Q1,57.9655,E: End of period,1: One,770: Percentage of GDP,0: Units,,,A: Normal value,F: Free,
dataflow,BIS:WS_CREDIT_GAP(1.0): Credit-to-GDP gaps,I,Q: Quarterly,IN: India,P: Private non-financial sector,A: All sectors,B: Credit-to-GDP trend (HP filter),1989-Q2,58.3668,E: End of period,1: One,770: Percentage of GDP,0: Units,,,A: Normal value,F: Free,
dataflow,BIS:WS_CREDIT_GAP(1.0): Credit-to-GDP gaps,I,Q: Quarterly,IN: India,P: Private non-financial sector,A: All sectors,B: Credit-to-GDP trend (HP filter),1989-Q3,58.6924,E: End of period,1: One,770: Percentage of GDP,0: Units,,,A: Normal value,F: Free,
dataflow,BIS:WS_CREDIT_GAP(1.0): Credit-to-GDP gaps,I,Q: Quarterly,IN: India,P: Private non-financial sector,A: All sectors,B: Credit-to-GDP trend (HP filter),1989-Q4,59.0808,E: End of period,1: One,770: Percentage of GDP,0: Units,,,A: Normal value,F: Free,
dataflow,BIS:WS_CREDIT_GAP(1.0): Credit-to-GDP gaps,I,Q: Quarterly,IN: India,P: Private non-financial sector,A: All sectors,B: Credit-to-GDP trend (HP filter),1990-Q1,59.4984,E: End of period,1: One,770: Percentage of GDP,0: Units,,,A: Normal value,F: Free,
dataflow,BIS:WS_CREDIT_GAP(1.0): Credit-to-GDP gaps,I,Q: Quarterly,IN: India,P: Private non-financial sector,A: All sectors,B: Credit-to-GDP trend (HP filter),1990-Q2,59.8317,E: End of period,1: One,770: Percentage of GDP,0: Units,,,A: Normal value,F: Free,
dataflow,BIS:WS_CREDIT_GAP(1.0): Credit-to-GDP gaps,I,Q: Quarterly,IN: India,P: Private non-financial sector,A: All sectors,B: Credit-to-GDP trend (HP filter),1990-Q3,60.0554,E: End of period,1: One,770: Percentage of GDP,0: Units,,,A: Normal value,F: Free,
dataflow,BIS:WS_CREDIT_GAP(1.0): Credit-to-GDP gaps,I,Q: Quarterly,IN: India,P: Private non-financial sector,A: All sectors,B: Credit-to-GDP trend (HP filter),1990-Q4,60.3016,E: End of period,1: One,770: Percentage of GDP,0: Units,,,A: Normal value,F: Free,
dataflow,BIS:WS_CREDIT_GAP(1.0): Credit-to-GDP gaps,I,Q: Quarterly,IN: India,P: Private non-financial sector,A: All sectors,B: Credit-to-GDP trend (HP filter),1991-Q1,60.531,E: End of period,1: One,770: Percentage of GDP,0: Units,,,A: Normal value,F: Free,
dataflow,BIS:WS_CREDIT_GAP(1.0): Credit-to-GDP gaps,I,Q: Quarterly,IN: India,P: Private non-financial sector,A: All sectors,B: Credit-to-GDP trend (HP filter),1991-Q2,60.6422,E: End of period,1: One,770: Percentage of GDP,0: Units,,,A: Normal value,F: Free,
dataflow,BIS:WS_CREDIT_GAP(1.0): Credit-to-GDP gaps,I,Q: Quarterly,IN: India,P: Private non-financial sector,A: All sectors,B: Credit-to-GDP trend (HP filter),1991-Q3,60.6407,E: End of period,1: One,770: Percentage of GDP,0: Units,,,A: Normal value,F: Free,
dataflow,BIS:WS_CREDIT_GAP(1.0): Credit-to-GDP gaps,I,Q: Quarterly,IN: India,P: Private non-financial sector,A: All sectors,B: Credit-to-GDP trend (HP filter),1991-Q4,60.6266,E: End of period,1: One,770: Percentage of GDP,0: Units,,,A: Normal value,F: Free,
dataflow,BIS:WS_CREDIT_GAP(1.0): Credit-to-GDP gaps,I,Q: Quarterly,IN: India,P: Private non-financial sector,A: All sectors,B: Credit-to-GDP trend (HP filter),1992-Q1,60.6493,E: End of period,1: One,770: Percentage of GDP,0: Units,,,A: Normal value,F: Free,
dataflow,BIS:WS_CREDIT_GAP(1.0): Credit-to-GDP gaps,I,Q: Quarterly,IN: India,P: Private non-financial sector,A: All sectors,B: Credit-to-GDP trend (HP filter),1992-Q2,60.7008,E: End of period,1: One,770: Percentage of GDP,0: Units,,,A: Normal value,F: Free,
dataflow,BIS:WS_CREDIT_GAP(1.0): Credit-to-GDP gaps,I,Q: Quarterly,IN: India,P: Private non-financial sector,A: All sectors,B: Credit-to-GDP trend (HP filter),1992-Q3,60.7413,E: End of period,1: One,770: Percentage of GDP,0: Units,,,A: Normal value,F: Free,
dataflow,BIS:WS_CREDIT_GAP(1.0): Credit-to-GDP gaps,I,Q: Quarterly,IN: India,P: Private non-financial sector,A: All sectors,B: Credit-to-GDP trend (HP filter),1992-Q4,60.8273,E: End of period,1: One,770: Percentage of GDP,0: Units,,,A: Normal value,F: Free,
dataflow,BIS:WS_CREDIT_GAP(1.0): Credit-to-GDP gaps,I,Q: Quarterly,IN: India,P: Private non-financial sector,A: All sectors,B: Credit-to-GDP trend (HP filter),1993-Q1,60.9692,E: End of period,1: One,770: Percentage of GDP,0: Units,,,A: Normal value,F: Free,
dataflow,BIS:WS_CREDIT_GAP(1.0): Credit-to-GDP gaps,I,Q: Quarterly,IN: India,P: Private non-financial sector,A: All sectors,B: Credit-to-GDP trend (HP filter),1993-Q2,61.0096,E: End of period,1: One,770: Percentage of GDP,0: Units,,,A: Normal value,F: Free,
dataflow,BIS:WS_CREDIT_GAP(1.0): Credit-to-GDP gaps,I,Q: Quarterly,IN: India,P: Private non-financial sector,A: All sectors,B: Credit-to-GDP trend (HP filter),1993-Q3,60.8995,E: End of period,1: One,770: Percentage of GDP,0: Units,,,A: Normal value,F: Free,
dataflow,BIS:WS_CREDIT_GAP(1.0): Credit-to-GDP gaps,I,Q: Quarterly,IN: India,P: Private non-financial sector,A: All sectors,B: Credit-to-GDP trend (HP filter),1993-Q4,60.7877,E: End of period,1: One,770: Percentage of GDP,0: Units,,,A: Normal value,F: Free,
dataflow,BIS:WS_CREDIT_GAP(1.0): Credit-to-GDP gaps,I,Q: Quarterly,IN: India,P: Private non-financial sector,A: All sectors,B: Credit-to-GDP trend (HP filter),1994-Q1,60.6593,E: End of period,1: One,770: Percentage of GDP,0: Units,,,A: Normal value,F: Free,
dataflow,BIS:WS_CREDIT_GAP(1.0): Credit-to-GDP gaps,I,Q: Quarterly,IN: India,P: Private non-financial sector,A: All sectors,B: Credit-to-GDP trend (HP filter),1994-Q2,60.415,E: End of period,1: One,770: Percentage of GDP,0: Units,,,A: Normal value,F: Free,
dataflow,BIS:WS_CREDIT_GAP(1.0): Credit-to-GDP gaps,I,Q: Quarterly,IN: India,P: Private non-financial sector,A: All sectors,B: Credit-to-GDP trend (HP filter),1994-Q3,60.2257,E: End of period,1: One,770: Percentage of GDP,0: Units,,,A: Normal value,F: Free,
dataflow,BIS:WS_CREDIT_GAP(1.0): Credit-to-GDP gaps,I,Q: Quarterly,IN: India,P: Private non-financial sector,A: All sectors,B: Credit-to-GDP trend (HP filter),1994-Q4,60.0463,E: End of period,1: One,770: Percentage of GDP,0: Units,,,A: Normal value,F: Free,
dataflow,BIS:WS_CREDIT_GAP(1.0): Credit-to-GDP gaps,I,Q: Quarterly,IN: India,P: Private non-financial sector,A: All sectors,B: Credit-to-GDP trend (HP filter),1995-Q1,60.0361,E: End of period,1: One,770: Percentage of GDP,0: Units,,,A: Normal value,F: Free,
dataflow,BIS:WS_CREDIT_GAP(1.0): Credit-to-GDP gaps,I,Q: Quarterly,IN: India,P: Private non-financial sector,A: All sectors,B: Credit-to-GDP trend (HP filter),1995-Q2,59.9151,E: End of period,1: One,770: Percentage of GDP,0: Units,,,A: Normal value,F: Free,
dataflow,BIS:WS_CREDIT_GAP(1.0): Credit-to-GDP gaps,I,Q: Quarterly,IN: India,P: Private non-financial sector,A: All sectors,B: Credit-to-GDP trend (HP filter),1995-Q3,59.8376,E: End of period,1: One,770: Percentage of GDP,0: Units,,,A: Normal value,F: Free,
dataflow,BIS:WS_CREDIT_GAP(1.0): Credit-to-GDP gaps,I,Q: Quarterly,IN: India,P: Private non-financial sector,A: All sectors,B: Credit-to-GDP trend (HP filter),1995-Q4,59.7534,E: End of period,1: One,770: Percentage of GDP,0: Units,,,A: Normal value,F: Free,
dataflow,BIS:WS_CREDIT_GAP(1.0): Credit-to-GDP gaps,I,Q: Quarterly,IN: India,P: Private non-financial sector,A: All sectors,B: Credit-to-GDP trend (HP filter),1996-Q1,59.7923,E: End of period,1: One,770: Percentage of GDP,0: Units,,,A: Normal value,F: Free,
dataflow,BIS:WS_CREDIT_GAP(1.0): Credit-to-GDP gaps,I,Q: Quarterly,IN: India,P: Private non-financial sector,A: All sectors,B: Credit-to-GDP trend (HP filter),1996-Q2,59.7043,E: End of period,1: One,770: Percentage of GDP,0: Units,,,A: Normal value,F: Free,
dataflow,BIS:WS_CREDIT_GAP(1.0): Credit-to-GDP gaps,I,Q: Quarterly,IN: India,P: Private non-financial sector,A: All sectors,B: Credit-to-GDP trend (HP filter),1996-Q3,59.5577,E: End of period,1: One,770: Percentage of GDP,0: Units,,,A: Normal value,F: Free,
dataflow,BIS:WS_CREDIT_GAP(1.0): Credit-to-GDP gaps,I,Q: Quarterly,IN: India,P: Private non-financial sector,A: All sectors,B: Credit-to-GDP trend (HP filter),1996-Q4,59.3889,E: End of period,1: One,770: Percentage of GDP,0: Units,,,A: Normal value,F: Free,
dataflow,BIS:WS_CREDIT_GAP(1.0): Credit-to-GDP gaps,I,Q: Quarterly,IN: India,P: Private non-financial sector,A: All sectors,B: Credit-to-GDP trend (HP filter),1997-Q1,59.3239,E: End of period,1: One,770: Percentage of GDP,0: Units,,,A: Normal value,F: Free,
dataflow,BIS:WS_CREDIT_GAP(1.0): Credit-to-GDP gaps,I,Q: Quarterly,IN: India,P: Private non-financial sector,A: All sectors,B: Credit-to-GDP trend (HP filter),1997-Q2,59.1458,E: End of period,1: One,770: Percentage of GDP,0: Units,,,A: Normal value,F: Free,
dataflow,BIS:WS_CREDIT_GAP(1.0): Credit-to-GDP gaps,I,Q: Quarterly,IN: India,P: Private non-financial sector,A: All sectors,B: Credit-to-GDP trend (HP filter),1997-Q3,58.9343,E: End of period,1: One,770: Percentage of GDP,0: Units,,,A: Normal value,F: Free,
dataflow,BIS:WS_CREDIT_GAP(1.0): Credit-to-GDP gaps,I,Q: Quarterly,IN: India,P: Private non-financial sector,A: All sectors,B: Credit-to-GDP trend (HP filter),1997-Q4,58.8061,E: End of period,1: One,770: Percentage of GDP,0: Units,,,A: Normal value,F: Free,
dataflow,BIS:WS_CREDIT_GAP(1.0): Credit-to-GDP gaps,I,Q: Quarterly,IN: India,P: Private non-financial sector,A: All sectors,B: Credit-to-GDP trend (HP filter),1998-Q1,58.8557,E: End of period,1: One,770: Percentage of GDP,0: Units,,,A: Normal value,F: Free,
dataflow,BIS:WS_CREDIT_GAP(1.0): Credit-to-GDP gaps,I,Q: Quarterly,IN: India,P: Private non-financial sector,A: All sectors,B: Credit-to-GDP trend (HP filter),1998-Q2,58.8153,E: End of period,1: One,770: Percentage of GDP,0: Units,,,A: Normal value,F: Free,
dataflow,BIS:WS_CREDIT_GAP(1.0): Credit-to-GDP gaps,I,Q: Quarterly,IN: India,P: Private non-financial sector,A: All sectors,B: Credit-to-GDP trend (HP filter),1998-Q3,58.7536,E: End of period,1: One,770: Percentage of GDP,0: Units,,,A: Normal value,F: Free,
dataflow,BIS:WS_CREDIT_GAP(1.0): Credit-to-GDP gaps,I,Q: Quarterly,IN: India,P: Private non-financial sector,A: All sectors,B: Credit-to-GDP trend (HP filter),1998-Q4,58.6514,E: End of period,1: One,770: Percentage of GDP,0: Units,,,A: Normal value,F: Free,
dataflow,BIS:WS_CREDIT_GAP(1.0): Credit-to-GDP gaps,I,Q: Quarterly,IN: India,P: Private non-financial sector,A: All sectors,B: Credit-to-GDP trend (HP filter),1999-Q1,58.7233,E: End of period,1: One,770: Percentage of GDP,0: Units,,,A: Normal value,F: Free,
dataflow,BIS:WS_CREDIT_GAP(1.0): Credit-to-GDP gaps,I,Q: Quarterly,IN: India,P: Private non-financial sector,A: All sectors,B: Credit-to-GDP trend (HP filter),1999-Q2,58.6482,E: End of period,1: One,770: Percentage of GDP,0: Units,,,A: Normal value,F: Free,
dataflow,BIS:WS_CREDIT_GAP(1.0): Credit-to-GDP gaps,I,Q: Quarterly,IN: India,P: Private non-financial sector,A: All sectors,B: Credit-to-GDP trend (HP filter),1999-Q3,58.5974,E: End of period,1: One,770: Percentage of GDP,0: Units,,,A: Normal value,F: Free,
dataflow,BIS:WS_CREDIT_GAP(1.0): Credit-to-GDP gaps,I,Q: Quarterly,IN: India,P: Private non-financial sector,A: All sectors,B: Credit-to-GDP trend (HP filter),1999-Q4,58.6969,E: End of period,1: One,770: Percentage of GDP,0: Units,,,A: Normal value,F: Free,
dataflow,BIS:WS_CREDIT_GAP(1.0): Credit-to-GDP gaps,I,Q: Quarterly,IN: India,P: Private non-financial sector,A: All sectors,B: Credit-to-GDP trend (HP filter),2000-Q1,58.8427,E: End of period,1: One,770: Percentage of GDP,0: Units,,,A: Normal value,F: Free,
dataflow,BIS:WS_CREDIT_GAP(1.0): Credit-to-GDP gaps,I,Q: Quarterly,IN: India,P: Private non-financial sector,A: All sectors,B: Credit-to-GDP trend (HP filter),2000-Q2,59.047,E: End of period,1: One,770: Percentage of GDP,0: Units,,,A: Normal value,F: Free,
dataflow,BIS:WS_CREDIT_GAP(1.0): Credit-to-GDP gaps,I,Q: Quarterly,IN: India,P: Private non-financial sector,A: All sectors,B: Credit-to-GDP trend (HP filter),2000-Q3,59.2331,E: End of period,1: One,770: Percentage of GDP,0: Units,,,A: Normal value,F: Free,
dataflow,BIS:WS_CREDIT_GAP(1.0): Credit-to-GDP gaps,I,Q: Quarterly,IN: India,P: Private non-financial sector,A: All sectors,B: Credit-to-GDP trend (HP filter),2000-Q4,59.5235,E: End of period,1: One,770: Percentage of GDP,0: Units,,,A: Normal value,F: Free,
dataflow,BIS:WS_CREDIT_GAP(1.0): Credit-to-GDP gaps,I,Q: Quarterly,IN: India,P: Private non-financial sector,A: All sectors,B: Credit-to-GDP trend (HP filter),2001-Q1,59.8553,E: End of period,1: One,770: Percentage of GDP,0: Units,,,A: Normal value,F: Free,
dataflow,BIS:WS_CREDIT_GAP(1.0): Credit-to-GDP gaps,I,Q: Quarterly,IN: India,P: Private non-financial sector,A: All sectors,B: Credit-to-GDP trend (HP filter),2001-Q2,60.1456,E: End of period,1: One,770: Percentage of GDP,0: Units,,,A: Normal value,F: Free,
dataflow,BIS:WS_CREDIT_GAP(1.0): Credit-to-GDP gaps,I,Q: Quarterly,IN: India,P: Private non-financial sector,A: All sectors,B: Credit-to-GDP trend (HP filter),2001-Q3,60.4319,E: End of period,1: One,770: Percentage of GDP,0: Units,,,A: Normal value,F: Free,
dataflow,BIS:WS_CREDIT_GAP(1.0): Credit-to-GDP gaps,I,Q: Quarterly,IN: India,P: Private non-financial sector,A: All sectors,B: Credit-to-GDP trend (HP filter),2001-Q4,60.7664,E: End of period,1: One,770: Percentage of GDP,0: Units,,,A: Normal value,F: Free,
dataflow,BIS:WS_CREDIT_GAP(1.0): Credit-to-GDP gaps,I,Q: Quarterly,IN: India,P: Private non-financial sector,A: All sectors,B: Credit-to-GDP trend (HP filter),2002-Q1,61.1882,E: End of period,1: One,770: Percentage of GDP,0: Units,,,A: Normal value,F: Free,
dataflow,BIS:WS_CREDIT_GAP(1.0): Credit-to-GDP gaps,I,Q: Quarterly,IN: India,P: Private non-financial sector,A: All sectors,B: Credit-to-GDP trend (HP filter),2002-Q2,61.7877,E: End of period,1: One,770: Percentage of GDP,0: Units,,,A: Normal value,F: Free,
dataflow,BIS:WS_CREDIT_GAP(1.0): Credit-to-GDP gaps,I,Q: Quarterly,IN: India,P: Private non-financial sector,A: All sectors,B: Credit-to-GDP trend (HP filter),2002-Q3,62.3538,E: End of period,1: One,770: Percentage of GDP,0: Units,,,A: Normal value,F: Free,
dataflow,BIS:WS_CREDIT_GAP(1.0): Credit-to-GDP gaps,I,Q: Quarterly,IN: India,P: Private non-financial sector,A: All sectors,B: Credit-to-GDP trend (HP filter),2002-Q4,62.9696,E: End of period,1: One,770: Percentage of GDP,0: Units,,,A: Normal value,F: Free,
dataflow,BIS:WS_CREDIT_GAP(1.0): Credit-to-GDP gaps,I,Q: Quarterly,IN: India,P: Private non-financial sector,A: All sectors,B: Credit-to-GDP trend (HP filter),2003-Q1,63.659,E: End of period,1: One,770: Percentage of GDP,0: Units,,,A: Normal value,F: Free,
dataflow,BIS:WS_CREDIT_GAP(1.0): Credit-to-GDP gaps,I,Q: Quarterly,IN: India,P: Private non-financial sector,A: All sectors,B: Credit-to-GDP trend (HP filter),2003-Q2,64.2629,E: End of period,1: One,770: Percentage of GDP,0: Units,,,A: Normal value,F: Free,
dataflow,BIS:WS_CREDIT_GAP(1.0): Credit-to-GDP gaps,I,Q: Quarterly,IN: India,P: Private non-financial sector,A: All sectors,B: Credit-to-GDP trend (HP filter),2003-Q3,64.7633,E: End of period,1: One,770: Percentage of GDP,0: Units,,,A: Normal value,F: Free,
dataflow,BIS:WS_CREDIT_GAP(1.0): Credit-to-GDP gaps,I,Q: Quarterly,IN: India,P: Private non-financial sector,A: All sectors,B: Credit-to-GDP trend (HP filter),2003-Q4,65.302,E: End of period,1: One,770: Percentage of GDP,0: Units,,,A: Normal value,F: Free,
dataflow,BIS:WS_CREDIT_GAP(1.0): Credit-to-GDP gaps,I,Q: Quarterly,IN: India,P: Private non-financial sector,A: All sectors,B: Credit-to-GDP trend (HP filter),2004-Q1,65.9753,E: End of period,1: One,770: Percentage of GDP,0: Units,,,A: Normal value,F: Free,
dataflow,BIS:WS_CREDIT_GAP(1.0): Credit-to-GDP gaps,I,Q: Quarterly,IN: India,P: Private non-financial sector,A: All sectors,B: Credit-to-GDP trend (HP filter),2004-Q2,66.6046,E: End of period,1: One,770: Percentage of GDP,0: Units,,,A: Normal value,F: Free,
dataflow,BIS:WS_CREDIT_GAP(1.0): Credit-to-GDP gaps,I,Q: Quarterly,IN: India,P: Private non-financial sector,A: All sectors,B: Credit-to-GDP trend (HP filter),2004-Q3,67.2393,E: End of period,1: One,770: Percentage of GDP,0: Units,,,A: Normal value,F: Free,
dataflow,BIS:WS_CREDIT_GAP(1.0): Credit-to-GDP gaps,I,Q: Quarterly,IN: India,P: Private non-financial sector,A: All sectors,B: Credit-to-GDP trend (HP filter),2004-Q4,68.0914,E: End of period,1: One,770: Percentage of GDP,0: Units,,,A: Normal value,F: Free,
dataflow,BIS:WS_CREDIT_GAP(1.0): Credit-to-GDP gaps,I,Q: Quarterly,IN: India,P: Private non-financial sector,A: All sectors,B: Credit-to-GDP trend (HP filter),2005-Q1,69.0437,E: End of period,1: One,770: Percentage of GDP,0: Units,,,A: Normal value,F: Free,
dataflow,BIS:WS_CREDIT_GAP(1.0): Credit-to-GDP gaps,I,Q: Quarterly,IN: India,P: Private non-financial sector,A: All sectors,B: Credit-to-GDP trend (HP filter),2005-Q2,70.0103,E: End of period,1: One,770: Percentage of GDP,0: Units,,,A: Normal value,F: Free,
dataflow,BIS:WS_CREDIT_GAP(1.0): Credit-to-GDP gaps,I,Q: Quarterly,IN: India,P: Private non-financial sector,A: All sectors,B: Credit-to-GDP trend (HP filter),2005-Q3,71.2042,E: End of period,1: One,770: Percentage of GDP,0: Units,,,A: Normal value,F: Free,
dataflow,BIS:WS_CREDIT_GAP(1.0): Credit-to-GDP gaps,I,Q: Quarterly,IN: India,P: Private non-financial sector,A: All sectors,B: Credit-to-GDP trend (HP filter),2005-Q4,72.4212,E: End of period,1: One,770: Percentage of GDP,0: Units,,,A: Normal value,F: Free,
dataflow,BIS:WS_CREDIT_GAP(1.0): Credit-to-GDP gaps,I,Q: Quarterly,IN: India,P: Private non-financial sector,A: All sectors,B: Credit-to-GDP trend (HP filter),2006-Q1,74.006,E: End of period,1: One,770: Percentage of GDP,0: Units,,,A: Normal value,F: Free,
dataflow,BIS:WS_CREDIT_GAP(1.0): Credit-to-GDP gaps,I,Q: Quarterly,IN: India,P: Private non-financial sector,A: All sectors,B: Credit-to-GDP trend (HP filter),2006-Q2,75.4569,E: End of period,1: One,770: Percentage of GDP,0: Units,,,A: Normal value,F: Free,
dataflow,BIS:WS_CREDIT_GAP(1.0): Credit-to-GDP gaps,I,Q: Quarterly,IN: India,P: Private non-financial sector,A: All sectors,B: Credit-to-GDP trend (HP filter),2006-Q3,77.0447,E: End of period,1: One,770: Percentage of GDP,0: Units,,,A: Normal value,F: Free,
dataflow,BIS:WS_CREDIT_GAP(1.0): Credit-to-GDP gaps,I,Q: Quarterly,IN: India,P: Private non-financial sector,A: All sectors,B: Credit-to-GDP trend (HP filter),2006-Q4,78.5851,E: End of period,1: One,770: Percentage of GDP,0: Units,,,A: Normal value,F: Free,
dataflow,BIS:WS_CREDIT_GAP(1.0): Credit-to-GDP gaps,I,Q: Quarterly,IN: India,P: Private non-financial sector,A: All sectors,B: Credit-to-GDP trend (HP filter),2007-Q1,80.3953,E: End of period,1: One,770: Percentage of GDP,0: Units,,,A: Normal value,F: Free,
dataflow,BIS:WS_CREDIT_GAP(1.0): Credit-to-GDP gaps,I,Q: Quarterly,IN: India,P: Private non-financial sector,A: All sectors,B: Credit-to-GDP trend (HP filter),2007-Q2,81.8879,E: End of period,1: One,770: Percentage of GDP,0: Units,,,A: Normal value,F: Free,
dataflow,BIS:WS_CREDIT_GAP(1.0): Credit-to-GDP gaps,I,Q: Quarterly,IN: India,P: Private non-financial sector,A: All sectors,B: Credit-to-GDP trend (HP filter),2007-Q3,83.4583,E: End of period,1: One,770: Percentage of GDP,0: Units,,,A: Normal value,F: Free,
dataflow,BIS:WS_CREDIT_GAP(1.0): Credit-to-GDP gaps,I,Q: Quarterly,IN: India,P: Private non-financial sector,A: All sectors,B: Credit-to-GDP trend (HP filter),2007-Q4,85.0304,E: End of period,1: One,770: Percentage of GDP,0: Units,,,A: Normal value,F: Free,
dataflow,BIS:WS_CREDIT_GAP(1.0): Credit-to-GDP gaps,I,Q: Quarterly,IN: India,P: Private non-financial sector,A: All sectors,B: Credit-to-GDP trend (HP filter),2008-Q1,86.9121,E: End of period,1: One,770: Percentage of GDP,0: Units,,,A: Normal value,F: Free,
dataflow,BIS:WS_CREDIT_GAP(1.0): Credit-to-GDP gaps,I,Q: Quarterly,IN: India,P: Private non-financial sector,A: All sectors,B: Credit-to-GDP trend (HP filter),2008-Q2,88.585,E: End of period,1: One,770: Percentage of GDP,0: Units,,,A: Normal value,F: Free,
dataflow,BIS:WS_CREDIT_GAP(1.0): Credit-to-GDP gaps,I,Q: Quarterly,IN: India,P: Private non-financial sector,A: All sectors,B: Credit-to-GDP trend (HP filter),2008-Q3,90.3145,E: End of period,1: One,770: Percentage of GDP,0: Units,,,A: Normal value,F: Free,
dataflow,BIS:WS_CREDIT_GAP(1.0): Credit-to-GDP gaps,I,Q: Quarterly,IN: India,P: Private non-financial sector,A: All sectors,B: Credit-to-GDP trend (HP filter),2008-Q4,92.0149,E: End of period,1: One,770: Percentage of GDP,0: Units,,,A: Normal value,F: Free,
dataflow,BIS:WS_CREDIT_GAP(1.0): Credit-to-GDP gaps,I,Q: Quarterly,IN: India,P: Private non-financial sector,A: All sectors,B: Credit-to-GDP trend (HP filter),2009-Q1,93.8679,E: End of period,1: One,770: Percentage of GDP,0: Units,,,A: Normal value,F: Free,
dataflow,BIS:WS_CREDIT_GAP(1.0): Credit-to-GDP gaps,I,Q: Quarterly,IN: India,P: Private non-financial sector,A: All sectors,B: Credit-to-GDP trend (HP filter),2009-Q2,95.4654,E: End of period,1: One,770: Percentage of GDP,0: Units,,,A: Normal value,F: Free,
dataflow,BIS:WS_CREDIT_GAP(1.0): Credit-to-GDP gaps,I,Q: Quarterly,IN: India,P: Private non-financial sector,A: All sectors,B: Credit-to-GDP trend (HP filter),2009-Q3,97.0847,E: End of period,1: One,770: Percentage of GDP,0: Units,,,A: Normal value,F: Free,
dataflow,BIS:WS_CREDIT_GAP(1.0): Credit-to-GDP gaps,I,Q: Quarterly,IN: India,P: Private non-financial sector,A: All sectors,B: Credit-to-GDP trend (HP filter),2009-Q4,98.531,E: End of period,1: One,770: Percentage of GDP,0: Units,,,A: Normal value,F: Free,
dataflow,BIS:WS_CREDIT_GAP(1.0): Credit-to-GDP gaps,I,Q: Quarterly,IN: India,P: Private non-financial sector,A: All sectors,B: Credit-to-GDP trend (HP filter),2010-Q1,100.1128,E: End of period,1: One,770: Percentage of GDP,0: Units,,,A: Normal value,F: Free,
dataflow,BIS:WS_CREDIT_GAP(1.0): Credit-to-GDP gaps,I,Q: Quarterly,IN: India,P: Private non-financial sector,A: All sectors,B: Credit-to-GDP trend (HP filter),2010-Q2,101.5101,E: End of period,1: One,770: Percentage of GDP,0: Units,,,A: Normal value,F: Free,
dataflow,BIS:WS_CREDIT_GAP(1.0): Credit-to-GDP gaps,I,Q: Quarterly,IN: India,P: Private non-financial sector,A: All sectors,B: Credit-to-GDP trend (HP filter),2010-Q3,102.8084,E: End of period,1: One,770: Percentage of GDP,0: Units,,,A: Normal value,F: Free,
dataflow,BIS:WS_CREDIT_GAP(1.0): Credit-to-GDP gaps,I,Q: Quarterly,IN: India,P: Private non-financial sector,A: All sectors,B: Credit-to-GDP trend (HP filter),2010-Q4,104.2979,E: End of period,1: One,770: Percentage of GDP,0: Units,,,A: Normal value,F: Free,
dataflow,BIS:WS_CREDIT_GAP(1.0): Credit-to-GDP gaps,I,Q: Quarterly,IN: India,P: Private non-financial sector,A: All sectors,B: Credit-to-GDP trend (HP filter),2011-Q1,105.6984,E: End of period,1: One,770: Percentage of GDP,0: Units,,,A: Normal value,F: Free,
dataflow,BIS:WS_CREDIT_GAP(1.0): Credit-to-GDP gaps,I,Q: Quarterly,IN: India,P: Private non-financial sector,A: All sectors,B: Credit-to-GDP trend (HP filter),2011-Q2,106.9093,E: End of period,1: One,770: Percentage of GDP,0: Units,,,A: Normal value,F: Free,
dataflow,BIS:WS_CREDIT_GAP(1.0): Credit-to-GDP gaps,I,Q: Quarterly,IN: India,P: Private non-financial sector,A: All sectors,B: Credit-to-GDP trend (HP filter),2011-Q3,108.0133,E: End of period,1: One,770: Percentage of GDP,0: Units,,,A: Normal value,F: Free,
dataflow,BIS:WS_CREDIT_GAP(1.0): Credit-to-GDP gaps,I,Q: Quarterly,IN: India,P: Private non-financial sector,A: All sectors,B: Credit-to-GDP trend (HP filter),2011-Q4,109.2291,E: End of period,1: One,770: Percentage of GDP,0: Units,,,A: Normal value,F: Free,
dataflow,BIS:WS_CREDIT_GAP(1.0): Credit-to-GDP gaps,I,Q: Quarterly,IN: India,P: Private non-financial sector,A: All sectors,B: Credit-to-GDP trend (HP filter),2012-Q1,110.3846,E: End of period,1: One,770: Percentage of GDP,0: Units,,,A: Normal value,F: Free,
dataflow,BIS:WS_CREDIT_GAP(1.0): Credit-to-GDP gaps,I,Q: Quarterly,IN: India,P: Private non-financial sector,A: All sectors,B: Credit-to-GDP trend (HP filter),2012-Q2,111.3252,E: End of period,1: One,770: Percentage of GDP,0: Units,,,A: Normal value,F: Free,
dataflow,BIS:WS_CREDIT_GAP(1.0): Credit-to-GDP gaps,I,Q: Quarterly,IN: India,P: Private non-financial sector,A: All sectors,B: Credit-to-GDP trend (HP filter),2012-Q3,112.2993,E: End of period,1: One,770: Percentage of GDP,0: Units,,,A: Normal value,F: Free,
dataflow,BIS:WS_CREDIT_GAP(1.0): Credit-to-GDP gaps,I,Q: Quarterly,IN: India,P: Private non-financial sector,A: All sectors,B: Credit-to-GDP trend (HP filter),2012-Q4,113.3236,E: End of period,1: One,770: Percentage of GDP,0: Units,,,A: Normal value,F: Free,
dataflow,BIS:WS_CREDIT_GAP(1.0): Credit-to-GDP gaps,I,Q: Quarterly,IN: India,P: Private non-financial sector,A: All sectors,B: Credit-to-GDP trend (HP filter),2013-Q1,114.1164,E: End of period,1: One,770: Percentage of GDP,0: Units,,,A: Normal value,F: Free,
dataflow,BIS:WS_CREDIT_GAP(1.0): Credit-to-GDP gaps,I,Q: Quarterly,IN: India,P: Private non-financial sector,A: All sectors,B: Credit-to-GDP trend (HP filter),2013-Q2,114.7419,E: End of period,1: One,770: Percentage of GDP,0: Units,,,A: Normal value,F: Free,
dataflow,BIS:WS_CREDIT_GAP(1.0): Credit-to-GDP gaps,I,Q: Quarterly,IN: India,P: Private non-financial sector,A: All sectors,B: Credit-to-GDP trend (HP filter),2013-Q3,115.1833,E: End of period,1: One,770: Percentage of GDP,0: Units,,,A: Normal value,F: Free,
dataflow,BIS:WS_CREDIT_GAP(1.0): Credit-to-GDP gaps,I,Q: Quarterly,IN: India,P: Private non-financial sector,A: All sectors,B: Credit-to-GDP trend (HP filter),2013-Q4,115.4788,E: End of period,1: One,770: Percentage of GDP,0: Units,,,A: Normal value,F: Free,
dataflow,BIS:WS_CREDIT_GAP(1.0): Credit-to-GDP gaps,I,Q: Quarterly,IN: India,P: Private non-financial sector,A: All sectors,B: Credit-to-GDP trend (HP filter),2014-Q1,115.75,E: End of period,1: One,770: Percentage of GDP,0: Units,,,A: Normal value,F: Free,
dataflow,BIS:WS_CREDIT_GAP(1.0): Credit-to-GDP gaps,I,Q: Quarterly,IN: India,P: Private non-financial sector,A: All sectors,B: Credit-to-GDP trend (HP filter),2014-Q2,115.9287,E: End of period,1: One,770: Percentage of GDP,0: Units,,,A: Normal value,F: Free,
dataflow,BIS:WS_CREDIT_GAP(1.0): Credit-to-GDP gaps,I,Q: Quarterly,IN: India,P: Private non-financial sector,A: All sectors,B: Credit-to-GDP trend (HP filter),2014-Q3,116.1482,E: End of period,1: One,770: Percentage of GDP,0: Units,,,A: Normal value,F: Free,
dataflow,BIS:WS_CREDIT_GAP(1.0): Credit-to-GDP gaps,I,Q: Quarterly,IN: India,P: Private non-financial sector,A: All sectors,B: Credit-to-GDP trend (HP filter),2014-Q4,116.4518,E: End of period,1: One,770: Percentage of GDP,0: Units,,,A: Normal value,F: Free,
dataflow,BIS:WS_CREDIT_GAP(1.0): Credit-to-GDP gaps,I,Q: Quarterly,IN: India,P: Private non-financial sector,A: All sectors,B: Credit-to-GDP trend (HP filter),2015-Q1,116.6354,E: End of period,1: One,770: Percentage of GDP,0: Units,,,A: Normal value,F: Free,
dataflow,BIS:WS_CREDIT_GAP(1.0): Credit-to-GDP gaps,I,Q: Quarterly,IN: India,P: Private non-financial sector,A: All sectors,B: Credit-to-GDP trend (HP filter),2015-Q2,116.6485,E: End of period,1: One,770: Percentage of GDP,0: Units,,,A: Normal value,F: Free,
dataflow,BIS:WS_CREDIT_GAP(1.0): Credit-to-GDP gaps,I,Q: Quarterly,IN: India,P: Private non-financial sector,A: All sectors,B: Credit-to-GDP trend (HP filter),2015-Q3,116.6826,E: End of period,1: One,770: Percentage of GDP,0: Units,,,A: Normal value,F: Free,
dataflow,BIS:WS_CREDIT_GAP(1.0): Credit-to-GDP gaps,I,Q: Quarterly,IN: India,P: Private non-financial sector,A: All sectors,B: Credit-to-GDP trend (HP filter),2015-Q4,116.6957,E: End of period,1: One,770: Percentage of GDP,0: Units,,,A: Normal value,F: Free,
dataflow,BIS:WS_CREDIT_GAP(1.0): Credit-to-GDP gaps,I,Q: Quarterly,IN: India,P: Private non-financial sector,A: All sectors,B: Credit-to-GDP trend (HP filter),2016-Q1,116.4501,E: End of period,1: One,770: Percentage of GDP,0: Units,,,A: Normal value,F: Free,
dataflow,BIS:WS_CREDIT_GAP(1.0): Credit-to-GDP gaps,I,Q: Quarterly,IN: India,P: Private non-financial sector,A: All sectors,B: Credit-to-GDP trend (HP filter),2016-Q2,116.1301,E: End of period,1: One,770: Percentage of GDP,0: Units,,,A: Normal value,F: Free,
dataflow,BIS:WS_CREDIT_GAP(1.0): Credit-to-GDP gaps,I,Q: Quarterly,IN: India,P: Private non-financial sector,A: All sectors,B: Credit-to-GDP trend (HP filter),2016-Q3,115.476,E: End of period,1: One,770: Percentage of GDP,0: Units,,,A: Normal value,F: Free,
dataflow,BIS:WS_CREDIT_GAP(1.0): Credit-to-GDP gaps,I,Q: Quarterly,IN: India,P: Private non-financial sector,A: All sectors,B: Credit-to-GDP trend (HP filter),2016-Q4,114.9092,E: End of period,1: One,770: Percentage of GDP,0: Units,,,A: Normal value,F: Free,
dataflow,BIS:WS_CREDIT_GAP(1.0): Credit-to-GDP gaps,I,Q: Quarterly,IN: India,P: Private non-financial sector,A: All sectors,B: Credit-to-GDP trend (HP filter),2017-Q1,114.3074,E: End of period,1: One,770: Percentage of GDP,0: Units,,,A: Normal value,F: Free,
dataflow,BIS:WS_CREDIT_GAP(1.0): Credit-to-GDP gaps,I,Q: Quarterly,IN: India,P: Private non-financial sector,A: All sectors,B: Credit-to-GDP trend (HP filter),2017-Q2,114.0022,E: End of period,1: One,770: Percentage of GDP,0: Units,,,A: Normal value,F: Free,
dataflow,BIS:WS_CREDIT_GAP(1.0): Credit-to-GDP gaps,I,Q: Quarterly,IN: India,P: Private non-financial sector,A: All sectors,B: Credit-to-GDP trend (HP filter),2017-Q3,113.8163,E: End of period,1: One,770: Percentage of GDP,0: Units,,,A: Normal value,F: Free,
dataflow,BIS:WS_CREDIT_GAP(1.0): Credit-to-GDP gaps,I,Q: Quarterly,IN: India,P: Private non-financial sector,A: All sectors,B: Credit-to-GDP trend (HP filter),2017-Q4,113.9781,E: End of period,1: One,770: Percentage of GDP,0: Units,,,A: Normal value,F: Free,
dataflow,BIS:WS_CREDIT_GAP(1.0): Credit-to-GDP gaps,I,Q: Quarterly,IN: India,P: Private non-financial sector,A: All sectors,B: Credit-to-GDP trend (HP filter),2018-Q1,113.8661,E: End of period,1: One,770: Percentage of GDP,0: Units,,,A: Normal value,F: Free,
dataflow,BIS:WS_CREDIT_GAP(1.0): Credit-to-GDP gaps,I,Q: Quarterly,IN: India,P: Private non-financial sector,A: All sectors,B: Credit-to-GDP trend (HP filter),2018-Q2,113.6579,E: End of period,1: One,770: Percentage of GDP,0: Units,,,A: Normal value,F: Free,
dataflow,BIS:WS_CREDIT_GAP(1.0): Credit-to-GDP gaps,I,Q: Quarterly,IN: India,P: Private non-financial sector,A: All sectors,B: Credit-to-GDP trend (HP filter),2018-Q3,113.3361,E: End of period,1: One,770: Percentage of GDP,0: Units,,,A: Normal value,F: Free,
dataflow,BIS:WS_CREDIT_GAP(1.0): Credit-to-GDP gaps,I,Q: Quarterly,IN: India,P: Private non-financial sector,A: All sectors,B: Credit-to-GDP trend (HP filter),2018-Q4,113.0042,E: End of period,1: One,770: Percentage of GDP,0: Units,,,A: Normal value,F: Free,
dataflow,BIS:WS_CREDIT_GAP(1.0): Credit-to-GDP gaps,I,Q: Quarterly,IN: India,P: Private non-financial sector,A: All sectors,B: Credit-to-GDP trend (HP filter),2019-Q1,112.4785,E: End of period,1: One,770: Percentage of GDP,0: Units,,,A: Normal value,F: Free,
dataflow,BIS:WS_CREDIT_GAP(1.0): Credit-to-GDP gaps,I,Q: Quarterly,IN: India,P: Private non-financial sector,A: All sectors,B: Credit-to-GDP trend (HP filter),2019-Q2,111.8346,E: End of period,1: One,770: Percentage of GDP,0: Units,,,A: Normal value,F: Free,
dataflow,BIS:WS_CREDIT_GAP(1.0): Credit-to-GDP gaps,I,Q: Quarterly,IN: India,P: Private non-financial sector,A: All sectors,B: Credit-to-GDP trend (HP filter),2019-Q3,111.154,E: End of period,1: One,770: Percentage of GDP,0: Units,,,A: Normal value,F: Free,
dataflow,BIS:WS_CREDIT_GAP(1.0): Credit-to-GDP gaps,I,Q: Quarterly,IN: India,P: Private non-financial sector,A: All sectors,B: Credit-to-GDP trend (HP filter),2019-Q4,110.538,E: End of period,1: One,770: Percentage of GDP,0: Units,,,A: Normal value,F: Free,
dataflow,BIS:WS_CREDIT_GAP(1.0): Credit-to-GDP gaps,I,Q: Quarterly,IN: India,P: Private non-financial sector,A: All sectors,B: Credit-to-GDP trend (HP filter),2020-Q1,109.8081,E: End of period,1: One,770: Percentage of GDP,0: Units,,,A: Normal value,F: Free,
dataflow,BIS:WS_CREDIT_GAP(1.0): Credit-to-GDP gaps,I,Q: Quarterly,IN: India,P: Private non-financial sector,A: All sectors,B: Credit-to-GDP trend (HP filter),2020-Q2,109.4055,E: End of period,1: One,770: Percentage of GDP,0: Units,,,A: Normal value,F: Free,
dataflow,BIS:WS_CREDIT_GAP(1.0): Credit-to-GDP gaps,I,Q: Quarterly,IN: India,P: Private non-financial sector,A: All sectors,B: Credit-to-GDP trend (HP filter),2020-Q3,109.1812,E: End of period,1: One,770: Percentage of GDP,0: Units,,,A: Normal value,F: Free,
dataflow,BIS:WS_CREDIT_GAP(1.0): Credit-to-GDP gaps,I,Q: Quarterly,IN: India,P: Private non-financial sector,A: All sectors,B: Credit-to-GDP trend (HP filter),2020-Q4,109.0997,E: End of period,1: One,770: Percentage of GDP,0: Units,,,A: Normal value,F: Free,
dataflow,BIS:WS_CREDIT_GAP(1.0): Credit-to-GDP gaps,I,Q: Quarterly,IN: India,P: Private non-financial sector,A: All sectors,B: Credit-to-GDP trend (HP filter),2021-Q1,108.8501,E: End of period,1: One,770: Percentage of GDP,0: Units,,,A: Normal value,F: Free,
dataflow,BIS:WS_CREDIT_GAP(1.0): Credit-to-GDP gaps,I,Q: Quarterly,IN: India,P: Private non-financial sector,A: All sectors,B: Credit-to-GDP trend (HP filter),2021-Q2,108.3556,E: End of period,1: One,770: Percentage of GDP,0: Units,,,A: Normal value,F: Free,
dataflow,BIS:WS_CREDIT_GAP(1.0): Credit-to-GDP gaps,I,Q: Quarterly,IN: India,P: Private non-financial sector,A: All sectors,B: Credit-to-GDP trend (HP filter),2021-Q3,107.7593,E: End of period,1: One,770: Percentage of GDP,0: Units,,,A: Normal value,F: Free,
dataflow,BIS:WS_CREDIT_GAP(1.0): Credit-to-GDP gaps,I,Q: Quarterly,IN: India,P: Private non-financial sector,A: All sectors,B: Credit-to-GDP trend (HP filter),2021-Q4,107.331,E: End of period,1: One,770: Percentage of GDP,0: Units,,,A: Normal value,F: Free,
dataflow,BIS:WS_CREDIT_GAP(1.0): Credit-to-GDP gaps,I,Q: Quarterly,IN: India,P: Private non-financial sector,A: All sectors,B: Credit-to-GDP trend (HP filter),2022-Q1,106.8457,E: End of period,1: One,770: Percentage of GDP,0: Units,,,A: Normal value,F: Free,
dataflow,BIS:WS_CREDIT_GAP(1.0): Credit-to-GDP gaps,I,Q: Quarterly,IN: India,P: Private non-financial sector,A: All sectors,B: Credit-to-GDP trend (HP filter),2022-Q2,106.249,E: End of period,1: One,770: Percentage of GDP,0: Units,,,A: Normal value,F: Free,
dataflow,BIS:WS_CREDIT_GAP(1.0): Credit-to-GDP gaps,I,Q: Quarterly,IN: India,P: Private non-financial sector,A: All sectors,B: Credit-to-GDP trend (HP filter),2022-Q3,105.7023,E: End of period,1: One,770: Percentage of GDP,0: Units,,,A: Normal value,F: Free,
dataflow,BIS:WS_CREDIT_GAP(1.0): Credit-to-GDP gaps,I,Q: Quarterly,IN: India,P: Private non-financial sector,A: All sectors,B: Credit-to-GDP trend (HP filter),2022-Q4,105.0976,E: End of period,1: One,770: Percentage of GDP,0: Units,,,A: Normal value,F: Free,
dataflow,BIS:WS_CREDIT_GAP(1.0): Credit-to-GDP gaps,I,Q: Quarterly,IN: India,P: Private non-financial sector,A: All sectors,B: Credit-to-GDP trend (HP filter),2023-Q1,104.5429,E: End of period,1: One,770: Percentage of GDP,0: Units,,,A: Normal value,F: Free,
dataflow,BIS:WS_CREDIT_GAP(1.0): Credit-to-GDP gaps,I,Q: Quarterly,IN: India,P: Private non-financial sector,A: All sectors,B: Credit-to-GDP trend (HP filter),2023-Q2,103.9101,E: End of period,1: One,770: Percentage of GDP,0: Units,,,A: Normal value,F: Free,
dataflow,BIS:WS_CREDIT_GAP(1.0): Credit-to-GDP gaps,I,Q: Quarterly,IN: India,P: Private non-financial sector,A: All sectors,B: Credit-to-GDP trend (HP filter),2023-Q3,103.395,E: End of period,1: One,770: Percentage of GDP,0: Units,,,A: Normal value,F: Free,
dataflow,BIS:WS_CREDIT_GAP(1.0): Credit-to-GDP gaps,I,Q: Quarterly,IN: India,P: Private non-financial sector,A: All sectors,B: Credit-to-GDP trend (HP filter),2023-Q4,102.9112,E: End of period,1: One,770: Percentage of GDP,0: Units,,,A: Normal value,F: Free,
dataflow,BIS:WS_CREDIT_GAP(1.0): Credit-to-GDP gaps,I,Q: Quarterly,IN: India,P: Private non-financial sector,A: All sectors,B: Credit-to-GDP trend (HP filter),2024-Q1,102.4721,E: End of period,1: One,770: Percentage of GDP,0: Units,,,A: Normal value,F: Free,
dataflow,BIS:WS_CREDIT_GAP(1.0): Credit-to-GDP gaps,I,Q: Quarterly,IN: India,P: Private non-financial sector,A: All sectors,B: Credit-to-GDP trend (HP filter),2024-Q2,102.053,E: End of period,1: One,770: Percentage of GDP,0: Units,,,A: Normal value,F: Free,
dataflow,BIS:WS_CREDIT_GAP(1.0): Credit-to-GDP gaps,I,Q: Quarterly,IN: India,P: Private non-financial sector,A: All sectors,B: Credit-to-GDP trend (HP filter),2024-Q3,101.6126,E: End of period,1: One,770: Percentage of GDP,0: Units,,,A: Normal value,F: Free,
dataflow,BIS:WS_CREDIT_GAP(1.0): Credit-to-GDP gaps,I,Q: Quarterly,IN: India,P: Private non-financial sector,A: All sectors,B: Credit-to-GDP trend (HP filter),2024-Q4,101.2616,E: End of period,1: One,770: Percentage of GDP,0: Units,,,A: Normal value,F: Free,
dataflow,BIS:WS_CREDIT_GAP(1.0): Credit-to-GDP gaps,I,Q: Quarterly,IN: India,P: Private non-financial sector,A: All sectors,B: Credit-to-GDP trend (HP filter),2025-Q1,100.9577,E: End of period,1: One,770: Percentage of GDP,0: Units,,,A: Normal value,F: Free,
dataflow,BIS:WS_CREDIT_GAP(1.0): Credit-to-GDP gaps,I,Q: Quarterly,IN: India,P: Private non-financial sector,A: All sectors,B: Credit-to-GDP trend (HP filter),2025-Q2,100.7361,E: End of period,1: One,770: Percentage of GDP,0: Units,,,A: Normal value,F: Free,
dataflow,BIS:WS_CREDIT_GAP(1.0): Credit-to-GDP gaps,I,Q: Quarterly,IN: India,P: Private non-financial sector,A: All sectors,B: Credit-to-GDP trend (HP filter),2025-Q3,100.5254,E: End of period,1: One,770: Percentage of GDP,0: Units,,,A: Normal value,F: Free,
dataflow,BIS:WS_CREDIT_GAP(1.0): Credit-to-GDP gaps,I,Q: Quarterly,IN: India,P: Private non-financial sector,A: All sectors,B: Credit-to-GDP trend (HP filter),2025-Q4,100.5903,E: End of period,1: One,770: Percentage of GDP,0: Units,,,A: Normal value,F: Free,
